SnapshotAsOfET,DataBarDate,SnapshotSchemaVersion,ScanSession,ScanAfterOpen,SnapshotTimingSource,Ticker,SignalEngineVersion,TradePlanVersion,PlanMeasurementVersion,ConfigHash,UniverseVersion,CandidateLeg,SelectedLeg,LegScoreRaw,LegAnchor,LegAnchorPrice,VetoReason,OrderType,PlanSelectedLeg,PlanAnchor,PlanAnchorPrice,TriggerPrice,PlanEntryLow,PlanEntryHigh,PlanStopLoss,PlanValidDays,PlanTimeExitDays,PlanStopType,PlanExitRule,PlanEarliestEntryDate,PlanReason,PriorityPreTheme,PriorityPostTheme,ThemeScore,CrossedThresholdDueToTheme,EnteredTop10DueToTheme,PreGapPct,PreGapStatus,MarketBias,VixLevel,SpyGapPct,QqqGapPct,BreadthPct,SmallCapWeak,V13MeasurementVersion,V13MeasurementStatus,V13Filled,V13FillDate,V13FillPrice,V13ExitDate,V13ExitPrice,V13ExitReason,V13Ambiguous,V13RLower,V13RUpper,V13MarkR,V13MFER,V13MAER,D20TotalReturnPct,D40TotalReturnPct,D60TotalReturnPct,V13DividendsPerInitialShare,V13EndingSplitFactor,V13BarsObserved,V13EntryWindowComplete,V13EntryWindowEndDate,V13LifecycleEndDate,V13MeasurementReason
2026-07-27T09:01:46.597631-04:00,2026-07-23,v1.3.1,premarket,0.0,xnys,SHOP,v1.2.0,v1.3.1-shadow,v1.3.1-shadow,c62717051b17ab85,ndx-99-78834e47b659,consolidation_dip,consolidation_dip,10.0,ma60,113.63,,buy_stop_reclaim,consolidation_dip,ma60,113.63,113.63,113.63,116.65,104.56,5.0,40.0,intraday,initial_stop_or_d40_close,2026-07-27,price_below_ma60_wait_for_reclaim,12.0,15.0,3.0,0.0,0.0,4.83,available,bull,17.729999542236328,0.98,0.31,0.3434,0.0,v1.3.1-shadow,open,1,2026-07-27,118.195,,,,0,,,0.7558,2.9831,-0.2145,18.06,,,0.0,1.0,39,1,2026-07-31,,
2026-07-27T09:01:46.597631-04:00,2026-07-24,v1.3.1,premarket,0.0,xnys,WDAY,v1.2.0,v1.3.1-shadow,v1.3.1-shadow,c62717051b17ab85,ndx-99-78834e47b659,consolidation_dip,consolidation_dip,10.0,ma60,131.44,,buy_limit_zone,consolidation_dip,ma60,131.44,135.42,131.44,135.42,119.49,5.0,40.0,intraday,initial_stop_or_d40_close,2026-07-27,pullback_limit_inside_ma60_zone,11.0,14.0,3.0,0.0,0.0,9.52,available,bull,17.729999542236328,0.98,0.31,0.3434,0.0,v1.3.1-shadow,unfilled,0,,,,,,0,,,,,,34.98,,,0.0,1.0,39,1,2026-07-31,2026-07-31,entry_not_reached
2026-07-27T09:01:46.597631-04:00,2026-07-24,v1.3.1,premarket,0.0,xnys,ABNB,v1.2.0,v1.3.1-shadow,v1.3.1-shadow,c62717051b17ab85,ndx-99-78834e47b659,consolidation_dip,consolidation_dip,10.0,ma60,139.39,,buy_limit_zone,consolidation_dip,ma60,139.39,141.49,139.39,141.49,133.09,5.0,40.0,intraday,initial_stop_or_d40_close,2026-07-27,pullback_limit_inside_ma60_zone,11.0,14.0,3.0,0.0,0.0,3.95,available,bull,17.729999542236328,0.98,0.31,0.3434,0.0,v1.3.1-shadow,unfilled,0,,,,,,0,,,,,,29.52,,,0.0,1.0,39,1,2026-07-31,2026-07-31,entry_not_reached
2026-07-27T09:01:46.597631-04:00,2026-07-23,v1.3.1,premarket,0.0,xnys,BKNG,v1.2.0,v1.3.1-shadow,v1.3.1-shadow,c62717051b17ab85,ndx-99-78834e47b659,consolidation_dip,consolidation_dip,10.0,ma60,170.0,,buy_limit_zone,consolidation_dip,ma60,170.0,172.96,170.0,172.96,161.11,5.0,40.0,intraday,initial_stop_or_d40_close,2026-07-27,pullback_limit_inside_ma60_zone,11.0,14.0,3.0,0.0,0.0,4.39,available,bull,17.729999542236328,0.98,0.31,0.3434,0.0,v1.3.1-shadow,unfilled,0,,,,,,0,,,,,,14.22,,,0.0,1.0,39,1,2026-07-31,2026-07-31,entry_not_reached
2026-07-27T09:01:46.597631-04:00,2026-07-24,v1.3.1,premarket,0.0,xnys,KDP,v1.2.0,v1.3.1-shadow,v1.3.1-shadow,c62717051b17ab85,ndx-99-78834e47b659,consolidation_dip,consolidation_dip,10.0,ma60,30.32,,buy_stop_reclaim,consolidation_dip,ma60,30.32,30.32,30.32,30.76,29.01,5.0,40.0,intraday,initial_stop_or_d40_close,2026-07-27,price_below_ma60_wait_for_reclaim,10.0,13.0,3.0,0.0,0.0,0.78,available,bull,17.729999542236328,0.98,0.31,0.3434,0.0,v1.3.1-shadow,completed,1,2026-07-28,30.83,2026-08-10,29.01,initial_stop,0,-1.0,-1.0,,1.2692,-1.0714,7.93,,,0.0,1.0,39,1,2026-07-31,2026-08-10,
2026-07-27T09:01:46.597631-04:00,2026-07-24,v1.3.1,premarket,0.0,xnys,XEL,v1.2.0,v1.3.1-shadow,v1.3.1-shadow,c62717051b17ab85,ndx-99-78834e47b659,consolidation_dip,consolidation_dip,10.0,ma60,79.43,,buy_limit_zone,consolidation_dip,ma60,79.43,80.66,79.43,80.66,75.75,5.0,40.0,intraday,initial_stop_or_d40_close,2026-07-27,pullback_limit_inside_ma60_zone,10.0,13.0,3.0,0.0,0.0,1.58,available,bull,17.729999542236328,0.98,0.31,0.3434,0.0,v1.3.1-shadow,completed,1,2026-07-27,80.66,2026-08-31,75.61,gap_through_stop,0,-1.0285,-1.0285,,0.389,-1.1405,-4.19,,,0.0,1.0,39,1,2026-07-31,2026-08-31,
2026-07-27T09:01:46.597631-04:00,2026-07-24,v1.3.1,premarket,0.0,xnys,INSM,v1.2.0,v1.3.1-shadow,v1.3.1-shadow,c62717051b17ab85,ndx-99-78834e47b659,consolidation_dip,consolidation_dip,10.0,ma60,108.95,,buy_stop_reclaim,consolidation_dip,ma60,108.95,108.95,108.95,110.98,102.87,5.0,40.0,intraday,initial_stop_or_d40_close,2026-07-27,price_below_ma60_wait_for_reclaim,13.0,13.0,0.0,0.0,0.0,-0.28,available,bull,17.729999542236328,0.98,0.31,0.3434,0.0,v1.3.1-shadow,unfilled,0,,,,,,0,,,,,,18.38,,,0.0,1.0,39,1,2026-07-31,2026-07-31,entry_not_reached
2026-07-27T09:01:46.597631-04:00,2026-07-24,v1.3.1,premarket,0.0,xnys,WDC,v1.2.0,v1.3.1-shadow,v1.3.1-shadow,c62717051b17ab85,ndx-99-78834e47b659,consolidation_dip,consolidation_dip,10.0,ma60,542.63,,buy_stop_reclaim,consolidation_dip,ma60,542.63,542.63,542.63,567.53,467.92,5.0,40.0,intraday,initial_stop_or_d40_close,2026-07-27,price_below_ma60_wait_for_reclaim,12.0,12.0,0.0,0.0,0.0,-4.3,available,bull,17.729999542236328,0.98,0.31,0.3434,0.0,v1.3.1-shadow,completed,1,2026-07-30,542.63,2026-08-06,428.89,gap_through_stop,0,-1.5224,-1.5224,,0.5002,-1.809,-12.56,,,0.0,1.0,39,1,2026-07-31,2026-08-06,
2026-07-27T09:01:46.597631-04:00,2026-07-24,v1.3.1,premarket,0.0,xnys,DXCM,v1.2.0,v1.3.1-shadow,v1.3.1-shadow,c62717051b17ab85,ndx-99-78834e47b659,consolidation_dip,consolidation_dip,10.0,ma60,69.76,,buy_limit_zone,consolidation_dip,ma60,69.76,71.1,69.76,71.1,65.75,5.0,40.0,intraday,initial_stop_or_d40_close,2026-07-27,pullback_limit_inside_ma60_zone,11.0,11.0,0.0,0.0,0.0,1.87,available,bull,17.729999542236328,0.98,0.31,0.3434,0.0,v1.3.1-shadow,unfilled,0,,,,,,0,,,,,,24.11,,,0.0,1.0,39,1,2026-07-31,2026-07-31,entry_not_reached
2026-07-27T09:01:46.597631-04:00,2026-07-24,v1.3.1,premarket,0.0,xnys,ZS,v1.2.0,v1.3.1-shadow,v1.3.1-shadow,c62717051b17ab85,ndx-99-78834e47b659,consolidation_dip,consolidation_dip,10.0,ma60,143.22,,buy_stop_reclaim,consolidation_dip,ma60,143.22,143.22,143.22,146.98,131.94,5.0,40.0,intraday,initial_stop_or_d40_close,2026-07-27,price_below_ma60_wait_for_reclaim,11.0,11.0,0.0,0.0,0.0,4.08,available,bull,17.729999542236328,0.98,0.31,0.3434,0.0,v1.3.1-shadow,open,1,2026-07-27,145.9,,,,0,,,3.6827,3.8582,-0.2256,19.52,,,0.0,1.0,39,1,2026-07-31,,
2026-07-27T09:01:46.597631-04:00,2026-07-24,v1.3.1,premarket,0.0,xnys,DASH,v1.2.0,v1.3.1-shadow,v1.3.1-shadow,c62717051b17ab85,ndx-99-78834e47b659,healthy_pullback,healthy_pullback,5.0,ma60,170.25,,buy_limit_zone,healthy_pullback,ma60,170.25,174.29,170.25,174.29,158.12,3.0,40.0,intraday,initial_stop_or_d40_close,2026-07-27,pullback_limit_uses_ma60_anchor,7.0,10.0,3.0,0.0,0.0,3.86,available,bull,17.729999542236328,0.98,0.31,0.3434,0.0,v1.3.1-shadow,unfilled,0,,,,,,0,,,,,,24.24,,,0.0,1.0,39,1,2026-07-29,2026-07-29,entry_not_reached
2026-07-27T09:01:46.597631-04:00,2026-07-24,v1.3.1,premarket,0.0,xnys,TRI,v1.2.0,v1.3.1-shadow,v1.3.1-shadow,c62717051b17ab85,ndx-99-78834e47b659,consolidation_dip,consolidation_dip,10.0,ma60,86.78,,buy_limit_zone,consolidation_dip,ma60,86.78,88.96,86.78,88.96,80.23,5.0,40.0,intraday,initial_stop_or_d40_close,2026-07-27,pullback_limit_inside_ma60_zone,10.0,10.0,0.0,0.0,0.0,6.03,available,bull,17.729999542236328,0.98,0.31,0.3434,0.0,v1.3.1-shadow,unfilled,0,,,,,,0,,,,,,11.78,,,0.0,1.0,39,1,2026-07-31,2026-07-31,entry_not_reached
2026-07-27T09:01:46.597631-04:00,2026-07-24,v1.3.1,premarket,0.0,xnys,TTWO,v1.2.0,v1.3.1-shadow,v1.3.1-shadow,c62717051b17ab85,ndx-99-78834e47b659,consolidation_dip,consolidation_dip,10.0,ma60,231.29,,buy_limit_zone,consolidation_dip,ma60,231.29,234.53,231.29,234.53,221.56,5.0,40.0,intraday,initial_stop_or_d40_close,2026-07-27,pullback_limit_inside_ma60_zone,10.0,10.0,0.0,0.0,0.0,2.5,available,bull,17.729999542236328,0.98,0.31,0.3434,0.0,v1.3.1-shadow,unfilled,0,,,,,,0,,,,,,-4.28,,,0.0,1.0,39,1,2026-07-31,2026-07-31,entry_not_reached
2026-07-27T09:01:46.597631-04:00,2026-07-24,v1.3.1,premarket,0.0,xnys,LIN,v1.2.0,v1.3.1-shadow,v1.3.1-shadow,c62717051b17ab85,ndx-99-78834e47b659,consolidation_dip,consolidation_dip,10.0,ma60,512.02,,buy_limit_zone,consolidation_dip,ma60,512.02,517.58,512.02,517.58,495.34,5.0,40.0,intraday,initial_stop_or_d40_close,2026-07-27,pullback_limit_inside_ma60_zone,10.0,10.0,0.0,0.0,0.0,1.33,available,bull,17.729999542236328,0.98,0.31,0.3434,0.0,v1.3.1-shadow,completed,1,2026-07-27,513.33,2026-07-31,474.98,gap_through_stop,0,-2.1317,-2.1317,,0.4819,-2.582,-3.35,,,0.0,1.0,39,1,2026-07-31,2026-07-31,
2026-07-27T09:01:46.597631-04:00,2026-07-24,v1.3.1,premarket,0.0,xnys,ADSK,v1.2.0,v1.3.1-shadow,v1.3.1-shadow,c62717051b17ab85,ndx-99-78834e47b659,healthy_pullback,healthy_pullback,5.0,ma20,207.31,,buy_limit_zone,healthy_pullback,ma20,207.31,211.2,207.31,211.2,195.65,3.0,40.0,intraday,initial_stop_or_d40_close,2026-07-27,pullback_limit_uses_ma20_anchor,6.0,9.0,3.0,1.0,0.0,3.87,available,bull,17.729999542236328,0.98,0.31,0.3434,0.0,v1.3.1-shadow,unfilled,0,,,,,,0,,,,,,12.62,,,0.0,1.0,39,1,2026-07-29,2026-07-29,entry_not_reached
2026-07-27T09:01:46.597631-04:00,2026-07-24,v1.3.1,premarket,0.0,xnys,ORLY,v1.2.0,v1.3.1-shadow,v1.3.1-shadow,c62717051b17ab85,ndx-99-78834e47b659,healthy_pullback,healthy_pullback,5.0,ma20,87.13,,buy_limit_zone,healthy_pullback,ma20,87.13,88.58,87.13,88.58,82.77,3.0,40.0,intraday,initial_stop_or_d40_close,2026-07-27,pullback_limit_uses_ma20_anchor,6.0,9.0,3.0,1.0,0.0,1.8,available,bull,17.729999542236328,0.98,0.31,0.3434,0.0,v1.3.1-shadow,open,1,2026-07-27,88.25,,,,0,,,-0.646,1.0712,-0.8777,0.1,,,0.0,1.0,39,1,2026-07-29,,
2026-07-27T09:01:46.597631-04:00,2026-07-24,v1.3.1,premarket,0.0,xnys,AEP,v1.2.0,v1.3.1-shadow,v1.3.1-shadow,c62717051b17ab85,ndx-99-78834e47b659,healthy_pullback,healthy_pullback,5.0,ma20,134.96,,buy_limit_zone,healthy_pullback,ma20,134.96,136.99,134.96,136.99,128.86,3.0,40.0,intraday,initial_stop_or_d40_close,2026-07-27,pullback_limit_uses_ma20_anchor,6.0,9.0,3.0,1.0,0.0,1.39,available,bull,17.729999542236328,0.98,0.31,0.3434,0.0,v1.3.1-shadow,completed,1,2026-07-27,135.18,2026-07-30,128.72,gap_through_stop,0,-1.0222,-1.0222,,0.1282,-1.2437,-7.98,,,0.0,1.0,39,1,2026-07-29,2026-07-30,
2026-07-27T09:01:46.597631-04:00,2026-07-24,v1.3.1,premarket,0.0,xnys,ADBE,v1.2.0,v1.3.1-shadow,v1.3.1-shadow,c62717051b17ab85,ndx-99-78834e47b659,healthy_pullback,healthy_pullback,5.0,ma20,220.89,,buy_limit_zone,healthy_pullback,ma20,220.89,225.83,220.89,225.83,206.06,3.0,40.0,intraday,initial_stop_or_d40_close,2026-07-27,pullback_limit_uses_ma20_anchor,6.0,9.0,3.0,1.0,0.0,8.4,available,bull,17.729999542236328,0.98,0.31,0.3434,0.0,v1.3.1-shadow,unfilled,0,,,,,,0,,,,,,16.2,,,0.0,1.0,39,1,2026-07-29,2026-07-29,entry_not_reached
2026-07-27T09:01:46.597631-04:00,2026-07-24,v1.3.1,premarket,0.0,xnys,ISRG,v1.2.0,v1.3.1-shadow,v1.3.1-shadow,c62717051b17ab85,ndx-99-78834e47b659,oversold_bounce,oversold_bounce,7.0,previous_high,341.83,,buy_stop_reclaim,oversold_bounce,previous_high,341.83,343.48,343.48,347.6,312.8,5.0,40.0,intraday,initial_stop_or_d40_close,2026-07-27,oversold_requires_break_above_signal_bar_high,8.0,8.0,0.0,0.0,0.0,3.43,available,bull,17.729999542236328,0.98,0.31,0.3434,0.0,v1.3.1-shadow,open,1,2026-07-27,344.0,,,,0,,,1.5811,1.966,-0.0196,4.69,,,0.0,1.0,39,1,2026-07-31,,
2026-07-27T09:01:46.597631-04:00,2026-07-24,v1.3.1,premarket,0.0,xnys,GOOGL,v1.2.0,v1.3.1-shadow,v1.3.1-shadow,c62717051b17ab85,ndx-99-78834e47b659,oversold_bounce,oversold_bounce,7.0,previous_high,324.18,,buy_stop_reclaim,oversold_bounce,previous_high,324.18,325.3,325.3,328.11,302.87,5.0,40.0,intraday,initial_stop_or_d40_close,2026-07-27,oversold_requires_break_above_signal_bar_high,8.0,8.0,0.0,0.0,0.0,2.12,available,bull,17.729999542236328,0.98,0.31,0.3434,0.0,v1.3.1-shadow,open,1,2026-07-27,325.3,,,,0,,,1.0905,2.6384,-0.0383,6.58,,,0.22,1.0,39,1,2026-07-31,,
2026-07-27T09:01:46.597631-04:00,2026-07-24,v1.3.1,premarket,0.0,xnys,MDLZ,v1.2.0,v1.3.1-shadow,v1.3.1-shadow,c62717051b17ab85,ndx-99-78834e47b659,healthy_pullback,healthy_pullback,5.0,ma20,59.77,,buy_limit_zone,healthy_pullback,ma20,59.77,60.55,59.77,60.55,57.42,3.0,40.0,intraday,initial_stop_or_d40_close,2026-07-27,pullback_limit_uses_ma20_anchor,5.0,8.0,3.0,1.0,0.0,0.52,available,bull,17.729999542236328,0.98,0.31,0.3434,0.0,v1.3.1-shadow,open,1,2026-07-27,60.55,,,,0,,,0.0958,1.9489,-0.1534,6.64,,,0.0,1.0,39,1,2026-07-29,,
2026-07-27T09:01:46.597631-04:00,2026-07-24,v1.3.1,premarket,0.0,xnys,SBUX,v1.2.0,v1.3.1-shadow,v1.3.1-shadow,c62717051b17ab85,ndx-99-78834e47b659,healthy_pullback,healthy_pullback,5.0,ma60,102.91,,buy_limit_zone,healthy_pullback,ma60,102.91,104.28,102.91,104.28,98.79,3.0,40.0,intraday,initial_stop_or_d40_close,2026-07-27,pullback_limit_uses_ma60_anchor,5.0,8.0,3.0,1.0,0.0,0.67,available,bull,17.729999542236328,0.98,0.31,0.3434,0.0,v1.3.1-shadow,completed,1,2026-07-27,103.81,2026-09-10,98.79,initial_stop,0,-0.8765,-0.8765,,1.3347,-1.002,4.3,,,0.62,1.0,39,1,2026-07-29,2026-09-10,
2026-07-27T09:01:46.597631-04:00,2026-07-24,v1.3.1,premarket,0.0,xnys,CSCO,v1.2.0,v1.3.1-shadow,v1.3.1-shadow,c62717051b17ab85,ndx-99-78834e47b659,healthy_pullback,healthy_pullback,5.0,ma60,113.34,,buy_limit_zone,healthy_pullback,ma60,113.34,115.09,113.34,115.09,108.1,3.0,40.0,intraday,initial_stop_or_d40_close,2026-07-27,pullback_limit_uses_ma60_anchor,6.0,6.0,0.0,0.0,0.0,2.68,available,bull,17.729999542236328,0.98,0.31,0.3434,0.0,v1.3.1-shadow,completed,1,2026-07-27,115.09,2026-09-03,108.1,initial_stop,0,-1.0,-1.0,,1.3763,-1.0715,-3.79,,,0.0,1.0,39,1,2026-07-29,2026-09-03,
2026-07-27T09:01:46.597631-04:00,2026-07-24,v1.3.1,premarket,0.0,xnys,FAST,v1.2.0,v1.3.1-shadow,v1.3.1-shadow,c62717051b17ab85,ndx-99-78834e47b659,healthy_pullback,healthy_pullback,5.0,ma20,46.61,,buy_limit_zone,healthy_pullback,ma20,46.61,47.29,46.61,47.29,44.57,3.0,40.0,intraday,initial_stop_or_d40_close,2026-07-27,pullback_limit_uses_ma20_anchor,6.0,6.0,0.0,0.0,0.0,3.34,available,bull,17.729999542236328,0.98,0.31,0.3434,0.0,v1.3.1-shadow,open,1,2026-07-27,47.29,,,,0,,,0.7279,2.0699,-0.3456,8.19,,,0.26,1.0,39,1,2026-07-29,,
2026-07-27T09:01:46.597631-04:00,2026-07-24,v1.3.1,premarket,0.0,xnys,MAR,v1.2.0,v1.3.1-shadow,v1.3.1-shadow,c62717051b17ab85,ndx-99-78834e47b659,healthy_pullback,healthy_pullback,5.0,ma20,371.01,,buy_limit_zone,healthy_pullback,ma20,371.01,375.1,371.01,375.1,358.75,3.0,40.0,intraday,initial_stop_or_d40_close,2026-07-27,pullback_limit_uses_ma20_anchor,5.0,5.0,0.0,0.0,0.0,4.26,available,bull,17.729999542236328,0.98,0.31,0.3434,0.0,v1.3.1-shadow,completed,1,2026-07-28,375.1,2026-08-03,358.75,initial_stop,0,-1.0,-1.0,,0.5584,-1.8942,-5.78,,,0.0,1.0,39,1,2026-07-29,2026-08-03,
2026-07-28T09:01:51.019124-04:00,2026-07-27,v1.3.3,premarket,0.0,xnys,INSM,v1.2.1,v1.3.1-shadow,v1.3.1-shadow,8142e595d788ac06,ndx-99-78834e47b659,consolidation_dip,consolidation_dip,10.0,ma60,108.44,,buy_stop_reclaim,consolidation_dip,ma60,108.44,108.44,108.44,110.45,102.4,5.0,40.0,intraday,initial_stop_or_d40_close,2026-07-28,price_below_ma60_wait_for_reclaim,13.0,16.0,3.0,0.0,0.0,-0.22,available,neutral,18.600000381469727,0.09,-0.72,0.4848,0.0,v1.3.1-shadow,unfilled,0,,,,,,0,,,,,,18.98,,,0.0,1.0,38,1,2026-08-03,2026-08-03,entry_not_reached
2026-07-28T09:01:51.019124-04:00,2026-07-27,v1.3.3,premarket,0.0,xnys,META,v1.2.1,v1.3.1-shadow,v1.3.1-shadow,8142e595d788ac06,ndx-99-78834e47b659,consolidation_dip,consolidation_dip,10.0,ma60,605.96,,buy_stop_reclaim,consolidation_dip,ma60,605.96,605.96,605.96,619.6,565.05,5.0,40.0,intraday,initial_stop_or_d40_close,2026-07-28,price_below_ma60_wait_for_reclaim,12.0,15.0,3.0,0.0,0.0,0.94,available,neutral,18.600000381469727,0.09,-0.72,0.4848,0.0,v1.3.1-shadow,unfilled,0,,,,,,0,,,,,,-3.94,,,0.0,1.0,38,1,2026-08-03,2026-08-03,entry_not_reached
2026-07-28T09:01:51.019124-04:00,2026-07-27,v1.3.3,premarket,0.0,xnys,AEP,v1.2.1,v1.3.1-shadow,v1.3.1-shadow,8142e595d788ac06,ndx-99-78834e47b659,consolidation_dip,consolidation_dip,10.0,ma60,131.65,,buy_limit_zone,consolidation_dip,ma60,131.65,133.65,131.65,133.65,125.64,5.0,40.0,intraday,initial_stop_or_d40_close,2026-07-28,pullback_limit_inside_ma60_zone,11.0,14.0,3.0,0.0,0.0,0.01,available,neutral,18.600000381469727,0.09,-0.72,0.4848,0.0,v1.3.1-shadow,completed,1,2026-07-28,133.65,2026-08-05,125.64,initial_stop,0,-1.0,-1.0,,0.2921,-1.1423,-6.99,,,0.0,1.0,38,1,2026-08-03,2026-08-05,
2026-07-28T09:01:51.019124-04:00,2026-07-27,v1.3.3,premarket,0.0,xnys,XEL,v1.2.1,v1.3.1-shadow,v1.3.1-shadow,8142e595d788ac06,ndx-99-78834e47b659,consolidation_dip,consolidation_dip,10.0,ma60,79.47,,buy_limit_zone,consolidation_dip,ma60,79.47,80.29,79.47,80.29,77.02,5.0,40.0,intraday,initial_stop_or_d40_close,2026-07-28,pullback_limit_inside_ma60_zone,10.0,13.0,3.0,0.0,0.0,,stale_quote,neutral,18.600000381469727,0.09,-0.72,0.4848,0.0,v1.3.1-shadow,completed,1,2026-07-28,80.29,2026-08-03,77.02,initial_stop,0,-1.0,-1.0,,0.6972,-1.0306,-3.91,,,0.0,1.0,38,1,2026-08-03,2026-08-03,
2026-07-28T09:01:51.019124-04:00,2026-07-27,v1.3.3,premarket,0.0,xnys,PLTR,v1.2.1,v1.3.1-shadow,v1.3.1-shadow,8142e595d788ac06,ndx-99-78834e47b659,healthy_pullback,healthy_pullback,5.0,ma20,128.83,,buy_limit_zone,healthy_pullback,ma20,128.83,132.25,128.83,132.25,118.56,3.0,40.0,intraday,initial_stop_or_d40_close,2026-07-28,pullback_limit_uses_ma20_anchor,8.0,11.0,3.0,0.0,0.0,-3.36,available,neutral,18.600000381469727,0.09,-0.72,0.4848,0.0,v1.3.1-shadow,completed,1,2026-07-28,125.84,2026-07-28,118.56,initial_stop,0,-1.0,-1.0,,0.1854,-1.092,39.83,,,0.0,1.0,38,1,2026-07-30,2026-07-28,
2026-07-28T09:01:51.019124-04:00,2026-07-27,v1.3.3,premarket,0.0,xnys,CSCO,v1.2.1,v1.3.1-shadow,v1.3.1-shadow,8142e595d788ac06,ndx-99-78834e47b659,consolidation_dip,consolidation_dip,10.0,ma60,113.76,,buy_limit_zone,consolidation_dip,ma60,113.76,115.49,113.76,115.49,108.57,5.0,40.0,intraday,initial_stop_or_d40_close,2026-07-28,pullback_limit_inside_ma60_zone,11.0,11.0,0.0,0.0,0.0,-0.17,available,neutral,18.600000381469727,0.09,-0.72,0.4848,0.0,v1.3.1-shadow,completed,1,2026-07-28,114.13,2026-09-02,108.57,initial_stop,0,-1.0,-1.0,,1.9029,-1.0306,-3.87,,,0.0,1.0,38,1,2026-08-03,2026-09-02,
2026-07-28T09:01:51.019124-04:00,2026-07-27,v1.3.3,premarket,0.0,xnys,ZS,v1.2.1,v1.3.1-shadow,v1.3.1-shadow,8142e595d788ac06,ndx-99-78834e47b659,consolidation_dip,consolidation_dip,10.0,ma60,143.43,,buy_limit_zone,consolidation_dip,ma60,143.43,147.21,143.43,147.21,132.1,5.0,40.0,intraday,initial_stop_or_d40_close,2026-07-28,pullback_limit_inside_ma60_zone,11.0,11.0,0.0,0.0,0.0,1.49,available,neutral,18.600000381469727,0.09,-0.72,0.4848,0.0,v1.3.1-shadow,open,1,2026-07-28,147.1,,,,0,,,3.3473,3.5107,-0.29,11.07,,,0.0,1.0,38,1,2026-08-03,,
2026-07-28T09:01:51.019124-04:00,2026-07-27,v1.3.3,premarket,0.0,xnys,ORLY,v1.2.1,v1.3.1-shadow,v1.3.1-shadow,8142e595d788ac06,ndx-99-78834e47b659,healthy_pullback,healthy_pullback,5.0,ma60,89.33,,buy_limit_zone,healthy_pullback,ma60,89.33,90.83,89.33,90.83,84.84,3.0,40.0,intraday,initial_stop_or_d40_close,2026-07-28,pullback_limit_uses_ma60_anchor,6.0,9.0,3.0,1.0,1.0,1.67,available,neutral,18.600000381469727,0.09,-0.72,0.4848,0.0,v1.3.1-shadow,completed,1,2026-07-28,90.83,2026-09-09,84.84,initial_stop,0,-1.0,-1.0,,0.5492,-1.0,-0.93,,,0.0,1.0,38,1,2026-07-30,2026-09-09,
2026-07-28T09:01:51.019124-04:00,2026-07-27,v1.3.3,premarket,0.0,xnys,LIN,v1.2.1,v1.3.1-shadow,v1.3.1-shadow,8142e595d788ac06,ndx-99-78834e47b659,consolidation_dip,consolidation_dip,10.0,ma60,512.09,,buy_stop_reclaim,consolidation_dip,ma60,512.09,512.09,512.09,517.54,495.75,5.0,40.0,intraday,initial_stop_or_d40_close,2026-07-28,price_below_ma60_wait_for_reclaim,10.0,10.0,0.0,0.0,0.0,1.0,available,neutral,18.600000381469727,0.09,-0.72,0.4848,0.0,v1.3.1-shadow,completed,1,2026-07-28,512.09,2026-07-31,474.98,gap_through_stop,0,-2.2711,-2.2711,,0.6065,-2.7668,-4.69,,,0.0,1.0,38,1,2026-08-03,2026-07-31,
2026-07-28T09:01:51.019124-04:00,2026-07-27,v1.3.3,premarket,0.0,xnys,FANG,v1.2.1,v1.3.1-shadow,v1.3.1-shadow,8142e595d788ac06,ndx-99-78834e47b659,consolidation_dip,consolidation_dip,10.0,ma60,193.44,,buy_limit_zone,consolidation_dip,ma60,193.44,196.42,193.44,196.42,184.49,5.0,40.0,intraday,initial_stop_or_d40_close,2026-07-28,pullback_limit_inside_ma60_zone,10.0,10.0,0.0,0.0,0.0,0.64,available,neutral,18.600000381469727,0.09,-0.72,0.4848,0.0,v1.3.1-shadow,open,1,2026-07-28,196.42,,,,0,,,-0.2431,1.7167,-0.974,5.61,,,1.1,1.0,38,1,2026-08-03,,
2026-07-28T09:01:51.019124-04:00,2026-07-27,v1.3.3,premarket,0.0,xnys,ADSK,v1.2.1,v1.3.1-shadow,v1.3.1-shadow,8142e595d788ac06,ndx-99-78834e47b659,healthy_pullback,healthy_pullback,5.0,ma60,220.33,,buy_limit_zone,healthy_pullback,ma60,220.33,224.58,220.33,224.58,207.59,3.0,40.0,intraday,initial_stop_or_d40_close,2026-07-28,pullback_limit_uses_ma60_anchor,6.0,9.0,3.0,1.0,0.0,2.7,available,neutral,18.600000381469727,0.09,-0.72,0.4848,0.0,v1.3.1-shadow,unfilled,0,,,,,,0,,,,,,5.83,,,0.0,1.0,38,1,2026-07-30,2026-07-30,entry_not_reached
2026-07-28T09:01:51.019124-04:00,2026-07-27,v1.3.3,premarket,0.0,xnys,COST,v1.2.1,v1.3.1-shadow,v1.3.1-shadow,8142e595d788ac06,ndx-99-78834e47b659,healthy_pullback,healthy_pullback,5.0,ma20,933.4,,buy_limit_zone,healthy_pullback,ma20,933.4,947.67,933.4,947.67,890.58,3.0,40.0,intraday,initial_stop_or_d40_close,2026-07-28,pullback_limit_uses_ma20_anchor,6.0,9.0,3.0,1.0,0.0,1.96,available,neutral,18.600000381469727,0.09,-0.72,0.4848,0.0,v1.3.1-shadow,unfilled,0,,,,,,0,,,,,,-0.68,,,0.0,1.0,38,1,2026-07-30,2026-07-30,entry_not_reached
2026-07-28T09:01:51.019124-04:00,2026-07-27,v1.3.3,premarket,0.0,xnys,ADBE,v1.2.1,v1.3.1-shadow,v1.3.1-shadow,8142e595d788ac06,ndx-99-78834e47b659,healthy_pullback,healthy_pullback,5.0,ma60,231.5,,buy_limit_zone,healthy_pullback,ma60,231.5,236.76,231.5,236.76,215.71,3.0,40.0,intraday,initial_stop_or_d40_close,2026-07-28,pullback_limit_uses_ma60_anchor,6.0,9.0,3.0,1.0,0.0,2.38,available,neutral,18.600000381469727,0.09,-0.72,0.4848,0.0,v1.3.1-shadow,unfilled,0,,,,,,0,,,,,,9.93,,,0.0,1.0,38,1,2026-07-30,2026-07-30,entry_not_reached
2026-07-28T09:01:51.019124-04:00,2026-07-27,v1.3.3,premarket,0.0,xnys,REGN,v1.2.1,v1.3.1-shadow,v1.3.1-shadow,8142e595d788ac06,ndx-99-78834e47b659,healthy_pullback,healthy_pullback,5.0,ma20,658.43,,buy_limit_zone,healthy_pullback,ma20,658.43,667.09,658.43,667.09,632.46,3.0,40.0,intraday,initial_stop_or_d40_close,2026-07-28,pullback_limit_uses_ma20_anchor,6.0,9.0,3.0,1.0,0.0,1.16,available,neutral,18.600000381469727,0.09,-0.72,0.4848,0.0,v1.3.1-shadow,unfilled,0,,,,,,0,,,,,,20.04,,,0.0,1.0,38,1,2026-07-30,2026-07-30,entry_not_reached
2026-07-28T09:01:51.019124-04:00,2026-07-27,v1.3.3,premarket,0.0,xnys,PDD,v1.2.1,v1.3.1-shadow,v1.3.1-shadow,8142e595d788ac06,ndx-99-78834e47b659,healthy_pullback,healthy_pullback,5.0,ma20,83.5,,buy_limit_zone,healthy_pullback,ma20,83.5,84.72,83.5,84.72,79.83,3.0,40.0,intraday,initial_stop_or_d40_close,2026-07-28,pullback_limit_uses_ma20_anchor,6.0,9.0,3.0,1.0,0.0,0.98,available,neutral,18.600000381469727,0.09,-0.72,0.4848,0.0,v1.3.1-shadow,unfilled,0,,,,,,0,,,,,,2.38,,,0.0,1.0,38,1,2026-07-30,2026-07-30,entry_not_reached
2026-07-28T09:01:51.019124-04:00,2026-07-27,v1.3.3,premarket,0.0,xnys,MSFT,v1.2.1,v1.3.1-shadow,v1.3.1-shadow,8142e595d788ac06,ndx-99-78834e47b659,healthy_pullback,healthy_pullback,5.0,ma20,387.7,,buy_limit_zone,healthy_pullback,ma20,387.7,393.21,387.7,393.21,371.17,3.0,40.0,intraday,initial_stop_or_d40_close,2026-07-28,pullback_limit_uses_ma20_anchor,6.0,9.0,3.0,1.0,0.0,1.63,available,neutral,18.600000381469727,0.09,-0.72,0.4848,0.0,v1.3.1-shadow,open,1,2026-07-28,393.16,,,,0,,,4.6171,5.6671,-0.201,25.24,,,0.91,1.0,38,1,2026-07-30,,
2026-07-28T09:01:51.019124-04:00,2026-07-27,v1.3.3,premarket,0.0,xnys,ABNB,v1.2.1,v1.3.1-shadow,v1.3.1-shadow,8142e595d788ac06,ndx-99-78834e47b659,healthy_pullback,healthy_pullback,5.0,ma20,145.55,,buy_limit_zone,healthy_pullback,ma20,145.55,147.71,145.55,147.71,139.08,3.0,40.0,intraday,initial_stop_or_d40_close,2026-07-28,pullback_limit_uses_ma20_anchor,6.0,9.0,3.0,1.0,0.0,-0.25,available,neutral,18.600000381469727,0.09,-0.72,0.4848,0.0,v1.3.1-shadow,unfilled,0,,,,,,0,,,,,,24.42,,,0.0,1.0,38,1,2026-07-30,2026-07-30,entry_not_reached
2026-07-28T09:01:51.019124-04:00,2026-07-27,v1.3.3,premarket,0.0,xnys,MDLZ,v1.2.1,v1.3.1-shadow,v1.3.1-shadow,8142e595d788ac06,ndx-99-78834e47b659,healthy_pullback,healthy_pullback,5.0,ma20,59.79,,buy_limit_zone,healthy_pullback,ma20,59.79,60.55,59.79,60.55,57.5,3.0,40.0,intraday,initial_stop_or_d40_close,2026-07-28,pullback_limit_uses_ma20_anchor,5.0,8.0,3.0,1.0,0.0,2.19,available,neutral,18.600000381469727,0.09,-0.72,0.4848,0.0,v1.3.1-shadow,unfilled,0,,,,,,0,,,,,,0.82,,,0.0,1.0,38,1,2026-07-30,2026-07-30,entry_not_reached
2026-07-28T09:01:51.019124-04:00,2026-07-27,v1.3.3,premarket,0.0,xnys,PEP,v1.2.1,v1.3.1-shadow,v1.3.1-shadow,8142e595d788ac06,ndx-99-78834e47b659,healthy_pullback,healthy_pullback,5.0,ma20,138.44,,buy_limit_zone,healthy_pullback,ma20,138.44,140.25,138.44,140.25,133.01,3.0,40.0,intraday,initial_stop_or_d40_close,2026-07-28,pullback_limit_uses_ma20_anchor,5.0,8.0,3.0,1.0,0.0,2.07,available,neutral,18.600000381469727,0.09,-0.72,0.4848,0.0,v1.3.1-shadow,completed,1,2026-07-30,140.25,2026-09-17,133.01,initial_stop,0,-0.7956,-0.7956,,0.7804,-1.0111,-0.41,,,1.48,1.0,38,1,2026-07-30,2026-09-17,
2026-07-28T09:01:51.019124-04:00,2026-07-27,v1.3.3,premarket,0.0,xnys,GILD,v1.2.1,v1.3.1-shadow,v1.3.1-shadow,8142e595d788ac06,ndx-99-78834e47b659,healthy_pullback,healthy_pullback,5.0,ma60,129.76,,buy_limit_zone,healthy_pullback,ma60,129.76,131.72,129.76,131.72,123.88,3.0,40.0,intraday,initial_stop_or_d40_close,2026-07-28,pullback_limit_uses_ma60_anchor,5.0,8.0,3.0,1.0,0.0,1.77,available,neutral,18.600000381469727,0.09,-0.72,0.4848,0.0,v1.3.1-shadow,open,1,2026-07-30,130.02,,,,0,,,3.4055,3.7801,-0.2834,10.76,,,0.82,1.0,38,1,2026-07-30,,
2026-07-28T09:01:51.019124-04:00,2026-07-27,v1.3.3,premarket,0.0,xnys,AVGO,v1.2.1,v1.3.1-shadow,v1.3.1-shadow,8142e595d788ac06,ndx-99-78834e47b659,healthy_pullback,healthy_pullback,5.0,ma20,382.31,,buy_limit_zone,healthy_pullback,ma20,382.31,389.93,382.31,389.93,359.46,3.0,40.0,intraday,initial_stop_or_d40_close,2026-07-28,pullback_limit_uses_ma20_anchor,7.0,7.0,0.0,0.0,0.0,-1.88,available,neutral,18.600000381469727,0.09,-0.72,0.4848,0.0,v1.3.1-shadow,completed,1,2026-07-28,374.36,2026-08-19,359.46,initial_stop,0,-1.0,-1.0,,3.9175,-1.1242,-6.35,,,0.0,1.0,38,1,2026-07-30,2026-08-19,
2026-07-28T09:01:51.019124-04:00,2026-07-27,v1.3.3,premarket,0.0,xnys,CPRT,v1.2.1,v1.3.1-shadow,v1.3.1-shadow,8142e595d788ac06,ndx-99-78834e47b659,healthy_pullback,healthy_pullback,5.0,ma20,28.15,,buy_limit_zone,healthy_pullback,ma20,28.15,28.63,28.15,28.63,26.7,3.0,40.0,intraday,initial_stop_or_d40_close,2026-07-28,pullback_limit_uses_ma20_anchor,5.0,5.0,0.0,0.0,0.0,1.37,available,neutral,18.600000381469727,0.09,-0.72,0.4848,0.0,v1.3.1-shadow,unfilled,0,,,,,,0,,,,,,8.6,,,0.0,1.0,38,1,2026-07-30,2026-07-30,entry_not_reached
2026-07-28T09:01:51.019124-04:00,2026-07-27,v1.3.3,premarket,0.0,xnys,DXCM,v1.2.1,v1.3.1-shadow,v1.3.1-shadow,8142e595d788ac06,ndx-99-78834e47b659,healthy_pullback,healthy_pullback,5.0,ma20,73.03,,buy_limit_zone,healthy_pullback,ma20,73.03,74.41,73.03,74.41,68.89,3.0,40.0,intraday,initial_stop_or_d40_close,2026-07-28,pullback_limit_uses_ma20_anchor,6.0,6.0,0.0,0.0,0.0,1.88,available,neutral,18.600000381469727,0.09,-0.72,0.4848,0.0,v1.3.1-shadow,open,1,2026-07-28,74.41,,,,0,,,2.7065,3.2935,-0.212,19.12,,,0.0,1.0,38,1,2026-07-30,,
2026-07-28T09:01:51.019124-04:00,2026-07-27,v1.3.3,premarket,0.0,xnys,IDXX,v1.2.1,v1.3.1-shadow,v1.3.1-shadow,8142e595d788ac06,ndx-99-78834e47b659,healthy_pullback,healthy_pullback,5.0,ma20,553.87,,buy_limit_zone,healthy_pullback,ma20,553.87,562.64,553.87,562.64,527.55,3.0,40.0,intraday,initial_stop_or_d40_close,2026-07-28,pullback_limit_uses_ma20_anchor,6.0,6.0,0.0,0.0,0.0,0.64,available,neutral,18.600000381469727,0.09,-0.72,0.4848,0.0,v1.3.1-shadow,completed,1,2026-07-29,562.64,2026-09-04,522.05,gap_through_stop,0,-1.1567,-1.1567,,1.7529,-1.1567,-3.43,,,0.0,1.0,38,1,2026-07-30,2026-09-04,
2026-07-28T09:01:51.019124-04:00,2026-07-27,v1.3.3,premarket,0.0,xnys,TTWO,v1.2.1,v1.3.1-shadow,v1.3.1-shadow,8142e595d788ac06,ndx-99-78834e47b659,healthy_pullback,healthy_pullback,5.0,ma20,243.74,,buy_limit_zone,healthy_pullback,ma20,243.74,247.19,243.74,247.19,233.38,3.0,40.0,intraday,initial_stop_or_d40_close,2026-07-28,pullback_limit_uses_ma20_anchor,5.0,5.0,0.0,0.0,0.0,1.39,available,neutral,18.600000381469727,0.09,-0.72,0.4848,0.0,v1.3.1-shadow,completed,1,2026-07-28,245.22,2026-08-05,233.38,initial_stop,0,-1.0,-1.0,,0.4823,-1.0878,-5.93,,,0.0,1.0,38,1,2026-07-30,2026-08-05,
2026-07-29T09:02:07.293760-04:00,2026-07-28,v1.3.3,premarket,0.0,xnys,INSM,v1.2.1,v1.3.1-shadow,v1.3.1-shadow,8142e595d788ac06,ndx-99-78834e47b659,consolidation_dip,consolidation_dip,10.0,ma60,107.91,,buy_stop_reclaim,consolidation_dip,ma60,107.91,107.91,107.91,109.88,101.99,5.0,40.0,intraday,initial_stop_or_d40_close,2026-07-29,price_below_ma60_wait_for_reclaim,13.0,13.0,0.0,0.0,0.0,1.8,available,neutral,18.65999984741211,-0.05,-0.04,0.5354,0.0,v1.3.1-shadow,unfilled,0,,,,,,0,,,,,,20.63,,,0.0,1.0,37,1,2026-08-04,2026-08-04,entry_not_reached
2026-07-29T09:02:07.293760-04:00,2026-07-28,v1.3.3,premarket,0.0,xnys,PDD,v1.2.1,v1.3.1-shadow,v1.3.1-shadow,8142e595d788ac06,ndx-99-78834e47b659,consolidation_dip,consolidation_dip,10.0,ma60,86.96,,buy_stop_reclaim,consolidation_dip,ma60,86.96,86.96,86.96,88.16,83.35,5.0,40.0,intraday,initial_stop_or_d40_close,2026-07-29,price_below_ma60_wait_for_reclaim,11.0,11.0,0.0,0.0,0.0,0.23,available,neutral,18.65999984741211,-0.05,-0.04,0.5354,0.0,v1.3.1-shadow,completed,1,2026-07-29,86.96,2026-09-01,83.21,gap_through_stop,0,-1.0388,-1.0388,,1.7258,-1.2493,-1.79,,,0.0,1.0,37,1,2026-08-04,2026-09-01,
2026-07-29T09:02:07.293760-04:00,2026-07-28,v1.3.3,premarket,0.0,xnys,INTU,v1.2.1,v1.3.1-shadow,v1.3.1-shadow,8142e595d788ac06,ndx-99-78834e47b659,healthy_pullback,healthy_pullback,5.0,ma60,311.55,,buy_limit_zone,healthy_pullback,ma60,311.55,318.45,311.55,318.45,290.86,3.0,40.0,intraday,initial_stop_or_d40_close,2026-07-29,pullback_limit_uses_ma60_anchor,6.0,6.0,0.0,0.0,0.0,0.24,available,neutral,18.65999984741211,-0.05,-0.04,0.5354,0.0,v1.3.1-shadow,open,1,2026-07-29,313.46,,,,0,,,-0.4544,2.6336,-0.5659,3.83,,,0.0,1.0,37,1,2026-07-31,,
2026-07-29T09:02:07.293760-04:00,2026-07-28,v1.3.3,premarket,0.0,xnys,CSCO,v1.2.1,v1.3.1-shadow,v1.3.1-shadow,8142e595d788ac06,ndx-99-78834e47b659,healthy_pullback,healthy_pullback,5.0,ma20,114.35,,buy_limit_zone,healthy_pullback,ma20,114.35,116.17,114.35,116.17,108.88,3.0,40.0,intraday,initial_stop_or_d40_close,2026-07-29,pullback_limit_uses_ma20_anchor,6.0,6.0,0.0,0.0,0.0,0.35,available,neutral,18.65999984741211,-0.05,-0.04,0.5354,0.0,v1.3.1-shadow,completed,1,2026-07-29,116.17,2026-09-02,108.88,initial_stop,0,-1.0,-1.0,,1.1715,-1.0658,-0.11,,,0.0,1.0,37,1,2026-07-31,2026-09-02,
2026-07-29T09:02:07.293760-04:00,2026-07-28,v1.3.3,premarket,0.0,xnys,GEHC,v1.2.1,v1.3.1-shadow,v1.3.1-shadow,8142e595d788ac06,ndx-99-78834e47b659,healthy_pullback,healthy_pullback,5.0,ma20,63.53,,buy_limit_zone,healthy_pullback,ma20,63.53,64.56,63.53,64.56,60.44,3.0,40.0,intraday,initial_stop_or_d40_close,2026-07-29,pullback_limit_uses_ma20_anchor,5.0,5.0,0.0,0.0,0.0,8.83,available,neutral,18.65999984741211,-0.05,-0.04,0.5354,0.0,v1.3.1-shadow,unfilled,0,,,,,,0,,,,,,1.96,,,0.0,1.0,37,1,2026-07-31,2026-07-31,entry_not_reached
2026-07-29T09:02:07.293760-04:00,2026-07-28,v1.3.3,premarket,0.0,xnys,CPRT,v1.2.1,v1.3.1-shadow,v1.3.1-shadow,8142e595d788ac06,ndx-99-78834e47b659,healthy_pullback,healthy_pullback,5.0,ma60,30.68,,buy_limit_zone,healthy_pullback,ma60,30.68,31.18,30.68,31.18,29.19,3.0,40.0,intraday,initial_stop_or_d40_close,2026-07-29,pullback_limit_uses_ma60_anchor,5.0,5.0,0.0,0.0,0.0,0.68,available,neutral,18.65999984741211,-0.05,-0.04,0.5354,0.0,v1.3.1-shadow,completed,1,2026-07-29,30.62,2026-07-30,29.19,initial_stop,0,-1.0,-1.0,,0.5594,-1.2308,6.0,,,0.0,1.0,37,1,2026-07-31,2026-07-30,
2026-07-29T09:02:07.293760-04:00,2026-07-28,v1.3.3,premarket,0.0,xnys,ZS,v1.2.1,v1.3.1-shadow,v1.3.1-shadow,8142e595d788ac06,ndx-99-78834e47b659,healthy_pullback,healthy_pullback,5.0,ma20,146.25,,buy_limit_zone,healthy_pullback,ma20,146.25,150.13,146.25,150.13,134.6,3.0,40.0,intraday,initial_stop_or_d40_close,2026-07-29,pullback_limit_uses_ma20_anchor,6.0,6.0,0.0,0.0,0.0,-0.35,available,neutral,18.65999984741211,-0.05,-0.04,0.5354,0.0,v1.3.1-shadow,open,1,2026-07-30,150.13,,,,0,,,3.038,3.1957,-0.4041,10.76,,,0.0,1.0,37,1,2026-07-31,,
2026-07-29T09:02:07.293760-04:00,2026-07-28,v1.3.3,premarket,0.0,xnys,KDP,v1.2.1,v1.3.1-shadow,v1.3.1-shadow,8142e595d788ac06,ndx-99-78834e47b659,healthy_pullback,healthy_pullback,5.0,ma20,31.07,,buy_limit_zone,healthy_pullback,ma20,31.07,31.52,31.07,31.52,29.72,3.0,40.0,intraday,initial_stop_or_d40_close,2026-07-29,pullback_limit_uses_ma20_anchor,5.0,5.0,0.0,0.0,0.0,0.31,available,neutral,18.65999984741211,-0.05,-0.04,0.5354,0.0,v1.3.1-shadow,completed,1,2026-07-29,30.96,2026-08-07,29.72,initial_stop,0,-1.0,-1.0,,1.7581,-1.2177,2.42,,,0.0,1.0,37,1,2026-07-31,2026-08-07,
2026-07-29T09:02:07.293760-04:00,2026-07-28,v1.3.3,premarket,0.0,xnys,MAR,v1.2.1,v1.3.1-shadow,v1.3.1-shadow,8142e595d788ac06,ndx-99-78834e47b659,healthy_pullback,healthy_pullback,5.0,ma60,373.43,,buy_limit_zone,healthy_pullback,ma60,373.43,377.63,373.43,377.63,360.82,3.0,40.0,intraday,initial_stop_or_d40_close,2026-07-29,pullback_limit_uses_ma60_anchor,5.0,5.0,0.0,0.0,0.0,-0.38,available,neutral,18.65999984741211,-0.05,-0.04,0.5354,0.0,v1.3.1-shadow,completed,1,2026-07-29,377.25,2026-08-03,359.44,gap_through_stop,0,-1.084,-1.084,,0.3658,-2.0158,-5.7,,,0.0,1.0,37,1,2026-07-31,2026-08-03,
2026-07-30T09:01:38.481618-04:00,2026-07-29,v1.3.3,premarket,0.0,xnys,CRWD,v1.2.1,v1.3.1-shadow,v1.3.1-shadow,8142e595d788ac06,ndx-99-78834e47b659,consolidation_dip,consolidation_dip,10.0,ma60,172.01,,buy_limit_zone,consolidation_dip,ma60,172.01,177.36,172.01,177.36,155.95,5.0,40.0,intraday,initial_stop_or_d40_close,2026-07-30,pullback_limit_inside_ma60_zone,11.0,11.0,0.0,0.0,0.0,1.32,available,bull,19.1200008392334,0.73,1.8,0.5253,1.0,v1.3.1-shadow,unfilled,0,,,,,,0,,,,,,23.08,,,0.0,1.0,36,1,2026-08-05,2026-08-05,entry_not_reached
2026-07-30T09:01:38.481618-04:00,2026-07-29,v1.3.3,premarket,0.0,xnys,FANG,v1.2.1,v1.3.1-shadow,v1.3.1-shadow,8142e595d788ac06,ndx-99-78834e47b659,consolidation_dip,consolidation_dip,10.0,ma60,193.08,,buy_limit_zone,consolidation_dip,ma60,193.08,196.21,193.08,196.21,183.68,5.0,40.0,intraday,initial_stop_or_d40_close,2026-07-30,pullback_limit_inside_ma60_zone,10.0,10.0,0.0,0.0,0.0,-1.24,available,bull,19.1200008392334,0.73,1.8,0.5253,1.0,v1.3.1-shadow,open,1,2026-07-30,196.21,,,,0,,,-0.2147,1.6512,-0.9106,0.93,,,1.1,1.0,36,1,2026-08-05,,
2026-07-30T09:01:38.481618-04:00,2026-07-29,v1.3.3,premarket,0.0,xnys,COST,v1.2.1,v1.3.1-shadow,v1.3.1-shadow,8142e595d788ac06,ndx-99-78834e47b659,healthy_pullback,healthy_pullback,5.0,ma60,972.67,,buy_limit_zone,healthy_pullback,ma60,972.67,982.73,972.67,982.73,942.5,3.0,40.0,intraday,initial_stop_or_d40_close,2026-07-30,pullback_limit_uses_ma60_anchor,6.0,9.0,3.0,1.0,1.0,-1.24,available,bull,19.1200008392334,0.73,1.8,0.5253,1.0,v1.3.1-shadow,completed,1,2026-07-30,955.04,2026-07-31,942.5,initial_stop,0,-1.0,-1.0,,0.4561,-1.3979,-2.04,,,0.0,1.0,36,1,2026-08-03,2026-07-31,
2026-07-30T09:01:38.481618-04:00,2026-07-29,v1.3.3,premarket,0.0,xnys,SBUX,v1.2.1,v1.3.1-shadow,v1.3.1-shadow,8142e595d788ac06,ndx-99-78834e47b659,healthy_pullback,healthy_pullback,5.0,ma60,102.84,,buy_limit_zone,healthy_pullback,ma60,102.84,104.24,102.84,104.24,98.63,3.0,40.0,intraday,initial_stop_or_d40_close,2026-07-30,pullback_limit_uses_ma60_anchor,5.0,8.0,3.0,1.0,1.0,4.67,available,bull,19.1200008392334,0.73,1.8,0.5253,1.0,v1.3.1-shadow,completed,1,2026-07-30,104.24,2026-09-11,98.63,initial_stop,0,-0.8895,-0.8895,,1.1176,-1.0303,1.92,,,0.62,1.0,36,1,2026-08-03,2026-09-11,
2026-07-30T09:01:38.481618-04:00,2026-07-29,v1.3.3,premarket,0.0,xnys,KDP,v1.2.1,v1.3.1-shadow,v1.3.1-shadow,8142e595d788ac06,ndx-99-78834e47b659,healthy_pullback,healthy_pullback,5.0,ma20,31.01,,buy_limit_zone,healthy_pullback,ma20,31.01,31.46,31.01,31.46,29.66,3.0,40.0,intraday,initial_stop_or_d40_close,2026-07-30,pullback_limit_uses_ma20_anchor,5.0,8.0,3.0,1.0,1.0,-0.25,available,bull,19.1200008392334,0.73,1.8,0.5253,1.0,v1.3.1-shadow,completed,1,2026-07-30,30.99,2026-08-07,29.66,initial_stop,0,-1.0,-1.0,,1.6165,-1.1579,0.98,,,0.0,1.0,36,1,2026-08-03,2026-08-07,
2026-07-30T09:01:38.481618-04:00,2026-07-29,v1.3.3,premarket,0.0,xnys,PEP,v1.2.1,v1.3.1-shadow,v1.3.1-shadow,8142e595d788ac06,ndx-99-78834e47b659,healthy_pullback,healthy_pullback,5.0,ma60,143.07,,buy_limit_zone,healthy_pullback,ma60,143.07,144.84,143.07,144.84,137.76,3.0,40.0,intraday,initial_stop_or_d40_close,2026-07-30,pullback_limit_uses_ma60_anchor,5.0,8.0,3.0,1.0,1.0,-1.66,available,bull,19.1200008392334,0.73,1.8,0.5253,1.0,v1.3.1-shadow,completed,1,2026-07-30,141.1,2026-08-04,137.76,initial_stop,0,-1.0,-1.0,,0.4251,-1.1886,-0.34,,,0.0,1.0,36,1,2026-08-03,2026-08-04,
2026-07-30T09:01:38.481618-04:00,2026-07-29,v1.3.3,premarket,0.0,xnys,WMT,v1.2.1,v1.3.1-shadow,v1.3.1-shadow,8142e595d788ac06,ndx-99-78834e47b659,healthy_pullback,healthy_pullback,5.0,ma20,112.06,,buy_limit_zone,healthy_pullback,ma20,112.06,113.38,112.06,113.38,108.09,3.0,40.0,intraday,initial_stop_or_d40_close,2026-07-30,pullback_limit_uses_ma20_anchor,5.0,8.0,3.0,1.0,1.0,-1.37,available,bull,19.1200008392334,0.73,1.8,0.5253,1.0,v1.3.1-shadow,completed,1,2026-07-30,111.61,2026-08-20,106.38,gap_through_stop,0,-1.4858,-1.4858,,1.4943,-2.4886,-7.4,,,0.0,1.0,36,1,2026-08-03,2026-08-20,
2026-07-30T09:01:38.481618-04:00,2026-07-29,v1.3.3,premarket,0.0,xnys,PDD,v1.2.1,v1.3.1-shadow,v1.3.1-shadow,8142e595d788ac06,ndx-99-78834e47b659,healthy_pullback,healthy_pullback,5.0,ma60,86.77,,buy_limit_zone,healthy_pullback,ma60,86.77,87.95,86.77,87.95,83.22,3.0,40.0,intraday,initial_stop_or_d40_close,2026-07-30,pullback_limit_uses_ma60_anchor,6.0,6.0,0.0,0.0,0.0,-0.75,available,bull,19.1200008392334,0.73,1.8,0.5253,1.0,v1.3.1-shadow,completed,1,2026-07-30,86.54,2026-09-01,83.21,gap_through_stop,0,-1.003,-1.003,,2.003,-1.2319,-3.15,,,0.0,1.0,36,1,2026-08-03,2026-09-01,
2026-07-30T09:01:38.481618-04:00,2026-07-29,v1.3.3,premarket,0.0,xnys,DXCM,v1.2.1,v1.3.1-shadow,v1.3.1-shadow,8142e595d788ac06,ndx-99-78834e47b659,healthy_pullback,healthy_pullback,5.0,ma20,73.66,,buy_limit_zone,healthy_pullback,ma20,73.66,75.02,73.66,75.02,69.58,3.0,40.0,intraday,initial_stop_or_d40_close,2026-07-30,pullback_limit_uses_ma20_anchor,6.0,6.0,0.0,0.0,0.0,-0.45,available,bull,19.1200008392334,0.73,1.8,0.5253,1.0,v1.3.1-shadow,open,1,2026-07-30,73.93,,,,0,,,3.5448,4.2897,-0.1586,19.79,,,0.0,1.0,36,1,2026-08-03,,
2026-07-30T09:01:38.481618-04:00,2026-07-29,v1.3.3,premarket,0.0,xnys,CPRT,v1.2.1,v1.3.1-shadow,v1.3.1-shadow,8142e595d788ac06,ndx-99-78834e47b659,healthy_pullback,healthy_pullback,5.0,ma60,30.64,,buy_limit_zone,healthy_pullback,ma60,30.64,31.15,30.64,31.15,29.11,3.0,40.0,intraday,initial_stop_or_d40_close,2026-07-30,pullback_limit_uses_ma60_anchor,5.0,5.0,0.0,0.0,0.0,-0.26,available,bull,19.1200008392334,0.73,1.8,0.5253,1.0,v1.3.1-shadow,completed,1,2026-07-30,30.26,2026-07-30,29.11,initial_stop,0,-1.0,-1.0,,0.0,-1.2174,10.79,,,0.0,1.0,36,1,2026-08-03,2026-07-30,
2026-07-31T09:01:53.306368-04:00,2026-07-30,v1.3.3,premarket,0.0,xnys,NXPI,v1.2.1,v1.3.1-shadow,v1.3.1-shadow,8142e595d788ac06,ndx-99-78834e47b659,oversold_bounce,oversold_bounce,7.0,previous_high,251.04,,buy_stop_reclaim,oversold_bounce,previous_high,251.04,252.27,252.27,255.33,226.78,5.0,40.0,intraday,initial_stop_or_d40_close,2026-07-31,oversold_requires_break_above_signal_bar_high,8.0,11.0,3.0,0.0,0.0,1.75,available,neutral,17.25,0.19,0.87,0.5354,0.0,v1.3.1-shadow,unfilled,0,,,,,,0,,,,,,-2.43,,,0.0,1.0,35,1,2026-08-06,2026-08-06,entry_not_reached
2026-07-31T09:01:53.306368-04:00,2026-07-30,v1.3.3,premarket,0.0,xnys,STX,v1.2.1,v1.3.1-shadow,v1.3.1-shadow,8142e595d788ac06,ndx-99-78834e47b659,healthy_pullback,healthy_pullback,5.0,ma20,841.24,,buy_limit_zone,healthy_pullback,ma20,841.24,880.6,841.24,880.6,723.17,3.0,40.0,intraday,initial_stop_or_d40_close,2026-07-31,pullback_limit_uses_ma20_anchor,7.0,10.0,3.0,0.0,0.0,3.91,available,neutral,17.25,0.19,0.87,0.5354,0.0,v1.3.1-shadow,open,1,2026-07-31,880.6,,,,0,,,-0.1385,0.8473,-0.7765,-3.08,,,0.0,1.0,35,1,2026-08-04,,
2026-07-31T09:01:53.306368-04:00,2026-07-30,v1.3.3,premarket,0.0,xnys,SBUX,v1.2.1,v1.3.1-shadow,v1.3.1-shadow,8142e595d788ac06,ndx-99-78834e47b659,healthy_pullback,healthy_pullback,5.0,ma20,104.76,,buy_limit_zone,healthy_pullback,ma20,104.76,106.25,104.76,106.25,100.3,3.0,40.0,intraday,initial_stop_or_d40_close,2026-07-31,pullback_limit_uses_ma20_anchor,5.0,8.0,3.0,1.0,1.0,-0.23,available,neutral,17.25,0.19,0.87,0.5354,0.0,v1.3.1-shadow,completed,1,2026-07-31,106.25,2026-09-09,100.3,initial_stop,0,-0.8958,-0.8958,,0.716,-1.1025,3.06,,,0.62,1.0,35,1,2026-08-04,2026-09-09,
2026-07-31T09:01:53.306368-04:00,2026-07-30,v1.3.3,premarket,0.0,xnys,WDC,v1.2.1,v1.3.1-shadow,v1.3.1-shadow,8142e595d788ac06,ndx-99-78834e47b659,healthy_pullback,healthy_pullback,5.0,ma20,528.17,,buy_limit_zone,healthy_pullback,ma20,528.17,554.02,528.17,554.02,450.63,3.0,40.0,intraday,initial_stop_or_d40_close,2026-07-31,pullback_limit_uses_ma20_anchor,7.0,10.0,3.0,0.0,0.0,4.73,available,neutral,17.25,0.19,0.87,0.5354,0.0,v1.3.1-shadow,completed,1,2026-07-31,554.02,2026-08-06,428.89,gap_through_stop,0,-1.2103,-1.2103,,0.2513,-1.4174,-15.67,,,0.0,1.0,35,1,2026-08-04,2026-08-06,
2026-07-31T09:01:53.306368-04:00,2026-07-30,v1.3.3,premarket,0.0,xnys,AVGO,v1.2.1,v1.3.1-shadow,v1.3.1-shadow,8142e595d788ac06,ndx-99-78834e47b659,healthy_pullback,healthy_pullback,5.0,ma20,383.29,,buy_limit_zone,healthy_pullback,ma20,383.29,391.02,383.29,391.02,360.09,3.0,40.0,intraday,initial_stop_or_d40_close,2026-07-31,pullback_limit_uses_ma20_anchor,7.0,10.0,3.0,0.0,0.0,0.71,available,neutral,17.25,0.19,0.87,0.5354,0.0,v1.3.1-shadow,completed,1,2026-07-31,391.02,2026-08-19,360.09,initial_stop,0,-1.0,-1.0,,1.3485,-1.0802,-5.26,,,0.0,1.0,35,1,2026-08-04,2026-08-19,
2026-07-31T09:01:53.306368-04:00,2026-07-30,v1.3.3,premarket,0.0,xnys,TSLA,v1.2.1,v1.3.1-shadow,v1.3.1-shadow,8142e595d788ac06,ndx-99-78834e47b659,oversold_bounce,oversold_bounce,8.0,previous_high,310.87,,buy_stop_reclaim,oversold_bounce,previous_high,310.87,312.48,312.48,316.52,284.63,5.0,40.0,intraday,initial_stop_or_d40_close,2026-07-31,oversold_requires_break_above_signal_bar_high,9.0,9.0,0.0,0.0,0.0,0.24,available,neutral,17.25,0.19,0.87,0.5354,0.0,v1.3.1-shadow,open,1,2026-07-31,312.48,,,,0,,,1.8596,2.5695,-0.3774,12.06,,,0.0,1.0,35,1,2026-08-06,,
2026-07-31T09:01:53.306368-04:00,2026-07-30,v1.3.3,premarket,0.0,xnys,KDP,v1.2.1,v1.3.1-shadow,v1.3.1-shadow,8142e595d788ac06,ndx-99-78834e47b659,healthy_pullback,healthy_pullback,5.0,ma20,30.92,,buy_limit_zone,healthy_pullback,ma20,30.92,31.36,30.92,31.36,29.59,3.0,40.0,intraday,initial_stop_or_d40_close,2026-07-31,pullback_limit_uses_ma20_anchor,5.0,8.0,3.0,1.0,1.0,-0.19,available,neutral,17.25,0.19,0.87,0.5354,0.0,v1.3.1-shadow,completed,1,2026-07-31,31.12,2026-08-07,29.59,initial_stop,0,-1.0,-1.0,,1.3203,-1.0915,3.41,,,0.0,1.0,35,1,2026-08-04,2026-08-07,
2026-08-03T09:01:34.440502-04:00,2026-07-31,v1.3.3,premarket,0.0,xnys,CEG,v1.2.1,v1.3.1-shadow,v1.3.1-shadow,8142e595d788ac06,ndx-99-78834e47b659,consolidation_dip,consolidation_dip,10.0,ma60,267.13,,buy_stop_reclaim,consolidation_dip,ma60,267.13,267.13,267.13,271.52,253.95,5.0,40.0,intraday,initial_stop_or_d40_close,2026-08-03,price_below_ma60_wait_for_reclaim,13.0,16.0,3.0,0.0,0.0,0.48,available,neutral,15.9399995803833,0.56,0.23,0.5556,0.0,v1.3.1-shadow,open,1,2026-08-03,267.13,,,,0,,,-0.9099,2.934,-0.9537,0.54,,,0.427,1.0,34,1,2026-08-07,,
2026-08-03T09:01:34.440502-04:00,2026-07-31,v1.3.3,premarket,0.0,xnys,ALNY,v1.2.1,v1.3.1-shadow,v1.3.1-shadow,8142e595d788ac06,ndx-99-78834e47b659,oversold_bounce,oversold_bounce,7.0,previous_high,207.99,,buy_stop_reclaim,oversold_bounce,previous_high,207.99,209.92,209.92,214.74,176.59,5.0,40.0,intraday,initial_stop_or_d40_close,2026-08-03,oversold_requires_break_above_signal_bar_high,10.0,10.0,0.0,0.0,0.0,1.45,available,neutral,15.9399995803833,0.56,0.23,0.5556,0.0,v1.3.1-shadow,open,1,2026-08-03,209.92,,,,0,,,0.8893,1.865,-0.0564,9.24,,,0.0,1.0,34,1,2026-08-07,,
2026-08-03T09:01:34.440502-04:00,2026-07-31,v1.3.3,premarket,0.0,xnys,INTU,v1.2.1,v1.3.1-shadow,v1.3.1-shadow,8142e595d788ac06,ndx-99-78834e47b659,consolidation_dip,consolidation_dip,10.0,ma60,307.64,,buy_limit_zone,consolidation_dip,ma60,307.64,315.43,307.64,315.43,284.26,5.0,40.0,intraday,initial_stop_or_d40_close,2026-08-03,pullback_limit_inside_ma60_zone,11.0,11.0,0.0,0.0,0.0,2.99,available,neutral,15.9399995803833,0.56,0.23,0.5556,0.0,v1.3.1-shadow,open,1,2026-08-04,311.19,,,,0,,,-0.2971,2.2945,-0.3906,12.85,,,0.0,1.0,34,1,2026-08-07,,
2026-08-03T09:01:34.440502-04:00,2026-07-31,v1.3.3,premarket,0.0,xnys,PDD,v1.2.1,v1.3.1-shadow,v1.3.1-shadow,8142e595d788ac06,ndx-99-78834e47b659,consolidation_dip,consolidation_dip,10.0,ma60,86.46,,buy_limit_zone,consolidation_dip,ma60,86.46,87.62,86.46,87.62,82.98,5.0,40.0,intraday,initial_stop_or_d40_close,2026-08-03,pullback_limit_inside_ma60_zone,11.0,11.0,0.0,0.0,0.0,0.95,available,neutral,15.9399995803833,0.56,0.23,0.5556,0.0,v1.3.1-shadow,unfilled,0,,,,,,0,,,,,,-6.82,,,0.0,1.0,34,1,2026-08-07,2026-08-07,entry_not_reached
2026-08-03T09:01:34.440502-04:00,2026-07-31,v1.3.3,premarket,0.0,xnys,STX,v1.2.1,v1.3.1-shadow,v1.3.1-shadow,8142e595d788ac06,ndx-99-78834e47b659,healthy_pullback,healthy_pullback,5.0,ma20,843.04,,buy_limit_zone,healthy_pullback,ma20,843.04,882.59,843.04,882.59,724.4,3.0,40.0,intraday,initial_stop_or_d40_close,2026-08-03,pullback_limit_uses_ma20_anchor,7.0,10.0,3.0,0.0,0.0,-4.21,available,neutral,15.9399995803833,0.56,0.23,0.5556,0.0,v1.3.1-shadow,open,1,2026-08-03,818.01,,,,0,,,0.4356,2.0936,-0.6373,-0.32,,,0.0,1.0,34,1,2026-08-05,,
2026-08-03T09:01:34.440502-04:00,2026-07-31,v1.3.3,premarket,0.0,xnys,WDC,v1.2.1,v1.3.1-shadow,v1.3.1-shadow,8142e595d788ac06,ndx-99-78834e47b659,healthy_pullback,healthy_pullback,5.0,ma20,528.46,,buy_limit_zone,healthy_pullback,ma20,528.46,553.78,528.46,553.78,452.51,3.0,40.0,intraday,initial_stop_or_d40_close,2026-08-03,pullback_limit_uses_ma20_anchor,7.0,10.0,3.0,0.0,0.0,-3.72,available,neutral,15.9399995803833,0.56,0.23,0.5556,0.0,v1.3.1-shadow,completed,1,2026-08-03,524.36,2026-08-06,428.89,gap_through_stop,0,-1.3287,-1.3287,,0.5609,-1.6267,-14.54,,,0.0,1.0,34,1,2026-08-05,2026-08-06,
2026-08-03T09:01:34.440502-04:00,2026-07-31,v1.3.3,premarket,0.0,xnys,TSLA,v1.2.1,v1.3.1-shadow,v1.3.1-shadow,8142e595d788ac06,ndx-99-78834e47b659,oversold_bounce,oversold_bounce,8.0,previous_high,315.5,,buy_stop_reclaim,oversold_bounce,previous_high,315.5,317.04,317.04,320.88,288.16,5.0,40.0,intraday,initial_stop_or_d40_close,2026-08-03,oversold_requires_break_above_signal_bar_high,9.0,9.0,0.0,0.0,0.0,0.49,available,neutral,15.9399995803833,0.56,0.23,0.5556,0.0,v1.3.1-shadow,open,1,2026-08-03,317.04,,,,0,,,1.6354,2.3199,-0.2289,14.24,,,0.0,1.0,34,1,2026-08-07,,
2026-08-03T09:01:34.440502-04:00,2026-07-31,v1.3.3,premarket,0.0,xnys,EXC,v1.2.1,v1.3.1-shadow,v1.3.1-shadow,8142e595d788ac06,ndx-99-78834e47b659,healthy_pullback,healthy_pullback,5.0,ma60,45.78,,buy_limit_zone,healthy_pullback,ma60,45.78,46.3,45.78,46.3,44.21,3.0,40.0,intraday,initial_stop_or_d40_close,2026-08-03,pullback_limit_uses_ma60_anchor,5.0,8.0,3.0,1.0,1.0,,stale_quote,neutral,15.9399995803833,0.56,0.23,0.5556,0.0,v1.3.1-shadow,completed,1,2026-08-03,45.88,2026-08-21,44.21,initial_stop,0,-1.0,-1.0,,0.3293,-1.2754,-4.19,,,0.0,1.0,34,1,2026-08-05,2026-08-21,
2026-08-03T09:01:34.440502-04:00,2026-07-31,v1.3.3,premarket,0.0,xnys,AVGO,v1.2.1,v1.3.1-shadow,v1.3.1-shadow,8142e595d788ac06,ndx-99-78834e47b659,healthy_pullback,healthy_pullback,5.0,ma20,384.73,,buy_limit_zone,healthy_pullback,ma20,384.73,392.69,384.73,392.69,360.85,3.0,40.0,intraday,initial_stop_or_d40_close,2026-08-03,pullback_limit_uses_ma20_anchor,7.0,7.0,0.0,0.0,0.0,-1.03,available,neutral,15.9399995803833,0.56,0.23,0.5556,0.0,v1.3.1-shadow,completed,1,2026-08-03,384.41,2026-08-19,360.85,initial_stop,0,-1.0,-1.0,,2.0509,-1.1375,-5.58,,,0.0,1.0,34,1,2026-08-05,2026-08-19,
2026-08-03T09:01:34.440502-04:00,2026-07-31,v1.3.3,premarket,0.0,xnys,GOOGL,v1.2.1,v1.3.1-shadow,v1.3.1-shadow,8142e595d788ac06,ndx-99-78834e47b659,healthy_pullback,healthy_pullback,5.0,ma20,348.05,,buy_limit_zone,healthy_pullback,ma20,348.05,354.09,348.05,354.09,329.92,3.0,40.0,intraday,initial_stop_or_d40_close,2026-08-03,pullback_limit_uses_ma20_anchor,6.0,6.0,0.0,0.0,0.0,2.02,available,neutral,15.9399995803833,0.56,0.23,0.5556,0.0,v1.3.1-shadow,unfilled,0,,,,,,0,,,,,,-9.15,,,0.0,1.0,34,1,2026-08-05,2026-08-05,entry_not_reached
2026-08-03T09:01:34.440502-04:00,2026-07-31,v1.3.3,premarket,0.0,xnys,FAST,v1.2.1,v1.3.1-shadow,v1.3.1-shadow,8142e595d788ac06,ndx-99-78834e47b659,healthy_pullback,healthy_pullback,5.0,ma20,46.36,,buy_limit_zone,healthy_pullback,ma20,46.36,47.07,46.36,47.07,44.22,3.0,40.0,intraday,initial_stop_or_d40_close,2026-08-03,pullback_limit_uses_ma20_anchor,6.0,6.0,0.0,0.0,0.0,2.1,available,neutral,15.9399995803833,0.56,0.23,0.5556,0.0,v1.3.1-shadow,open,1,2026-08-04,47.07,,,,0,,,0.6807,2.0526,-0.0316,2.49,,,0.0,1.0,34,1,2026-08-05,,
2026-08-03T09:01:34.440502-04:00,2026-07-31,v1.3.3,premarket,0.0,xnys,IDXX,v1.2.1,v1.3.1-shadow,v1.3.1-shadow,8142e595d788ac06,ndx-99-78834e47b659,healthy_pullback,healthy_pullback,5.0,ma20,558.84,,buy_limit_zone,healthy_pullback,ma20,558.84,567.44,558.84,567.44,533.03,3.0,40.0,intraday,initial_stop_or_d40_close,2026-08-03,pullback_limit_uses_ma20_anchor,6.0,6.0,0.0,0.0,0.0,1.96,available,neutral,15.9399995803833,0.56,0.23,0.5556,0.0,v1.3.1-shadow,completed,1,2026-08-03,567.44,2026-09-03,533.03,initial_stop,0,-1.0,-1.0,,1.6481,-1.1537,-1.96,,,0.0,1.0,34,1,2026-08-05,2026-09-03,
2026-08-03T09:01:34.440502-04:00,2026-07-31,v1.3.3,premarket,0.0,xnys,ORLY,v1.2.1,v1.3.1-shadow,v1.3.1-shadow,8142e595d788ac06,ndx-99-78834e47b659,healthy_pullback,healthy_pullback,5.0,ma20,86.85,,buy_limit_zone,healthy_pullback,ma20,86.85,88.26,86.85,88.26,82.63,3.0,40.0,intraday,initial_stop_or_d40_close,2026-08-03,pullback_limit_uses_ma20_anchor,6.0,6.0,0.0,0.0,0.0,1.84,available,neutral,15.9399995803833,0.56,0.23,0.5556,0.0,v1.3.1-shadow,unfilled,0,,,,,,0,,,,,,-1.07,,,0.0,1.0,34,1,2026-08-05,2026-08-05,entry_not_reached
2026-08-03T09:01:34.440502-04:00,2026-07-31,v1.3.3,premarket,0.0,xnys,CSCO,v1.2.1,v1.3.1-shadow,v1.3.1-shadow,8142e595d788ac06,ndx-99-78834e47b659,healthy_pullback,healthy_pullback,5.0,ma20,114.16,,buy_limit_zone,healthy_pullback,ma20,114.16,116.0,114.16,116.0,108.63,3.0,40.0,intraday,initial_stop_or_d40_close,2026-08-03,pullback_limit_uses_ma20_anchor,6.0,6.0,0.0,0.0,0.0,0.78,available,neutral,15.9399995803833,0.56,0.23,0.5556,0.0,v1.3.1-shadow,completed,1,2026-08-03,114.6,2026-09-02,108.63,initial_stop,0,-1.0,-1.0,,1.6935,-1.0385,-4.63,,,0.0,1.0,34,1,2026-08-05,2026-09-02,
2026-08-03T09:01:34.440502-04:00,2026-07-31,v1.3.3,premarket,0.0,xnys,ZS,v1.2.1,v1.3.1-shadow,v1.3.1-shadow,8142e595d788ac06,ndx-99-78834e47b659,healthy_pullback,healthy_pullback,5.0,ma20,147.17,,buy_limit_zone,healthy_pullback,ma20,147.17,151.19,147.17,151.19,135.11,3.0,40.0,intraday,initial_stop_or_d40_close,2026-08-03,pullback_limit_uses_ma20_anchor,6.0,6.0,0.0,0.0,0.0,1.84,available,neutral,15.9399995803833,0.56,0.23,0.5556,0.0,v1.3.1-shadow,unfilled,0,,,,,,0,,,,,,21.96,,,0.0,1.0,34,1,2026-08-05,2026-08-05,entry_not_reached
2026-08-04T09:01:26.767245-04:00,2026-08-03,v1.3.3,premarket,0.0,xnys,AVGO,v1.2.1,v1.3.1-shadow,v1.3.1-shadow,8142e595d788ac06,ndx-99-78834e47b659,consolidation_dip,consolidation_dip,10.0,ma60,399.03,,buy_stop_reclaim,consolidation_dip,ma60,399.03,399.03,399.03,407.02,375.06,5.0,40.0,intraday,initial_stop_or_d40_close,2026-08-04,price_below_ma60_wait_for_reclaim,12.0,15.0,3.0,0.0,0.0,2.39,available,neutral,15.600000381469728,0.3,1.03,0.5758,0.0,v1.3.1-shadow,completed,1,2026-08-04,402.97,2026-08-19,372.4,gap_through_stop,0,-1.0953,-1.0953,,1.0663,-1.6252,-11.59,,,0.0,1.0,33,1,2026-08-10,2026-08-19,
2026-08-04T09:01:26.767245-04:00,2026-08-03,v1.3.3,premarket,0.0,xnys,ALNY,v1.2.1,v1.3.1-shadow,v1.3.1-shadow,8142e595d788ac06,ndx-99-78834e47b659,oversold_bounce,oversold_bounce,7.0,previous_high,220.49,,buy_stop_reclaim,oversold_bounce,previous_high,220.49,222.43,222.43,227.29,191.17,5.0,40.0,intraday,initial_stop_or_d40_close,2026-08-04,oversold_requires_break_above_signal_bar_high,10.0,13.0,3.0,0.0,0.0,-0.78,available,neutral,15.600000381469728,0.3,1.03,0.5758,0.0,v1.3.1-shadow,open,1,2026-08-04,222.43,,,,0,,,0.548,1.5883,-0.382,12.38,,,0.0,1.0,33,1,2026-08-10,,
2026-08-04T09:01:26.767245-04:00,2026-08-03,v1.3.3,premarket,0.0,xnys,CEG,v1.2.1,v1.3.1-shadow,v1.3.1-shadow,8142e595d788ac06,ndx-99-78834e47b659,consolidation_dip,consolidation_dip,10.0,ma60,266.32,,buy_limit_zone,consolidation_dip,ma60,266.32,270.89,266.32,270.89,252.62,5.0,40.0,intraday,initial_stop_or_d40_close,2026-08-04,pullback_limit_inside_ma60_zone,13.0,13.0,0.0,0.0,0.0,1.19,available,neutral,15.600000381469728,0.3,1.03,0.5758,0.0,v1.3.1-shadow,open,1,2026-08-04,270.89,,,,0,,,-0.8622,1.9108,-0.8938,5.05,,,0.427,1.0,33,1,2026-08-10,,
2026-08-04T09:01:26.767245-04:00,2026-08-03,v1.3.3,premarket,0.0,xnys,NVDA,v1.2.1,v1.3.1-shadow,v1.3.1-shadow,8142e595d788ac06,ndx-99-78834e47b659,healthy_pullback,healthy_pullback,5.0,ma20,203.85,,buy_limit_zone,healthy_pullback,ma20,203.85,207.86,203.85,207.86,191.81,3.0,40.0,intraday,initial_stop_or_d40_close,2026-08-04,pullback_limit_uses_ma20_anchor,8.0,11.0,3.0,0.0,0.0,1.57,available,neutral,15.600000381469728,0.3,1.03,0.5758,0.0,v1.3.1-shadow,unfilled,0,,,,,,0,,,,,,2.6,,,0.0,1.0,33,1,2026-08-06,2026-08-06,entry_not_reached
2026-08-04T09:01:26.767245-04:00,2026-08-03,v1.3.3,premarket,0.0,xnys,GILD,v1.2.1,v1.3.1-shadow,v1.3.1-shadow,8142e595d788ac06,ndx-99-78834e47b659,healthy_pullback,healthy_pullback,5.0,ma60,129.74,,buy_limit_zone,healthy_pullback,ma60,129.74,131.55,129.74,131.55,124.32,3.0,40.0,intraday,initial_stop_or_d40_close,2026-08-04,pullback_limit_uses_ma60_anchor,5.0,8.0,3.0,1.0,1.0,-0.57,available,neutral,15.600000381469728,0.3,1.03,0.5758,0.0,v1.3.1-shadow,open,1,2026-08-04,131.15,,,,0,,,2.8961,3.2328,-0.3119,10.85,,,0.82,1.0,33,1,2026-08-06,,
2026-08-04T09:01:26.767245-04:00,2026-08-03,v1.3.3,premarket,0.0,xnys,LITE,v1.2.1,v1.3.1-shadow,v1.3.1-shadow,8142e595d788ac06,ndx-99-78834e47b659,healthy_pullback,healthy_pullback,5.0,ma20,747.53,,buy_limit_zone,healthy_pullback,ma20,747.53,786.07,747.53,786.07,631.91,3.0,40.0,intraday,initial_stop_or_d40_close,2026-08-04,pullback_limit_uses_ma20_anchor,8.0,8.0,0.0,0.0,0.0,11.82,available,neutral,15.600000381469728,0.3,1.03,0.5758,0.0,v1.3.1-shadow,unfilled,0,,,,,,0,,,,,,2.29,,,0.0,1.0,33,1,2026-08-06,2026-08-06,entry_not_reached
2026-08-04T09:01:26.767245-04:00,2026-08-03,v1.3.3,premarket,0.0,xnys,IDXX,v1.2.1,v1.3.1-shadow,v1.3.1-shadow,8142e595d788ac06,ndx-99-78834e47b659,healthy_pullback,healthy_pullback,5.0,ma20,558.98,,buy_limit_zone,healthy_pullback,ma20,558.98,567.68,558.98,567.68,532.88,3.0,40.0,intraday,initial_stop_or_d40_close,2026-08-04,pullback_limit_uses_ma20_anchor,6.0,6.0,0.0,0.0,0.0,3.9,available,neutral,15.600000381469728,0.3,1.03,0.5758,0.0,v1.3.1-shadow,unfilled,0,,,,,,0,,,,,,-7.3,,,0.0,1.0,33,1,2026-08-06,2026-08-06,entry_not_reached
2026-08-04T09:01:26.767245-04:00,2026-08-03,v1.3.3,premarket,0.0,xnys,ISRG,v1.2.1,v1.3.1-shadow,v1.3.1-shadow,8142e595d788ac06,ndx-99-78834e47b659,healthy_pullback,healthy_pullback,5.0,ma20,372.55,,buy_limit_zone,healthy_pullback,ma20,372.55,380.67,372.55,380.67,348.19,3.0,40.0,intraday,initial_stop_or_d40_close,2026-08-04,pullback_limit_uses_ma20_anchor,6.0,6.0,0.0,0.0,0.0,-0.48,available,neutral,15.600000381469728,0.3,1.03,0.5758,0.0,v1.3.1-shadow,completed,1,2026-08-04,376.31,2026-09-08,348.19,initial_stop,0,-1.0,-1.0,,1.0324,-1.0238,0.27,,,0.0,1.0,33,1,2026-08-06,2026-09-08,
2026-08-04T09:01:26.767245-04:00,2026-08-03,v1.3.3,premarket,0.0,xnys,GOOGL,v1.2.1,v1.3.1-shadow,v1.3.1-shadow,8142e595d788ac06,ndx-99-78834e47b659,healthy_pullback,healthy_pullback,5.0,ma60,364.42,,buy_limit_zone,healthy_pullback,ma60,364.42,370.86,364.42,370.86,345.1,3.0,40.0,intraday,initial_stop_or_d40_close,2026-08-04,pullback_limit_uses_ma60_anchor,6.0,6.0,0.0,0.0,0.0,-1.45,available,neutral,15.600000381469728,0.3,1.03,0.5758,0.0,v1.3.1-shadow,completed,1,2026-08-04,368.22,2026-08-11,345.1,initial_stop,0,-1.0,-1.0,,0.7033,-1.074,-11.29,,,0.0,1.0,33,1,2026-08-06,2026-08-11,
2026-08-04T09:01:26.767245-04:00,2026-08-03,v1.3.3,premarket,0.0,xnys,PEP,v1.2.1,v1.3.1-shadow,v1.3.1-shadow,8142e595d788ac06,ndx-99-78834e47b659,healthy_pullback,healthy_pullback,5.0,ma20,138.59,,buy_limit_zone,healthy_pullback,ma20,138.59,140.27,138.59,140.27,133.56,3.0,40.0,intraday,initial_stop_or_d40_close,2026-08-04,pullback_limit_uses_ma20_anchor,5.0,5.0,0.0,0.0,0.0,-0.43,available,neutral,15.600000381469728,0.3,1.03,0.5758,0.0,v1.3.1-shadow,completed,1,2026-08-04,137.77,2026-09-17,133.56,initial_stop,0,-0.6485,-0.6485,,1.9311,-1.1496,0.5,,,1.48,1.0,33,1,2026-08-06,2026-09-17,
2026-08-05T09:01:58.814406-04:00,2026-08-04,v1.3.3,premarket,0.0,xnys,LITE,v1.2.1,v1.3.1-shadow,v1.3.1-shadow,8142e595d788ac06,ndx-99-78834e47b659,healthy_pullback,healthy_pullback,5.0,ma60,844.4,,buy_limit_zone,healthy_pullback,ma60,844.4,883.09,844.4,883.09,728.34,3.0,40.0,intraday,initial_stop_or_d40_close,2026-08-05,pullback_limit_uses_ma60_anchor,8.0,11.0,3.0,0.0,0.0,-2.39,available,neutral,16.850000381469727,0.47,0.15,0.6869,0.0,v1.3.1-shadow,open,1,2026-08-05,824.79,,,,0,,,1.1003,2.094,-0.418,5.36,,,0.0,1.0,32,1,2026-08-07,,
2026-08-05T09:01:58.814406-04:00,2026-08-04,v1.3.3,premarket,0.0,xnys,SHOP,v1.2.1,v1.3.1-shadow,v1.3.1-shadow,8142e595d788ac06,ndx-99-78834e47b659,healthy_pullback,healthy_pullback,5.0,ma20,122.27,,buy_limit_zone,healthy_pullback,ma20,122.27,125.48,122.27,125.48,112.65,3.0,40.0,intraday,initial_stop_or_d40_close,2026-08-05,pullback_limit_uses_ma20_anchor,7.0,10.0,3.0,0.0,0.0,21.25,available,neutral,16.850000381469727,0.47,0.15,0.6869,0.0,v1.3.1-shadow,unfilled,0,,,,,,0,,,,,,-1.64,,,0.0,1.0,32,1,2026-08-07,2026-08-07,entry_not_reached
2026-08-05T09:01:58.814406-04:00,2026-08-04,v1.3.3,premarket,0.0,xnys,NVDA,v1.2.1,v1.3.1-shadow,v1.3.1-shadow,8142e595d788ac06,ndx-99-78834e47b659,healthy_pullback,healthy_pullback,5.0,ma60,208.47,,buy_limit_zone,healthy_pullback,ma60,208.47,212.37,208.47,212.37,196.76,3.0,40.0,intraday,initial_stop_or_d40_close,2026-08-05,pullback_limit_uses_ma60_anchor,8.0,11.0,3.0,0.0,0.0,1.48,available,neutral,16.850000381469727,0.47,0.15,0.6869,0.0,v1.3.1-shadow,unfilled,0,,,,,,0,,,,,,2.37,,,0.0,1.0,32,1,2026-08-07,2026-08-07,entry_not_reached
2026-08-05T09:01:58.814406-04:00,2026-08-04,v1.3.3,premarket,0.0,xnys,AMD,v1.2.1,v1.3.1-shadow,v1.3.1-shadow,8142e595d788ac06,ndx-99-78834e47b659,healthy_pullback,healthy_pullback,5.0,ma20,511.81,,buy_limit_zone,healthy_pullback,ma20,511.81,531.51,511.81,531.51,452.71,3.0,40.0,intraday,initial_stop_or_d40_close,2026-08-05,pullback_limit_uses_ma20_anchor,7.0,10.0,3.0,0.0,0.0,-7.64,available,neutral,16.850000381469727,0.47,0.15,0.6869,0.0,v1.3.1-shadow,completed,1,2026-08-05,484.5,2026-08-24,452.71,initial_stop,0,-1.0,-1.0,,1.0333,-1.0538,-5.18,,,0.0,1.0,32,1,2026-08-07,2026-08-24,
2026-08-05T09:01:58.814406-04:00,2026-08-04,v1.3.3,premarket,0.0,xnys,ADI,v1.2.1,v1.3.1-shadow,v1.3.1-shadow,8142e595d788ac06,ndx-99-78834e47b659,healthy_pullback,healthy_pullback,5.0,ma20,378.09,,buy_limit_zone,healthy_pullback,ma20,378.09,385.13,378.09,385.13,356.96,3.0,40.0,intraday,initial_stop_or_d40_close,2026-08-05,pullback_limit_uses_ma20_anchor,7.0,10.0,3.0,0.0,0.0,-0.0,available,neutral,16.850000381469727,0.47,0.15,0.6869,0.0,v1.3.1-shadow,completed,1,2026-08-05,379.49,2026-09-01,356.33,gap_through_stop,0,-0.9791,-0.9791,,0.775,-1.3684,-5.53,,,1.1,1.0,32,1,2026-08-07,2026-09-01,
2026-08-05T09:01:58.814406-04:00,2026-08-04,v1.3.3,premarket,0.0,xnys,AVGO,v1.2.1,v1.3.1-shadow,v1.3.1-shadow,8142e595d788ac06,ndx-99-78834e47b659,healthy_pullback,healthy_pullback,5.0,ma60,399.13,,buy_limit_zone,healthy_pullback,ma60,399.13,407.54,399.13,407.54,373.89,3.0,40.0,intraday,initial_stop_or_d40_close,2026-08-05,pullback_limit_uses_ma60_anchor,7.0,10.0,3.0,0.0,0.0,-0.57,available,neutral,16.850000381469727,0.47,0.15,0.6869,0.0,v1.3.1-shadow,unfilled,0,,,,,,0,,,,,,-12.2,,,0.0,1.0,32,1,2026-08-07,2026-08-07,entry_not_reached
2026-08-05T09:01:58.814406-04:00,2026-08-04,v1.3.3,premarket,0.0,xnys,STX,v1.2.1,v1.3.1-shadow,v1.3.1-shadow,8142e595d788ac06,ndx-99-78834e47b659,healthy_pullback,healthy_pullback,5.0,ma20,842.06,,buy_limit_zone,healthy_pullback,ma20,842.06,880.8,842.06,880.8,725.85,3.0,40.0,intraday,initial_stop_or_d40_close,2026-08-05,pullback_limit_uses_ma20_anchor,7.0,10.0,3.0,0.0,0.0,-0.75,available,neutral,16.850000381469727,0.47,0.15,0.6869,0.0,v1.3.1-shadow,open,1,2026-08-05,848.13,,,,0,,,0.0872,1.3564,-0.7342,-3.48,,,0.0,1.0,32,1,2026-08-07,,
2026-08-05T09:01:58.814406-04:00,2026-08-04,v1.3.3,premarket,0.0,xnys,LRCX,v1.2.1,v1.3.1-shadow,v1.3.1-shadow,8142e595d788ac06,ndx-99-78834e47b659,healthy_pullback,healthy_pullback,5.0,ma20,313.6,,buy_limit_zone,healthy_pullback,ma20,313.6,326.18,313.6,326.18,275.85,3.0,40.0,intraday,initial_stop_or_d40_close,2026-08-05,pullback_limit_uses_ma20_anchor,6.0,9.0,3.0,1.0,1.0,-1.17,available,neutral,16.850000381469727,0.47,0.15,0.6869,0.0,v1.3.1-shadow,completed,1,2026-08-05,318.54,2026-09-14,275.0,gap_through_stop,0,-1.0199,-1.0199,,0.6264,-1.0611,-6.21,,,0.0,1.0,32,1,2026-08-07,2026-09-14,
2026-08-05T09:01:58.814406-04:00,2026-08-04,v1.3.3,premarket,0.0,xnys,MNST,v1.2.1,v1.3.1-shadow,v1.3.1-shadow,8142e595d788ac06,ndx-99-78834e47b659,healthy_pullback,healthy_pullback,5.0,ma60,92.56,,buy_limit_zone,healthy_pullback,ma60,92.56,93.68,92.56,93.68,89.2,3.0,40.0,intraday,initial_stop_or_d40_close,2026-08-05,pullback_limit_uses_ma60_anchor,6.0,9.0,3.0,1.0,1.0,2.46,available,neutral,16.850000381469727,0.47,0.15,0.6869,0.0,v1.3.1-shadow,invalidated,1,2026-08-05,47.455,2026-08-05,47.455,entry_at_or_below_stop,0,,,,,,88.1,,,0.0,2.0,32,1,2026-08-07,2026-08-05,gap_open_invalidated_initial_risk
2026-08-05T09:01:58.814406-04:00,2026-08-04,v1.3.3,premarket,0.0,xnys,ARM,v1.2.1,v1.3.1-shadow,v1.3.1-shadow,8142e595d788ac06,ndx-99-78834e47b659,healthy_pullback,healthy_pullback,5.0,ma20,273.02,,buy_limit_zone,healthy_pullback,ma20,273.02,285.46,273.02,285.46,235.71,3.0,40.0,intraday,initial_stop_or_d40_close,2026-08-05,pullback_limit_uses_ma20_anchor,6.0,9.0,3.0,1.0,1.0,-1.8,available,neutral,16.850000381469727,0.47,0.15,0.6869,0.0,v1.3.1-shadow,completed,1,2026-08-05,274.56,2026-08-24,235.71,initial_stop,0,-1.0,-1.0,,0.6364,-1.0623,-14.47,,,0.0,1.0,32,1,2026-08-07,2026-08-24,
2026-08-05T09:01:58.814406-04:00,2026-08-04,v1.3.3,premarket,0.0,xnys,INTC,v1.2.1,v1.3.1-shadow,v1.3.1-shadow,8142e595d788ac06,ndx-99-78834e47b659,healthy_pullback,healthy_pullback,5.0,ma20,98.46,,buy_limit_zone,healthy_pullback,ma20,98.46,102.34,98.46,102.34,86.82,3.0,40.0,intraday,initial_stop_or_d40_close,2026-08-05,pullback_limit_uses_ma20_anchor,6.0,9.0,3.0,1.0,0.0,-2.44,available,neutral,16.850000381469727,0.47,0.15,0.6869,0.0,v1.3.1-shadow,completed,1,2026-08-05,99.3,2026-08-24,86.82,initial_stop,0,-1.0,-1.0,,0.6627,-1.1346,-10.89,,,0.0,1.0,32,1,2026-08-07,2026-08-24,
2026-08-05T09:01:58.814406-04:00,2026-08-04,v1.3.3,premarket,0.0,xnys,NFLX,v1.2.1,v1.3.1-shadow,v1.3.1-shadow,8142e595d788ac06,ndx-99-78834e47b659,healthy_pullback,healthy_pullback,5.0,ma20,72.04,,buy_limit_zone,healthy_pullback,ma20,72.04,73.3,72.04,73.3,68.27,3.0,40.0,intraday,initial_stop_or_d40_close,2026-08-05,pullback_limit_uses_ma20_anchor,6.0,9.0,3.0,1.0,0.0,1.6,available,neutral,16.850000381469727,0.47,0.15,0.6869,0.0,v1.3.1-shadow,open,1,2026-08-05,73.3,,,,0,,,-0.3002,2.0477,-0.6342,11.5,,,0.0,1.0,32,1,2026-08-07,,
2026-08-05T09:01:58.814406-04:00,2026-08-04,v1.3.3,premarket,0.0,xnys,AMAT,v1.2.1,v1.3.1-shadow,v1.3.1-shadow,8142e595d788ac06,ndx-99-78834e47b659,healthy_pullback,healthy_pullback,5.0,ma20,542.5,,buy_limit_zone,healthy_pullback,ma20,542.5,562.46,542.5,562.46,482.61,3.0,40.0,intraday,initial_stop_or_d40_close,2026-08-05,pullback_limit_uses_ma20_anchor,6.0,9.0,3.0,1.0,0.0,-1.14,available,neutral,16.850000381469727,0.47,0.15,0.6869,0.0,v1.3.1-shadow,completed,1,2026-08-05,544.51,2026-08-24,481.88,gap_through_stop,0,-1.0032,-1.0032,,0.311,-1.1444,-17.83,,,0.53,1.0,32,1,2026-08-07,2026-08-24,
2026-08-05T09:01:58.814406-04:00,2026-08-04,v1.3.3,premarket,0.0,xnys,ORLY,v1.2.1,v1.3.1-shadow,v1.3.1-shadow,8142e595d788ac06,ndx-99-78834e47b659,healthy_pullback,healthy_pullback,5.0,ma60,88.76,,buy_limit_zone,healthy_pullback,ma60,88.76,90.2,88.76,90.2,84.43,3.0,40.0,intraday,initial_stop_or_d40_close,2026-08-05,pullback_limit_uses_ma60_anchor,6.0,9.0,3.0,1.0,0.0,0.63,available,neutral,16.850000381469727,0.47,0.15,0.6869,0.0,v1.3.1-shadow,unfilled,0,,,,,,0,,,,,,-6.92,,,0.0,1.0,32,1,2026-08-07,2026-08-07,entry_not_reached
2026-08-05T09:01:58.814406-04:00,2026-08-04,v1.3.3,premarket,0.0,xnys,GILD,v1.2.1,v1.3.1-shadow,v1.3.1-shadow,8142e595d788ac06,ndx-99-78834e47b659,healthy_pullback,healthy_pullback,5.0,ma20,132.18,,buy_limit_zone,healthy_pullback,ma20,132.18,134.07,132.18,134.07,126.5,3.0,40.0,intraday,initial_stop_or_d40_close,2026-08-05,pullback_limit_uses_ma20_anchor,5.0,8.0,3.0,1.0,0.0,1.54,available,neutral,16.850000381469727,0.47,0.15,0.6869,0.0,v1.3.1-shadow,open,1,2026-08-05,134.07,,,,0,,,2.2272,2.531,-0.6671,13.55,,,0.82,1.0,32,1,2026-08-07,,
2026-08-05T09:01:58.814406-04:00,2026-08-04,v1.3.3,premarket,0.0,xnys,VRTX,v1.2.1,v1.3.1-shadow,v1.3.1-shadow,8142e595d788ac06,ndx-99-78834e47b659,healthy_pullback,healthy_pullback,5.0,ma60,464.82,,buy_limit_zone,healthy_pullback,ma60,464.82,471.46,464.82,471.46,444.89,3.0,40.0,intraday,initial_stop_or_d40_close,2026-08-05,pullback_limit_uses_ma60_anchor,5.0,8.0,3.0,1.0,0.0,1.73,available,neutral,16.850000381469727,0.47,0.15,0.6869,0.0,v1.3.1-shadow,unfilled,0,,,,,,0,,,,,,14.83,,,0.0,1.0,32,1,2026-08-07,2026-08-07,entry_not_reached
2026-08-05T09:01:58.814406-04:00,2026-08-04,v1.3.3,premarket,0.0,xnys,MDLZ,v1.2.1,v1.3.1-shadow,v1.3.1-shadow,8142e595d788ac06,ndx-99-78834e47b659,healthy_pullback,healthy_pullback,5.0,ma20,60.77,,buy_limit_zone,healthy_pullback,ma20,60.77,61.65,60.77,61.65,58.14,3.0,40.0,intraday,initial_stop_or_d40_close,2026-08-05,pullback_limit_uses_ma20_anchor,5.0,8.0,3.0,1.0,0.0,1.08,available,neutral,16.850000381469727,0.47,0.15,0.6869,0.0,v1.3.1-shadow,open,1,2026-08-05,61.65,,,,0,,,-0.2279,1.1111,-0.3362,-0.24,,,0.0,1.0,32,1,2026-08-07,,
2026-08-05T09:01:58.814406-04:00,2026-08-04,v1.3.3,premarket,0.0,xnys,KDP,v1.2.1,v1.3.1-shadow,v1.3.1-shadow,8142e595d788ac06,ndx-99-78834e47b659,healthy_pullback,healthy_pullback,5.0,ma20,30.75,,buy_limit_zone,healthy_pullback,ma20,30.75,31.16,30.75,31.16,29.51,3.0,40.0,intraday,initial_stop_or_d40_close,2026-08-05,pullback_limit_uses_ma20_anchor,5.0,8.0,3.0,1.0,0.0,0.64,available,neutral,16.850000381469727,0.47,0.15,0.6869,0.0,v1.3.1-shadow,completed,1,2026-08-05,31.16,2026-08-07,29.51,initial_stop,0,-1.0,-1.0,,1.2,-1.0364,5.98,,,0.0,1.0,32,1,2026-08-07,2026-08-07,
2026-08-05T09:01:58.814406-04:00,2026-08-04,v1.3.3,premarket,0.0,xnys,AAPL,v1.2.1,v1.3.1-shadow,v1.3.1-shadow,8142e595d788ac06,ndx-99-78834e47b659,healthy_pullback,healthy_pullback,5.0,ma60,307.71,,buy_limit_zone,healthy_pullback,ma60,307.71,312.54,307.71,312.54,293.23,3.0,40.0,intraday,initial_stop_or_d40_close,2026-08-05,pullback_limit_uses_ma60_anchor,6.0,6.0,0.0,0.0,0.0,-0.3,available,neutral,16.850000381469727,0.47,0.15,0.6869,0.0,v1.3.1-shadow,open,1,2026-08-05,309.36,,,,0,,,1.6764,1.806,-0.5449,4.58,,,0.27,1.0,32,1,2026-08-07,,
2026-08-05T09:01:58.814406-04:00,2026-08-04,v1.3.3,premarket,0.0,xnys,EXC,v1.2.1,v1.3.1-shadow,v1.3.1-shadow,8142e595d788ac06,ndx-99-78834e47b659,healthy_pullback,healthy_pullback,5.0,ma60,45.83,,buy_limit_zone,healthy_pullback,ma60,45.83,46.35,45.83,46.35,44.26,3.0,40.0,intraday,initial_stop_or_d40_close,2026-08-05,pullback_limit_uses_ma60_anchor,5.0,5.0,0.0,0.0,0.0,-1.33,available,neutral,16.850000381469727,0.47,0.15,0.6869,0.0,v1.3.1-shadow,completed,1,2026-08-05,45.83,2026-08-21,44.26,initial_stop,0,-1.0,-1.0,,0.3822,-1.3248,-3.91,,,0.0,1.0,32,1,2026-08-07,2026-08-21,
2026-08-06T09:01:46.054977-04:00,2026-08-05,v1.3.3,premarket,0.0,xnys,ASML,v1.2.1,v1.3.1-shadow,v1.3.1-shadow,8142e595d788ac06,ndx-99-78834e47b659,consolidation_dip,consolidation_dip,10.0,ma60,1719.28,,buy_stop_reclaim,consolidation_dip,ma60,1719.28,1719.28,1719.28,1758.48,1601.69,5.0,40.0,intraday,initial_stop_or_d40_close,2026-08-06,price_below_ma60_wait_for_reclaim,11.0,14.0,3.0,0.0,0.0,,no_premarket_trade,neutral,15.850000381469728,,,0.6465,0.0,v1.3.1-shadow,completed,1,2026-08-06,1719.28,2026-09-14,1594.21,gap_through_stop,0,-1.0636,-1.0636,,1.5058,-1.2453,-3.41,,,0.0,1.0,31,1,2026-08-12,2026-09-14,
2026-08-06T09:01:46.054977-04:00,2026-08-05,v1.3.3,premarket,0.0,xnys,AMAT,v1.2.1,v1.3.1-shadow,v1.3.1-shadow,8142e595d788ac06,ndx-99-78834e47b659,consolidation_dip,consolidation_dip,10.0,ma60,529.72,,buy_limit_zone,consolidation_dip,ma60,529.72,548.98,529.72,548.98,471.94,5.0,40.0,intraday,initial_stop_or_d40_close,2026-08-06,pullback_limit_inside_ma60_zone,11.0,14.0,3.0,0.0,0.0,,no_premarket_trade,neutral,15.850000381469728,,,0.6465,0.0,v1.3.1-shadow,completed,1,2026-08-06,525.34,2026-08-27,471.94,initial_stop,0,-0.9901,-0.9901,,0.7195,-1.0176,-17.26,,,0.53,1.0,31,1,2026-08-12,2026-08-27,
2026-08-06T09:01:46.054977-04:00,2026-08-05,v1.3.3,premarket,0.0,xnys,LITE,v1.2.1,v1.3.1-shadow,v1.3.1-shadow,8142e595d788ac06,ndx-99-78834e47b659,consolidation_dip,consolidation_dip,10.0,ma60,843.11,,buy_stop_reclaim,consolidation_dip,ma60,843.11,843.11,843.11,881.63,727.54,5.0,40.0,intraday,initial_stop_or_d40_close,2026-08-06,price_below_ma60_wait_for_reclaim,13.0,13.0,0.0,0.0,0.0,,no_premarket_trade,neutral,15.850000381469728,,,0.6465,0.0,v1.3.1-shadow,open,1,2026-08-06,843.11,,,,0,,,0.7597,1.5891,-0.5074,1.11,,,0.0,1.0,31,1,2026-08-12,,
2026-08-06T09:01:46.054977-04:00,2026-08-05,v1.3.3,premarket,0.0,xnys,FER,v1.2.1,v1.3.1-shadow,v1.3.1-shadow,8142e595d788ac06,ndx-99-78834e47b659,consolidation_dip,consolidation_dip,10.0,ma60,66.51,,buy_limit_zone,consolidation_dip,ma60,66.51,67.51,66.51,67.51,63.52,5.0,40.0,intraday,initial_stop_or_d40_close,2026-08-06,pullback_limit_inside_ma60_zone,11.0,11.0,0.0,0.0,0.0,,no_premarket_trade,neutral,15.850000381469728,,,0.6465,0.0,v1.3.1-shadow,completed,1,2026-08-06,66.25,2026-08-18,63.42,gap_through_stop,0,-1.0366,-1.0366,,0.1905,-1.0879,-11.15,,,0.0,1.0,31,1,2026-08-12,2026-08-18,
2026-08-06T09:01:46.054977-04:00,2026-08-05,v1.3.3,premarket,0.0,xnys,VRSK,v1.2.1,v1.3.1-shadow,v1.3.1-shadow,8142e595d788ac06,ndx-99-78834e47b659,consolidation_dip,consolidation_dip,10.0,ma60,183.23,,buy_limit_zone,consolidation_dip,ma60,183.23,187.16,183.23,187.16,171.44,5.0,40.0,intraday,initial_stop_or_d40_close,2026-08-06,pullback_limit_inside_ma60_zone,10.0,10.0,0.0,0.0,0.0,,no_premarket_trade,neutral,15.850000381469728,,,0.6465,0.0,v1.3.1-shadow,open,1,2026-08-06,187.16,,,,0,,,-0.7156,0.6393,-0.9777,0.45,,,0.5,1.0,31,1,2026-08-12,,
2026-08-06T09:01:46.054977-04:00,2026-08-05,v1.3.3,premarket,0.0,xnys,MPWR,v1.2.1,v1.3.1-shadow,v1.3.1-shadow,8142e595d788ac06,ndx-99-78834e47b659,healthy_pullback,healthy_pullback,5.0,ma20,1342.17,,buy_limit_zone,healthy_pullback,ma20,1342.17,1387.17,1342.17,1387.17,1207.16,3.0,40.0,intraday,initial_stop_or_d40_close,2026-08-06,pullback_limit_uses_ma20_anchor,6.0,9.0,3.0,1.0,1.0,,no_premarket_trade,neutral,15.850000381469728,,,0.6465,0.0,v1.3.1-shadow,completed,1,2026-08-06,1313.25,2026-09-03,1200.7,gap_through_stop,0,-1.0609,-1.0609,,1.4303,-1.1666,-10.7,,,0.0,1.0,31,1,2026-08-10,2026-09-03,
2026-08-06T09:01:46.054977-04:00,2026-08-05,v1.3.3,premarket,0.0,xnys,INTC,v1.2.1,v1.3.1-shadow,v1.3.1-shadow,8142e595d788ac06,ndx-99-78834e47b659,healthy_pullback,healthy_pullback,5.0,ma20,98.0,,buy_limit_zone,healthy_pullback,ma20,98.0,101.79,98.0,101.79,86.63,3.0,40.0,intraday,initial_stop_or_d40_close,2026-08-06,pullback_limit_uses_ma20_anchor,6.0,9.0,3.0,1.0,1.0,,no_premarket_trade,neutral,15.850000381469728,,,0.6465,0.0,v1.3.1-shadow,completed,1,2026-08-06,98.22,2026-08-24,86.63,initial_stop,0,-1.0,-1.0,,0.8067,-1.1286,-8.16,,,0.0,1.0,31,1,2026-08-10,2026-08-24,
2026-08-06T09:01:46.054977-04:00,2026-08-05,v1.3.3,premarket,0.0,xnys,AAPL,v1.2.1,v1.3.1-shadow,v1.3.1-shadow,8142e595d788ac06,ndx-99-78834e47b659,healthy_pullback,healthy_pullback,5.0,ma60,308.01,,buy_limit_zone,healthy_pullback,ma60,308.01,312.7,308.01,312.7,293.95,3.0,40.0,intraday,initial_stop_or_d40_close,2026-08-06,pullback_limit_uses_ma60_anchor,6.0,6.0,0.0,0.0,0.0,,no_premarket_trade,neutral,15.850000381469728,,,0.6465,0.0,v1.3.1-shadow,open,1,2026-08-06,312.7,,,,0,,,1.264,1.3755,-0.6469,5.14,,,0.27,1.0,31,1,2026-08-10,,
2026-08-06T09:01:46.054977-04:00,2026-08-05,v1.3.3,premarket,0.0,xnys,WMT,v1.2.1,v1.3.1-shadow,v1.3.1-shadow,8142e595d788ac06,ndx-99-78834e47b659,healthy_pullback,healthy_pullback,5.0,ma20,112.1,,buy_limit_zone,healthy_pullback,ma20,112.1,113.42,112.1,113.42,108.14,3.0,40.0,intraday,initial_stop_or_d40_close,2026-08-06,pullback_limit_uses_ma20_anchor,5.0,5.0,0.0,0.0,0.0,,no_premarket_trade,neutral,15.850000381469728,,,0.6465,0.0,v1.3.1-shadow,completed,1,2026-08-06,113.42,2026-08-20,106.38,gap_through_stop,0,-1.3333,-1.3333,,0.6534,-2.0019,-3.04,,,0.0,1.0,31,1,2026-08-10,2026-08-20,
2026-08-06T09:01:46.054977-04:00,2026-08-05,v1.3.3,premarket,0.0,xnys,VRTX,v1.2.1,v1.3.1-shadow,v1.3.1-shadow,8142e595d788ac06,ndx-99-78834e47b659,healthy_pullback,healthy_pullback,5.0,ma20,480.93,,buy_limit_zone,healthy_pullback,ma20,480.93,487.42,480.93,487.42,461.46,3.0,40.0,intraday,initial_stop_or_d40_close,2026-08-06,pullback_limit_uses_ma20_anchor,5.0,5.0,0.0,0.0,0.0,,no_premarket_trade,neutral,15.850000381469728,,,0.6465,0.0,v1.3.1-shadow,open,1,2026-08-06,487.42,,,,0,,,0.8059,2.8055,-0.2527,15.27,,,0.0,1.0,31,1,2026-08-10,,
2026-08-07T09:01:44.757965-04:00,2026-08-06,v1.3.3,premarket,0.0,xnys,ASML,v1.2.1,v1.3.1-shadow,v1.3.1-shadow,8142e595d788ac06,ndx-99-78834e47b659,consolidation_dip,consolidation_dip,10.0,ma60,1721.62,,buy_stop_reclaim,consolidation_dip,ma60,1721.62,1721.62,1721.62,1760.49,1605.0,5.0,40.0,intraday,initial_stop_or_d40_close,2026-08-07,price_below_ma60_wait_for_reclaim,11.0,14.0,3.0,0.0,0.0,3.57,available,bull,15.260000228881836,0.51,1.15,0.6263,0.0,v1.3.1-shadow,completed,1,2026-08-07,1759.71,2026-09-14,1594.21,gap_through_stop,0,-1.0697,-1.0697,,0.8832,-1.2079,-1.5,,,0.0,1.0,30,1,2026-08-13,2026-09-14,
2026-08-07T09:01:44.757965-04:00,2026-08-06,v1.3.3,premarket,0.0,xnys,ARM,v1.2.1,v1.3.1-shadow,v1.3.1-shadow,8142e595d788ac06,ndx-99-78834e47b659,consolidation_dip,consolidation_dip,10.0,ma60,310.3,,buy_stop_reclaim,consolidation_dip,ma60,310.3,310.3,310.3,322.31,274.26,5.0,40.0,intraday,initial_stop_or_d40_close,2026-08-07,price_below_ma60_wait_for_reclaim,11.0,14.0,3.0,0.0,0.0,3.25,available,bull,15.260000228881836,0.51,1.15,0.6263,0.0,v1.3.1-shadow,unfilled,0,,,,,,0,,,,,,-10.79,,,0.0,1.0,30,1,2026-08-13,2026-08-13,entry_not_reached
2026-08-07T09:01:44.757965-04:00,2026-08-06,v1.3.3,premarket,0.0,xnys,AMAT,v1.2.1,v1.3.1-shadow,v1.3.1-shadow,8142e595d788ac06,ndx-99-78834e47b659,consolidation_dip,consolidation_dip,10.0,ma60,531.13,,buy_stop_reclaim,consolidation_dip,ma60,531.13,531.13,531.13,549.81,475.09,5.0,40.0,intraday,initial_stop_or_d40_close,2026-08-07,price_below_ma60_wait_for_reclaim,11.0,14.0,3.0,0.0,0.0,3.7,available,bull,15.260000228881836,0.51,1.15,0.6263,0.0,v1.3.1-shadow,completed,1,2026-08-07,539.59,2026-08-24,475.09,initial_stop,0,-0.9918,-0.9918,,0.3747,-1.022,-15.56,,,0.53,1.0,30,1,2026-08-13,2026-08-24,
2026-08-07T09:01:44.757965-04:00,2026-08-06,v1.3.3,premarket,0.0,xnys,NXPI,v1.2.1,v1.3.1-shadow,v1.3.1-shadow,8142e595d788ac06,ndx-99-78834e47b659,oversold_bounce,oversold_bounce,7.0,previous_high,236.65,,buy_stop_reclaim,oversold_bounce,previous_high,236.65,237.86,237.86,240.9,213.57,5.0,40.0,intraday,initial_stop_or_d40_close,2026-08-07,oversold_requires_break_above_signal_bar_high,8.0,11.0,3.0,0.0,0.0,2.05,available,bull,15.260000228881836,0.51,1.15,0.6263,0.0,v1.3.1-shadow,open,1,2026-08-07,237.86,,,,0,,,-0.3646,0.1906,-0.8728,-4.95,,,1.014,1.0,30,1,2026-08-13,,
2026-08-07T09:01:44.757965-04:00,2026-08-06,v1.3.3,premarket,0.0,xnys,CSCO,v1.2.1,v1.3.1-shadow,v1.3.1-shadow,8142e595d788ac06,ndx-99-78834e47b659,consolidation_dip,consolidation_dip,10.0,ma60,116.94,,buy_limit_zone,consolidation_dip,ma60,116.94,118.92,116.94,118.92,111.01,5.0,40.0,intraday,initial_stop_or_d40_close,2026-08-07,pullback_limit_inside_ma60_zone,11.0,11.0,0.0,0.0,0.0,0.76,available,bull,15.260000228881836,0.51,1.15,0.6263,0.0,v1.3.1-shadow,completed,1,2026-08-13,113.93,2026-08-14,111.01,initial_stop,0,-1.0,-1.0,,0.6918,-1.3253,-10.07,,,0.0,1.0,30,1,2026-08-13,2026-08-14,
2026-08-07T09:01:44.757965-04:00,2026-08-06,v1.3.3,premarket,0.0,xnys,FANG,v1.2.1,v1.3.1-shadow,v1.3.1-shadow,8142e595d788ac06,ndx-99-78834e47b659,consolidation_dip,consolidation_dip,10.0,ma60,192.83,,buy_stop_reclaim,consolidation_dip,ma60,192.83,192.83,192.83,196.03,183.22,5.0,40.0,intraday,initial_stop_or_d40_close,2026-08-07,price_below_ma60_wait_for_reclaim,10.0,10.0,0.0,0.0,0.0,-1.64,available,bull,15.260000228881836,0.51,1.15,0.6263,0.0,v1.3.1-shadow,open,1,2026-08-10,192.83,,,,0,,,0.0718,2.5047,-0.2112,6.53,,,1.1,1.0,30,1,2026-08-13,,
2026-08-07T09:01:44.757965-04:00,2026-08-06,v1.3.3,premarket,0.0,xnys,MPWR,v1.2.1,v1.3.1-shadow,v1.3.1-shadow,8142e595d788ac06,ndx-99-78834e47b659,healthy_pullback,healthy_pullback,5.0,ma20,1341.42,,buy_limit_zone,healthy_pullback,ma20,1341.42,1387.02,1341.42,1387.02,1204.62,3.0,40.0,intraday,initial_stop_or_d40_close,2026-08-07,pullback_limit_uses_ma20_anchor,6.0,9.0,3.0,1.0,1.0,3.23,available,bull,15.260000228881836,0.51,1.15,0.6263,0.0,v1.3.1-shadow,completed,1,2026-08-07,1385.97,2026-09-03,1200.7,gap_through_stop,0,-1.0216,-1.0216,,0.4357,-1.0834,-12.68,,,0.0,1.0,30,1,2026-08-11,2026-09-03,
2026-08-07T09:01:44.757965-04:00,2026-08-06,v1.3.3,premarket,0.0,xnys,STX,v1.2.1,v1.3.1-shadow,v1.3.1-shadow,8142e595d788ac06,ndx-99-78834e47b659,healthy_pullback,healthy_pullback,5.0,ma20,839.09,,buy_limit_zone,healthy_pullback,ma20,839.09,878.0,839.09,878.0,722.37,3.0,40.0,intraday,initial_stop_or_d40_close,2026-08-07,pullback_limit_uses_ma20_anchor,7.0,7.0,0.0,0.0,0.0,2.7,available,bull,15.260000228881836,0.51,1.15,0.6263,0.0,v1.3.1-shadow,open,1,2026-08-07,862.68,,,,0,,,-0.0277,1.0784,-0.7436,4.49,,,0.0,1.0,30,1,2026-08-11,,
2026-08-07T09:01:44.757965-04:00,2026-08-06,v1.3.3,premarket,0.0,xnys,COST,v1.2.1,v1.3.1-shadow,v1.3.1-shadow,8142e595d788ac06,ndx-99-78834e47b659,healthy_pullback,healthy_pullback,5.0,ma20,939.87,,buy_limit_zone,healthy_pullback,ma20,939.87,949.53,939.87,949.53,910.89,3.0,40.0,intraday,initial_stop_or_d40_close,2026-08-07,pullback_limit_uses_ma20_anchor,6.0,6.0,0.0,0.0,0.0,-0.65,available,bull,15.260000228881836,0.51,1.15,0.6263,0.0,v1.3.1-shadow,completed,1,2026-08-07,943.51,2026-09-08,910.89,initial_stop,0,-1.0,-1.0,,1.0788,-1.1468,-3.38,,,0.0,1.0,30,1,2026-08-11,2026-09-08,
2026-08-07T09:01:44.757965-04:00,2026-08-06,v1.3.3,premarket,0.0,xnys,AAPL,v1.2.1,v1.3.1-shadow,v1.3.1-shadow,8142e595d788ac06,ndx-99-78834e47b659,healthy_pullback,healthy_pullback,5.0,ma60,308.34,,buy_limit_zone,healthy_pullback,ma60,308.34,313.01,308.34,313.01,294.34,3.0,40.0,intraday,initial_stop_or_d40_close,2026-08-07,pullback_limit_uses_ma60_anchor,6.0,6.0,0.0,0.0,0.0,-0.04,available,bull,15.260000228881836,0.51,1.15,0.6263,0.0,v1.3.1-shadow,open,1,2026-08-07,311.45,,,,0,,,1.4582,1.5804,-0.6359,2.21,,,0.27,1.0,30,1,2026-08-11,,
2026-08-07T09:01:44.757965-04:00,2026-08-06,v1.3.3,premarket,0.0,xnys,TRI,v1.2.1,v1.3.1-shadow,v1.3.1-shadow,8142e595d788ac06,ndx-99-78834e47b659,healthy_pullback,healthy_pullback,5.0,ma20,96.47,,buy_limit_zone,healthy_pullback,ma20,96.47,99.67,96.47,99.67,86.87,3.0,40.0,intraday,initial_stop_or_d40_close,2026-08-07,pullback_limit_uses_ma20_anchor,5.0,5.0,0.0,0.0,0.0,0.76,available,bull,15.260000228881836,0.51,1.15,0.6263,0.0,v1.3.1-shadow,open,1,2026-08-07,99.67,,,,0,,,-0.3613,1.0234,-0.4578,4.42,,,0.655,1.0,30,1,2026-08-11,,
2026-08-07T09:01:44.757965-04:00,2026-08-06,v1.3.3,premarket,0.0,xnys,VRSK,v1.2.1,v1.3.1-shadow,v1.3.1-shadow,8142e595d788ac06,ndx-99-78834e47b659,healthy_pullback,healthy_pullback,5.0,ma60,183.59,,buy_limit_zone,healthy_pullback,ma60,183.59,187.49,183.59,187.49,171.9,3.0,40.0,intraday,initial_stop_or_d40_close,2026-08-07,pullback_limit_uses_ma60_anchor,5.0,5.0,0.0,0.0,0.0,-0.25,available,bull,15.260000228881836,0.51,1.15,0.6263,0.0,v1.3.1-shadow,completed,1,2026-08-10,180.9,2026-09-09,171.9,initial_stop,0,-1.0,-1.0,,1.8122,-1.0122,-3.14,,,0.0,1.0,30,1,2026-08-11,2026-09-09,
2026-08-07T09:01:44.757965-04:00,2026-08-06,v1.3.3,premarket,0.0,xnys,CPRT,v1.2.1,v1.3.1-shadow,v1.3.1-shadow,8142e595d788ac06,ndx-99-78834e47b659,healthy_pullback,healthy_pullback,5.0,ma20,28.47,,buy_limit_zone,healthy_pullback,ma20,28.47,28.95,28.47,28.95,27.03,3.0,40.0,intraday,initial_stop_or_d40_close,2026-08-07,pullback_limit_uses_ma20_anchor,5.0,5.0,0.0,0.0,0.0,0.07,available,bull,15.260000228881836,0.51,1.15,0.6263,0.0,v1.3.1-shadow,open,1,2026-08-07,28.71,,,,0,,,0.3393,3.5238,-0.0179,13.69,,,0.0,1.0,30,1,2026-08-11,,
2026-08-10T09:01:57.076338-04:00,2026-08-07,v1.3.3,premarket,0.0,xnys,ADI,v1.2.1,v1.3.1-shadow,v1.3.1-shadow,8142e595d788ac06,ndx-99-78834e47b659,consolidation_dip,consolidation_dip,10.0,ma60,397.69,,buy_stop_reclaim,consolidation_dip,ma60,397.69,397.69,397.69,404.48,377.32,5.0,40.0,intraday,initial_stop_or_d40_close,2026-08-10,price_below_ma60_wait_for_reclaim,12.0,15.0,3.0,0.0,0.0,-0.14,available,neutral,15.420000076293944,-0.05,-0.13,0.7172,0.0,v1.3.1-shadow,unfilled,0,,,,,,0,,,,,,-5.11,,,0.0,1.0,29,1,2026-08-14,2026-08-14,entry_not_reached
2026-08-10T09:01:57.076338-04:00,2026-08-07,v1.3.3,premarket,0.0,xnys,AAPL,v1.2.1,v1.3.1-shadow,v1.3.1-shadow,8142e595d788ac06,ndx-99-78834e47b659,consolidation_dip,consolidation_dip,10.0,ma60,308.64,,buy_limit_zone,consolidation_dip,ma60,308.64,313.1,308.64,313.1,295.26,5.0,40.0,intraday,initial_stop_or_d40_close,2026-08-10,pullback_limit_inside_ma60_zone,11.0,14.0,3.0,0.0,0.0,-1.32,available,neutral,15.420000076293944,-0.05,-0.13,0.7172,0.0,v1.3.1-shadow,open,1,2026-08-10,306.83,,,,0,,,2.5324,2.7364,-0.5411,2.58,,,0.0,1.0,29,1,2026-08-14,,
2026-08-10T09:01:57.076338-04:00,2026-08-07,v1.3.3,premarket,0.0,xnys,META,v1.2.1,v1.3.1-shadow,v1.3.1-shadow,8142e595d788ac06,ndx-99-78834e47b659,consolidation_dip,consolidation_dip,10.0,ma60,601.82,,buy_stop_reclaim,consolidation_dip,ma60,601.82,601.82,601.82,613.07,568.07,5.0,40.0,intraday,initial_stop_or_d40_close,2026-08-10,price_below_ma60_wait_for_reclaim,11.0,14.0,3.0,0.0,0.0,1.96,available,neutral,15.420000076293944,-0.05,-0.13,0.7172,0.0,v1.3.1-shadow,completed,1,2026-08-10,601.82,2026-08-17,568.07,initial_stop,0,-1.0,-1.0,,0.3144,-1.0984,3.12,,,0.0,1.0,29,1,2026-08-14,2026-08-17,
2026-08-10T09:01:57.076338-04:00,2026-08-07,v1.3.3,premarket,0.0,xnys,GOOGL,v1.2.1,v1.3.1-shadow,v1.3.1-shadow,8142e595d788ac06,ndx-99-78834e47b659,consolidation_dip,consolidation_dip,10.0,ma60,362.4,,buy_stop_reclaim,consolidation_dip,ma60,362.4,362.4,362.4,369.17,342.1,5.0,40.0,intraday,initial_stop_or_d40_close,2026-08-10,price_below_ma60_wait_for_reclaim,11.0,14.0,3.0,0.0,0.0,0.54,available,neutral,15.420000076293944,-0.05,-0.13,0.7172,0.0,v1.3.1-shadow,unfilled,0,,,,,,0,,,,,,-5.3,,,0.0,1.0,29,1,2026-08-14,2026-08-14,entry_not_reached
2026-08-10T09:01:57.076338-04:00,2026-08-07,v1.3.3,premarket,0.0,xnys,LRCX,v1.2.1,v1.3.1-shadow,v1.3.1-shadow,8142e595d788ac06,ndx-99-78834e47b659,consolidation_dip,consolidation_dip,10.0,ma60,330.97,,buy_stop_reclaim,consolidation_dip,ma60,330.97,330.97,330.97,342.74,295.65,5.0,40.0,intraday,initial_stop_or_d40_close,2026-08-10,price_below_ma60_wait_for_reclaim,11.0,14.0,3.0,0.0,0.0,1.78,available,neutral,15.420000076293944,-0.05,-0.13,0.7172,0.0,v1.3.1-shadow,completed,1,2026-08-13,330.97,2026-09-01,294.56,gap_through_stop,0,-1.0309,-1.0309,,0.4052,-1.2565,4.58,,,0.0,1.0,29,1,2026-08-14,2026-09-01,
2026-08-10T09:01:57.076338-04:00,2026-08-07,v1.3.3,premarket,0.0,xnys,MRVL,v1.2.1,v1.3.1-shadow,v1.3.1-shadow,8142e595d788ac06,ndx-99-78834e47b659,consolidation_dip,consolidation_dip,10.0,ma60,231.76,,buy_stop_reclaim,consolidation_dip,ma60,231.76,231.76,231.76,240.41,205.82,5.0,40.0,intraday,initial_stop_or_d40_close,2026-08-10,price_below_ma60_wait_for_reclaim,11.0,14.0,3.0,0.0,0.0,1.18,available,neutral,15.420000076293944,-0.05,-0.13,0.7172,0.0,v1.3.1-shadow,unfilled,0,,,,,,0,,,,,,8.08,,,0.0,1.0,29,1,2026-08-14,2026-08-14,entry_not_reached
2026-08-10T09:01:57.076338-04:00,2026-08-07,v1.3.3,premarket,0.0,xnys,ASML,v1.2.1,v1.3.1-shadow,v1.3.1-shadow,8142e595d788ac06,ndx-99-78834e47b659,consolidation_dip,consolidation_dip,10.0,ma60,1725.32,,buy_limit_zone,consolidation_dip,ma60,1725.32,1763.48,1725.32,1763.48,1610.84,5.0,40.0,intraday,initial_stop_or_d40_close,2026-08-10,pullback_limit_inside_ma60_zone,11.0,14.0,3.0,0.0,0.0,2.66,available,neutral,15.420000076293944,-0.05,-0.13,0.7172,0.0,v1.3.1-shadow,completed,1,2026-08-10,1763.48,2026-09-14,1594.21,gap_through_stop,0,-1.1089,-1.1089,,0.8705,-1.249,1.81,,,0.0,1.0,29,1,2026-08-14,2026-09-14,
2026-08-10T09:01:57.076338-04:00,2026-08-07,v1.3.3,premarket,0.0,xnys,AMAT,v1.2.1,v1.3.1-shadow,v1.3.1-shadow,8142e595d788ac06,ndx-99-78834e47b659,consolidation_dip,consolidation_dip,10.0,ma60,532.93,,buy_limit_zone,consolidation_dip,ma60,532.93,551.2,532.93,551.2,478.13,5.0,40.0,intraday,initial_stop_or_d40_close,2026-08-10,pullback_limit_inside_ma60_zone,11.0,14.0,3.0,0.0,0.0,2.39,available,neutral,15.420000076293944,-0.05,-0.13,0.7172,0.0,v1.3.1-shadow,completed,1,2026-08-10,551.2,2026-08-24,478.13,initial_stop,0,-0.9927,-0.9927,,0.1719,-1.061,-9.35,,,0.53,1.0,29,1,2026-08-14,2026-08-24,
2026-08-10T09:01:57.076338-04:00,2026-08-07,v1.3.3,premarket,0.0,xnys,ALNY,v1.2.1,v1.3.1-shadow,v1.3.1-shadow,8142e595d788ac06,ndx-99-78834e47b659,oversold_bounce,oversold_bounce,7.0,previous_high,219.64,,buy_stop_reclaim,oversold_bounce,previous_high,219.64,221.11,221.11,224.79,197.12,5.0,40.0,intraday,initial_stop_or_d40_close,2026-08-10,oversold_requires_break_above_signal_bar_high,10.0,13.0,3.0,0.0,1.0,0.36,available,neutral,15.420000076293944,-0.05,-0.13,0.7172,0.0,v1.3.1-shadow,open,1,2026-08-10,221.11,,,,0,,,0.7691,2.1246,-0.2293,19.87,,,0.0,1.0,29,1,2026-08-14,,
2026-08-10T09:01:57.076338-04:00,2026-08-07,v1.3.3,premarket,0.0,xnys,FANG,v1.2.1,v1.3.1-shadow,v1.3.1-shadow,8142e595d788ac06,ndx-99-78834e47b659,consolidation_dip,consolidation_dip,10.0,ma60,192.68,,buy_stop_reclaim,consolidation_dip,ma60,192.68,192.68,192.68,195.8,183.31,5.0,40.0,intraday,initial_stop_or_d40_close,2026-08-10,price_below_ma60_wait_for_reclaim,13.0,13.0,0.0,0.0,0.0,1.31,available,neutral,15.420000076293944,-0.05,-0.13,0.7172,0.0,v1.3.1-shadow,open,1,2026-08-10,192.68,,,,0,,,0.0896,2.5848,-0.2006,0.89,,,1.1,1.0,29,1,2026-08-14,,
2026-08-10T09:01:57.076338-04:00,2026-08-07,v1.3.3,premarket,0.0,xnys,APP,v1.2.1,v1.3.1-shadow,v1.3.1-shadow,8142e595d788ac06,ndx-99-78834e47b659,oversold_bounce,oversold_bounce,7.0,previous_high,350.93,,buy_stop_reclaim,oversold_bounce,previous_high,350.93,353.41,353.41,359.6,309.67,5.0,40.0,intraday,initial_stop_or_d40_close,2026-08-10,oversold_requires_break_above_signal_bar_high,10.0,10.0,0.0,0.0,0.0,0.23,available,neutral,15.420000076293944,-0.05,-0.13,0.7172,0.0,v1.3.1-shadow,unfilled,0,,,,,,0,,,,,,-7.96,,,0.0,1.0,29,1,2026-08-14,2026-08-14,entry_not_reached
2026-08-10T09:01:57.076338-04:00,2026-08-07,v1.3.3,premarket,0.0,xnys,PEP,v1.2.1,v1.3.1-shadow,v1.3.1-shadow,8142e595d788ac06,ndx-99-78834e47b659,consolidation_dip,consolidation_dip,10.0,ma60,141.54,,buy_stop_reclaim,consolidation_dip,ma60,141.54,141.54,141.54,143.05,137.0,5.0,40.0,intraday,initial_stop_or_d40_close,2026-08-10,price_below_ma60_wait_for_reclaim,10.0,10.0,0.0,0.0,0.0,0.02,available,neutral,15.420000076293944,-0.05,-0.13,0.7172,0.0,v1.3.1-shadow,unfilled,0,,,,,,0,,,,,,1.6,,,0.0,1.0,29,1,2026-08-14,2026-08-14,entry_not_reached
2026-08-10T09:01:57.076338-04:00,2026-08-07,v1.3.3,premarket,0.0,xnys,VRSK,v1.2.1,v1.3.1-shadow,v1.3.1-shadow,8142e595d788ac06,ndx-99-78834e47b659,consolidation_dip,consolidation_dip,10.0,ma60,184.02,,buy_limit_zone,consolidation_dip,ma60,184.02,187.96,184.02,187.96,172.2,5.0,40.0,intraday,initial_stop_or_d40_close,2026-08-10,pullback_limit_inside_ma60_zone,10.0,10.0,0.0,0.0,0.0,-5.86,available,neutral,15.420000076293944,-0.05,-0.13,0.7172,0.0,v1.3.1-shadow,completed,1,2026-08-10,180.9,2026-09-09,172.2,initial_stop,0,-1.0,-1.0,,1.8747,-1.0471,-3.14,,,0.0,1.0,29,1,2026-08-14,2026-09-09,
2026-08-10T09:01:57.076338-04:00,2026-08-07,v1.3.3,premarket,0.0,xnys,TXN,v1.2.1,v1.3.1-shadow,v1.3.1-shadow,8142e595d788ac06,ndx-99-78834e47b659,healthy_pullback,healthy_pullback,5.0,ma20,283.57,,buy_limit_zone,healthy_pullback,ma20,283.57,289.35,283.57,289.35,266.23,3.0,40.0,intraday,initial_stop_or_d40_close,2026-08-10,pullback_limit_uses_ma20_anchor,6.0,9.0,3.0,1.0,0.0,0.32,available,neutral,15.420000076293944,-0.05,-0.13,0.7172,0.0,v1.3.1-shadow,completed,1,2026-08-10,288.07,2026-08-20,266.23,initial_stop,0,-1.0,-1.0,,0.071,-1.0673,-7.67,,,0.0,1.0,29,1,2026-08-12,2026-08-20,
2026-08-10T09:01:57.076338-04:00,2026-08-07,v1.3.3,premarket,0.0,xnys,GILD,v1.2.1,v1.3.1-shadow,v1.3.1-shadow,8142e595d788ac06,ndx-99-78834e47b659,healthy_pullback,healthy_pullback,5.0,ma20,131.95,,buy_limit_zone,healthy_pullback,ma20,131.95,134.0,131.95,134.0,125.8,3.0,40.0,intraday,initial_stop_or_d40_close,2026-08-10,pullback_limit_uses_ma20_anchor,5.0,8.0,3.0,1.0,0.0,-0.68,available,neutral,15.420000076293944,-0.05,-0.13,0.7172,0.0,v1.3.1-shadow,open,1,2026-08-10,131.61,,,,0,,,3.3253,3.7212,0.0,10.21,,,0.82,1.0,29,1,2026-08-12,,
2026-08-10T09:01:57.076338-04:00,2026-08-07,v1.3.3,premarket,0.0,xnys,TTWO,v1.2.1,v1.3.1-shadow,v1.3.1-shadow,8142e595d788ac06,ndx-99-78834e47b659,healthy_pullback,healthy_pullback,5.0,ma20,239.96,,buy_limit_zone,healthy_pullback,ma20,239.96,243.95,239.96,243.95,227.98,3.0,40.0,intraday,initial_stop_or_d40_close,2026-08-10,pullback_limit_uses_ma20_anchor,5.0,5.0,0.0,0.0,0.0,1.34,available,neutral,15.420000076293944,-0.05,-0.13,0.7172,0.0,v1.3.1-shadow,completed,1,2026-08-12,243.95,2026-08-27,227.98,initial_stop,0,-1.0,-1.0,,0.315,-1.1803,-15.89,,,0.0,1.0,29,1,2026-08-12,2026-08-27,
2026-08-10T09:01:57.076338-04:00,2026-08-07,v1.3.3,premarket,0.0,xnys,CEG,v1.2.1,v1.3.1-shadow,v1.3.1-shadow,8142e595d788ac06,ndx-99-78834e47b659,healthy_pullback,healthy_pullback,5.0,ma20,263.4,,buy_limit_zone,healthy_pullback,ma20,263.4,268.72,263.4,268.72,247.45,3.0,40.0,intraday,initial_stop_or_d40_close,2026-08-10,pullback_limit_uses_ma20_anchor,6.0,6.0,0.0,0.0,0.0,0.22,available,neutral,15.420000076293944,-0.05,-0.13,0.7172,0.0,v1.3.1-shadow,open,1,2026-08-10,268.72,,,,0,,,-0.6386,1.7433,-0.6657,10.74,,,0.427,1.0,29,1,2026-08-12,,
2026-08-10T09:01:57.076338-04:00,2026-08-07,v1.3.3,premarket,0.0,xnys,FER,v1.2.1,v1.3.1-shadow,v1.3.1-shadow,8142e595d788ac06,ndx-99-78834e47b659,healthy_pullback,healthy_pullback,5.0,ma60,66.41,,buy_limit_zone,healthy_pullback,ma60,66.41,67.41,66.41,67.41,63.42,3.0,40.0,intraday,initial_stop_or_d40_close,2026-08-10,pullback_limit_uses_ma60_anchor,6.0,6.0,0.0,0.0,0.0,-0.06,available,neutral,15.420000076293944,-0.05,-0.13,0.7172,0.0,v1.3.1-shadow,completed,1,2026-08-10,66.53,2026-08-18,63.42,gap_through_stop,0,-1.0,-1.0,,0.0322,-1.045,-11.37,,,0.0,1.0,29,1,2026-08-12,2026-08-18,
2026-08-10T09:01:57.076338-04:00,2026-08-07,v1.3.3,premarket,0.0,xnys,CPRT,v1.2.1,v1.3.1-shadow,v1.3.1-shadow,8142e595d788ac06,ndx-99-78834e47b659,healthy_pullback,healthy_pullback,5.0,ma20,28.57,,buy_limit_zone,healthy_pullback,ma20,28.57,29.07,28.57,29.07,27.07,3.0,40.0,intraday,initial_stop_or_d40_close,2026-08-10,pullback_limit_uses_ma20_anchor,5.0,5.0,0.0,0.0,0.0,0.1,available,neutral,15.420000076293944,-0.05,-0.13,0.7172,0.0,v1.3.1-shadow,open,1,2026-08-10,29.07,,,,0,,,0.105,2.78,-0.195,10.17,,,0.0,1.0,29,1,2026-08-12,,
2026-08-11T09:01:31.369685-04:00,2026-08-10,v1.3.3,premarket,0.0,xnys,ADI,v1.2.1,v1.3.1-shadow,v1.3.1-shadow,8142e595d788ac06,ndx-99-78834e47b659,consolidation_dip,consolidation_dip,10.0,ma60,396.9,,buy_stop_reclaim,consolidation_dip,ma60,396.9,396.9,396.9,403.69,376.53,5.0,40.0,intraday,initial_stop_or_d40_close,2026-08-11,price_below_ma60_wait_for_reclaim,12.0,15.0,3.0,0.0,0.0,0.83,available,neutral,15.539999961853027,0.16,0.35,0.6667,0.0,v1.3.1-shadow,completed,1,2026-08-17,396.9,2026-08-18,376.53,initial_stop,0,-1.0,-1.0,,0.0025,-1.3093,-4.96,,,0.0,1.0,28,1,2026-08-17,2026-08-18,
2026-08-11T09:01:31.369685-04:00,2026-08-10,v1.3.3,premarket,0.0,xnys,AMD,v1.2.1,v1.3.1-shadow,v1.3.1-shadow,8142e595d788ac06,ndx-99-78834e47b659,consolidation_dip,consolidation_dip,10.0,ma60,504.11,,buy_stop_reclaim,consolidation_dip,ma60,504.11,504.11,504.11,522.92,447.67,5.0,40.0,intraday,initial_stop_or_d40_close,2026-08-11,price_below_ma60_wait_for_reclaim,12.0,15.0,3.0,0.0,0.0,0.72,available,neutral,15.539999961853027,0.16,0.35,0.6667,0.0,v1.3.1-shadow,completed,1,2026-08-14,504.11,2026-09-03,447.67,initial_stop,0,-1.0,-1.0,,0.2346,-1.127,9.86,,,0.0,1.0,28,1,2026-08-17,2026-09-03,
2026-08-11T09:01:31.369685-04:00,2026-08-10,v1.3.3,premarket,0.0,xnys,MPWR,v1.2.1,v1.3.1-shadow,v1.3.1-shadow,8142e595d788ac06,ndx-99-78834e47b659,consolidation_dip,consolidation_dip,10.0,ma60,1441.67,,buy_stop_reclaim,consolidation_dip,ma60,1441.67,1441.67,1441.67,1485.19,1311.11,5.0,40.0,intraday,initial_stop_or_d40_close,2026-08-11,price_below_ma60_wait_for_reclaim,11.0,14.0,3.0,0.0,0.0,1.59,available,neutral,15.539999961853027,0.16,0.35,0.6667,0.0,v1.3.1-shadow,completed,1,2026-08-12,1451.1801,2026-08-18,1311.11,initial_stop,0,-1.0,-1.0,,0.0986,-1.0563,-14.15,,,0.0,1.0,28,1,2026-08-17,2026-08-18,
2026-08-11T09:01:31.369685-04:00,2026-08-10,v1.3.3,premarket,0.0,xnys,FANG,v1.2.1,v1.3.1-shadow,v1.3.1-shadow,8142e595d788ac06,ndx-99-78834e47b659,consolidation_dip,consolidation_dip,10.0,ma60,192.66,,buy_limit_zone,consolidation_dip,ma60,192.66,195.98,192.66,195.98,182.71,5.0,40.0,intraday,initial_stop_or_d40_close,2026-08-11,pullback_limit_inside_ma60_zone,13.0,13.0,0.0,0.0,0.0,-0.11,available,neutral,15.539999961853027,0.16,0.35,0.6667,0.0,v1.3.1-shadow,unfilled,0,,,,,,0,,,,,,1.0,,,0.0,1.0,28,1,2026-08-17,2026-08-17,entry_not_reached
2026-08-11T09:01:31.369685-04:00,2026-08-10,v1.3.3,premarket,0.0,xnys,FER,v1.2.1,v1.3.1-shadow,v1.3.1-shadow,8142e595d788ac06,ndx-99-78834e47b659,consolidation_dip,consolidation_dip,10.0,ma60,66.38,,buy_stop_reclaim,consolidation_dip,ma60,66.38,66.38,66.38,67.36,63.44,5.0,40.0,intraday,initial_stop_or_d40_close,2026-08-11,price_below_ma60_wait_for_reclaim,11.0,11.0,0.0,0.0,0.0,,stale_quote,neutral,15.539999961853027,0.16,0.35,0.6667,0.0,v1.3.1-shadow,completed,1,2026-08-12,66.49,2026-08-18,63.42,gap_through_stop,0,-1.0066,-1.0066,,0.0459,-1.0525,-13.87,,,0.0,1.0,28,1,2026-08-17,2026-08-18,
2026-08-11T09:01:31.369685-04:00,2026-08-10,v1.3.3,premarket,0.0,xnys,GOOGL,v1.2.1,v1.3.1-shadow,v1.3.1-shadow,8142e595d788ac06,ndx-99-78834e47b659,consolidation_dip,consolidation_dip,10.0,ma60,361.65,,buy_stop_reclaim,consolidation_dip,ma60,361.65,361.65,361.65,368.21,341.96,5.0,40.0,intraday,initial_stop_or_d40_close,2026-08-11,price_below_ma60_wait_for_reclaim,11.0,11.0,0.0,0.0,0.0,-0.29,available,neutral,15.539999961853027,0.16,0.35,0.6667,0.0,v1.3.1-shadow,unfilled,0,,,,,,0,,,,,,-3.76,,,0.0,1.0,28,1,2026-08-17,2026-08-17,entry_not_reached
2026-08-11T09:01:31.369685-04:00,2026-08-10,v1.3.3,premarket,0.0,xnys,NFLX,v1.2.1,v1.3.1-shadow,v1.3.1-shadow,8142e595d788ac06,ndx-99-78834e47b659,consolidation_dip,consolidation_dip,10.0,ma60,77.56,,buy_stop_reclaim,consolidation_dip,ma60,77.56,77.56,77.56,78.82,73.79,5.0,40.0,intraday,initial_stop_or_d40_close,2026-08-11,price_below_ma60_wait_for_reclaim,11.0,11.0,0.0,0.0,0.0,0.09,available,neutral,15.539999961853027,0.16,0.35,0.6667,0.0,v1.3.1-shadow,completed,1,2026-08-13,77.56,2026-09-18,71.27,gap_through_stop,0,-1.6684,-1.6684,,1.6021,-1.9761,1.66,,,0.0,1.0,28,1,2026-08-17,2026-09-18,
2026-08-11T09:01:31.369685-04:00,2026-08-10,v1.3.3,premarket,0.0,xnys,ASML,v1.2.1,v1.3.1-shadow,v1.3.1-shadow,8142e595d788ac06,ndx-99-78834e47b659,consolidation_dip,consolidation_dip,10.0,ma60,1727.88,,buy_limit_zone,consolidation_dip,ma60,1727.88,1766.34,1727.88,1766.34,1612.51,5.0,40.0,intraday,initial_stop_or_d40_close,2026-08-11,pullback_limit_inside_ma60_zone,11.0,11.0,0.0,0.0,0.0,3.35,available,neutral,15.539999961853027,0.16,0.35,0.6667,0.0,v1.3.1-shadow,unfilled,0,,,,,,0,,,,,,-3.88,,,0.0,1.0,28,1,2026-08-17,2026-08-17,entry_not_reached
2026-08-11T09:01:31.369685-04:00,2026-08-10,v1.3.3,premarket,0.0,xnys,CEG,v1.2.1,v1.3.1-shadow,v1.3.1-shadow,8142e595d788ac06,ndx-99-78834e47b659,consolidation_dip,consolidation_dip,10.0,ma60,263.87,,buy_limit_zone,consolidation_dip,ma60,263.87,269.02,263.87,269.02,248.43,5.0,40.0,intraday,initial_stop_or_d40_close,2026-08-11,pullback_limit_inside_ma60_zone,11.0,11.0,0.0,0.0,0.0,0.73,available,neutral,15.539999961853027,0.16,0.35,0.6667,0.0,v1.3.1-shadow,unfilled,0,,,,,,0,,,,,,5.74,,,0.0,1.0,28,1,2026-08-17,2026-08-17,entry_not_reached
2026-08-11T09:01:31.369685-04:00,2026-08-10,v1.3.3,premarket,0.0,xnys,TMUS,v1.2.1,v1.3.1-shadow,v1.3.1-shadow,8142e595d788ac06,ndx-99-78834e47b659,consolidation_dip,consolidation_dip,10.0,ma60,183.15,,buy_stop_reclaim,consolidation_dip,ma60,183.15,183.15,183.15,186.66,172.61,5.0,40.0,intraday,initial_stop_or_d40_close,2026-08-11,price_below_ma60_wait_for_reclaim,10.0,10.0,0.0,0.0,0.0,0.08,available,neutral,15.539999961853027,0.16,0.35,0.6667,0.0,v1.3.1-shadow,completed,1,2026-08-13,183.15,2026-09-17,172.61,initial_stop,0,-0.9032,-0.9032,,0.6376,-1.5939,-0.12,,,1.02,1.0,28,1,2026-08-17,2026-09-17,
2026-08-11T09:01:31.369685-04:00,2026-08-10,v1.3.3,premarket,0.0,xnys,COST,v1.2.1,v1.3.1-shadow,v1.3.1-shadow,8142e595d788ac06,ndx-99-78834e47b659,healthy_pullback,healthy_pullback,5.0,ma20,942.91,,buy_limit_zone,healthy_pullback,ma20,942.91,957.2,942.91,957.2,900.04,3.0,40.0,intraday,initial_stop_or_d40_close,2026-08-11,pullback_limit_uses_ma20_anchor,6.0,9.0,3.0,1.0,0.0,-0.14,available,neutral,15.539999961853027,0.16,0.35,0.6667,0.0,v1.3.1-shadow,completed,1,2026-08-11,950.05,2026-09-09,900.04,initial_stop,0,-1.0,-1.0,,0.5729,-1.0322,-4.42,,,0.0,1.0,28,1,2026-08-13,2026-09-09,
2026-08-11T09:01:31.369685-04:00,2026-08-10,v1.3.3,premarket,0.0,xnys,WMT,v1.2.1,v1.3.1-shadow,v1.3.1-shadow,8142e595d788ac06,ndx-99-78834e47b659,healthy_pullback,healthy_pullback,5.0,ma20,111.89,,buy_limit_zone,healthy_pullback,ma20,111.89,113.22,111.89,113.22,107.89,3.0,40.0,intraday,initial_stop_or_d40_close,2026-08-11,pullback_limit_uses_ma20_anchor,5.0,8.0,3.0,1.0,0.0,-0.18,available,neutral,15.539999961853027,0.16,0.35,0.6667,0.0,v1.3.1-shadow,completed,1,2026-08-11,112.44,2026-08-20,106.38,gap_through_stop,0,-1.3319,-1.3319,,0.9736,-2.1077,-6.34,,,0.0,1.0,28,1,2026-08-13,2026-08-20,
2026-08-11T09:01:31.369685-04:00,2026-08-10,v1.3.3,premarket,0.0,xnys,DDOG,v1.2.1,v1.3.1-shadow,v1.3.1-shadow,8142e595d788ac06,ndx-99-78834e47b659,healthy_pullback,healthy_pullback,5.0,ma20,259.18,,buy_limit_zone,healthy_pullback,ma20,259.18,267.93,259.18,267.93,232.92,3.0,40.0,intraday,initial_stop_or_d40_close,2026-08-11,pullback_limit_uses_ma20_anchor,7.0,7.0,0.0,0.0,0.0,-0.68,available,neutral,15.539999961853027,0.16,0.35,0.6667,0.0,v1.3.1-shadow,completed,1,2026-08-11,256.63,2026-08-19,232.92,initial_stop,0,-1.0,-1.0,,0.0681,-1.0321,-8.72,,,0.0,1.0,28,1,2026-08-13,2026-08-19,
2026-08-12T09:01:39.817927-04:00,2026-08-11,v1.3.3,premarket,0.0,xnys,ADI,v1.2.1,v1.3.1-shadow,v1.3.1-shadow,8142e595d788ac06,ndx-99-78834e47b659,consolidation_dip,consolidation_dip,10.0,ma60,396.23,,buy_stop_reclaim,consolidation_dip,ma60,396.23,396.23,396.23,402.69,376.85,5.0,40.0,intraday,initial_stop_or_d40_close,2026-08-12,price_below_ma60_wait_for_reclaim,12.0,15.0,3.0,0.0,0.0,2.76,available,neutral,15.100000381469728,0.45,0.97,0.6869,0.0,v1.3.1-shadow,completed,1,2026-08-12,396.23,2026-08-18,376.85,initial_stop,0,-1.0,-1.0,,0.0372,-1.3416,-5.74,,,0.0,1.0,27,1,2026-08-18,2026-08-18,
2026-08-12T09:01:39.817927-04:00,2026-08-11,v1.3.3,premarket,0.0,xnys,AMD,v1.2.1,v1.3.1-shadow,v1.3.1-shadow,8142e595d788ac06,ndx-99-78834e47b659,consolidation_dip,consolidation_dip,10.0,ma60,504.52,,buy_stop_reclaim,consolidation_dip,ma60,504.52,504.52,504.52,522.0,452.08,5.0,40.0,intraday,initial_stop_or_d40_close,2026-08-12,price_below_ma60_wait_for_reclaim,12.0,15.0,3.0,0.0,0.0,1.94,available,neutral,15.100000381469728,0.45,0.97,0.6869,0.0,v1.3.1-shadow,completed,1,2026-08-14,504.52,2026-08-24,452.08,initial_stop,0,-1.0,-1.0,,0.2447,-1.0206,4.28,,,0.0,1.0,27,1,2026-08-18,2026-08-24,
2026-08-12T09:01:39.817927-04:00,2026-08-11,v1.3.3,premarket,0.0,xnys,MPWR,v1.2.1,v1.3.1-shadow,v1.3.1-shadow,8142e595d788ac06,ndx-99-78834e47b659,consolidation_dip,consolidation_dip,10.0,ma60,1438.18,,buy_stop_reclaim,consolidation_dip,ma60,1438.18,1438.18,1438.18,1479.85,1313.16,5.0,40.0,intraday,initial_stop_or_d40_close,2026-08-12,price_below_ma60_wait_for_reclaim,11.0,14.0,3.0,0.0,0.0,3.77,available,neutral,15.100000381469728,0.45,0.97,0.6869,0.0,v1.3.1-shadow,completed,1,2026-08-12,1451.1801,2026-08-18,1313.16,initial_stop,0,-1.0,-1.0,,0.1001,-1.072,-16.77,,,0.0,1.0,27,1,2026-08-18,2026-08-18,
2026-08-12T09:01:39.817927-04:00,2026-08-11,v1.3.3,premarket,0.0,xnys,MU,v1.2.1,v1.3.1-shadow,v1.3.1-shadow,8142e595d788ac06,ndx-99-78834e47b659,consolidation_dip,consolidation_dip,10.0,ma60,940.77,,buy_stop_reclaim,consolidation_dip,ma60,940.77,940.77,940.77,978.27,828.27,5.0,40.0,intraday,initial_stop_or_d40_close,2026-08-12,price_below_ma60_wait_for_reclaim,13.0,13.0,0.0,0.0,0.0,4.32,available,neutral,15.100000381469728,0.45,0.97,0.6869,0.0,v1.3.1-shadow,open,1,2026-08-13,940.77,,,,0,,,0.6669,0.9034,-0.4725,7.26,,,0.0,1.0,27,1,2026-08-18,,
2026-08-12T09:01:39.817927-04:00,2026-08-11,v1.3.3,premarket,0.0,xnys,FER,v1.2.1,v1.3.1-shadow,v1.3.1-shadow,8142e595d788ac06,ndx-99-78834e47b659,consolidation_dip,consolidation_dip,10.0,ma60,66.35,,buy_stop_reclaim,consolidation_dip,ma60,66.35,66.35,66.35,67.34,63.39,5.0,40.0,intraday,initial_stop_or_d40_close,2026-08-12,price_below_ma60_wait_for_reclaim,11.0,11.0,0.0,0.0,0.0,,stale_quote,neutral,15.100000381469728,0.45,0.97,0.6869,0.0,v1.3.1-shadow,completed,1,2026-08-12,66.49,2026-08-18,63.39,initial_stop,0,-1.0,-1.0,,0.0452,-1.0355,-15.83,,,0.0,1.0,27,1,2026-08-18,2026-08-18,
2026-08-12T09:01:39.817927-04:00,2026-08-11,v1.3.3,premarket,0.0,xnys,TMUS,v1.2.1,v1.3.1-shadow,v1.3.1-shadow,8142e595d788ac06,ndx-99-78834e47b659,consolidation_dip,consolidation_dip,10.0,ma60,183.01,,buy_stop_reclaim,consolidation_dip,ma60,183.01,183.01,183.01,186.56,172.36,5.0,40.0,intraday,initial_stop_or_d40_close,2026-08-12,price_below_ma60_wait_for_reclaim,10.0,10.0,0.0,0.0,0.0,-0.39,available,neutral,15.100000381469728,0.45,0.97,0.6869,0.0,v1.3.1-shadow,completed,1,2026-08-13,183.01,2026-09-17,172.36,initial_stop,0,-0.9042,-0.9042,,0.6441,-1.5643,0.59,,,1.02,1.0,27,1,2026-08-18,2026-09-17,
2026-08-12T09:01:39.817927-04:00,2026-08-11,v1.3.3,premarket,0.0,xnys,VRSK,v1.2.1,v1.3.1-shadow,v1.3.1-shadow,8142e595d788ac06,ndx-99-78834e47b659,consolidation_dip,consolidation_dip,10.0,ma60,184.77,,buy_stop_reclaim,consolidation_dip,ma60,184.77,184.77,184.77,188.86,172.5,5.0,40.0,intraday,initial_stop_or_d40_close,2026-08-12,price_below_ma60_wait_for_reclaim,10.0,10.0,0.0,0.0,0.0,0.71,available,neutral,15.100000381469728,0.45,0.97,0.6869,0.0,v1.3.1-shadow,completed,1,2026-08-13,184.77,2026-09-09,172.5,initial_stop,0,-1.0,-1.0,,1.0139,-1.0579,-2.51,,,0.0,1.0,27,1,2026-08-18,2026-09-09,
2026-08-12T09:01:39.817927-04:00,2026-08-11,v1.3.3,premarket,0.0,xnys,INTC,v1.2.1,v1.3.1-shadow,v1.3.1-shadow,8142e595d788ac06,ndx-99-78834e47b659,healthy_pullback,healthy_pullback,5.0,ma20,96.17,,buy_limit_zone,healthy_pullback,ma20,96.17,99.7,96.17,99.7,85.58,3.0,40.0,intraday,initial_stop_or_d40_close,2026-08-12,pullback_limit_uses_ma20_anchor,6.0,9.0,3.0,1.0,1.0,2.46,available,neutral,15.100000381469728,0.45,0.97,0.6869,0.0,v1.3.1-shadow,unfilled,0,,,,,,0,,,,,,-0.62,,,0.0,1.0,27,1,2026-08-14,2026-08-14,entry_not_reached
2026-08-12T09:01:39.817927-04:00,2026-08-11,v1.3.3,premarket,0.0,xnys,MDLZ,v1.2.1,v1.3.1-shadow,v1.3.1-shadow,8142e595d788ac06,ndx-99-78834e47b659,healthy_pullback,healthy_pullback,5.0,ma20,61.57,,buy_limit_zone,healthy_pullback,ma20,61.57,62.41,61.57,62.41,59.04,3.0,40.0,intraday,initial_stop_or_d40_close,2026-08-12,pullback_limit_uses_ma20_anchor,5.0,8.0,3.0,1.0,1.0,0.09,available,neutral,15.100000381469728,0.45,0.97,0.6869,0.0,v1.3.1-shadow,open,1,2026-08-12,61.2,,,,0,,,-0.162,2.0139,-0.338,0.47,,,0.0,1.0,27,1,2026-08-14,,
2026-08-12T09:01:39.817927-04:00,2026-08-11,v1.3.3,premarket,0.0,xnys,WMT,v1.2.1,v1.3.1-shadow,v1.3.1-shadow,8142e595d788ac06,ndx-99-78834e47b659,healthy_pullback,healthy_pullback,5.0,ma20,111.87,,buy_limit_zone,healthy_pullback,ma20,111.87,113.13,111.87,113.13,108.09,3.0,40.0,intraday,initial_stop_or_d40_close,2026-08-12,pullback_limit_uses_ma20_anchor,5.0,8.0,3.0,1.0,1.0,-0.43,available,neutral,15.100000381469728,0.45,0.97,0.6869,0.0,v1.3.1-shadow,completed,1,2026-08-12,112.37,2026-08-20,106.38,gap_through_stop,0,-1.3995,-1.3995,,1.0514,-2.2243,-8.65,,,0.0,1.0,27,1,2026-08-14,2026-08-20,
2026-08-12T09:01:39.817927-04:00,2026-08-11,v1.3.3,premarket,0.0,xnys,PEP,v1.2.1,v1.3.1-shadow,v1.3.1-shadow,8142e595d788ac06,ndx-99-78834e47b659,healthy_pullback,healthy_pullback,5.0,ma20,138.33,,buy_limit_zone,healthy_pullback,ma20,138.33,139.74,138.33,139.74,134.1,3.0,40.0,intraday,initial_stop_or_d40_close,2026-08-12,pullback_limit_uses_ma20_anchor,5.0,8.0,3.0,1.0,0.0,-0.41,available,neutral,15.100000381469728,0.45,0.97,0.6869,0.0,v1.3.1-shadow,completed,1,2026-08-12,137.52,2026-09-17,134.1,initial_stop,0,-0.5673,-0.5673,,2.4503,-1.3421,-0.41,,,1.48,1.0,27,1,2026-08-14,2026-09-17,
2026-08-12T09:01:39.817927-04:00,2026-08-11,v1.3.3,premarket,0.0,xnys,FANG,v1.2.1,v1.3.1-shadow,v1.3.1-shadow,8142e595d788ac06,ndx-99-78834e47b659,healthy_pullback,healthy_pullback,5.0,ma20,196.35,,buy_limit_zone,healthy_pullback,ma20,196.35,199.73,196.35,199.73,186.22,3.0,40.0,intraday,initial_stop_or_d40_close,2026-08-12,pullback_limit_uses_ma20_anchor,8.0,8.0,0.0,0.0,0.0,-1.2,available,neutral,15.100000381469728,0.45,0.97,0.6869,0.0,v1.3.1-shadow,open,1,2026-08-12,199.73,,,,0,,,-0.4597,1.2709,-0.6521,2.81,,,1.1,1.0,27,1,2026-08-14,,
2026-08-12T09:01:39.817927-04:00,2026-08-11,v1.3.3,premarket,0.0,xnys,ISRG,v1.2.1,v1.3.1-shadow,v1.3.1-shadow,8142e595d788ac06,ndx-99-78834e47b659,healthy_pullback,healthy_pullback,5.0,ma60,398.97,,buy_limit_zone,healthy_pullback,ma60,398.97,406.25,398.97,406.25,377.14,3.0,40.0,intraday,initial_stop_or_d40_close,2026-08-12,pullback_limit_uses_ma60_anchor,6.0,6.0,0.0,0.0,0.0,0.69,available,neutral,15.100000381469728,0.45,0.97,0.6869,0.0,v1.3.1-shadow,completed,1,2026-08-12,403.81,2026-08-20,377.14,initial_stop,0,-1.0,-1.0,,0.0574,-1.1702,-10.17,,,0.0,1.0,27,1,2026-08-14,2026-08-20,
2026-08-12T09:01:39.817927-04:00,2026-08-11,v1.3.3,premarket,0.0,xnys,KLAC,v1.2.1,v1.3.1-shadow,v1.3.1-shadow,8142e595d788ac06,ndx-99-78834e47b659,healthy_pullback,healthy_pullback,5.0,ma20,200.44,,buy_limit_zone,healthy_pullback,ma20,200.44,206.73,200.44,206.73,181.56,3.0,40.0,intraday,initial_stop_or_d40_close,2026-08-12,pullback_limit_uses_ma20_anchor,6.0,6.0,0.0,0.0,0.0,4.08,available,neutral,15.100000381469728,0.45,0.97,0.6869,0.0,v1.3.1-shadow,completed,1,2026-08-12,206.73,2026-08-24,180.02,gap_through_stop,0,-1.052,-1.052,,0.3206,-1.203,-14.81,,,0.23,1.0,27,1,2026-08-14,2026-08-24,
2026-08-12T09:01:39.817927-04:00,2026-08-11,v1.3.3,premarket,0.0,xnys,GILD,v1.2.1,v1.3.1-shadow,v1.3.1-shadow,8142e595d788ac06,ndx-99-78834e47b659,healthy_pullback,healthy_pullback,5.0,ma20,132.32,,buy_limit_zone,healthy_pullback,ma20,132.32,134.4,132.32,134.4,126.09,3.0,40.0,intraday,initial_stop_or_d40_close,2026-08-12,pullback_limit_uses_ma20_anchor,5.0,5.0,0.0,0.0,0.0,-0.57,available,neutral,15.100000381469728,0.45,0.97,0.6869,0.0,v1.3.1-shadow,open,1,2026-08-12,133.99,,,,0,,,2.1443,2.4354,-0.0873,6.58,,,0.82,1.0,27,1,2026-08-14,,
2026-08-13T09:02:10.738009-04:00,2026-08-12,v1.3.3,premarket,0.0,xnys,ADI,v1.2.1,v1.3.1-shadow,v1.3.1-shadow,8142e595d788ac06,ndx-99-78834e47b659,consolidation_dip,consolidation_dip,10.0,ma60,395.7,,buy_stop_reclaim,consolidation_dip,ma60,395.7,395.7,395.7,402.26,376.01,5.0,40.0,intraday,initial_stop_or_d40_close,2026-08-13,price_below_ma60_wait_for_reclaim,12.0,15.0,3.0,0.0,0.0,0.0,available,neutral,14.510000228881836,0.26,0.13,0.7071,0.0,v1.3.1-shadow,completed,1,2026-08-17,395.7,2026-08-18,376.01,initial_stop,0,-1.0,-1.0,,0.0635,-1.2935,-0.34,,,0.0,1.0,26,1,2026-08-19,2026-08-18,
2026-08-13T09:02:10.738009-04:00,2026-08-12,v1.3.3,premarket,0.0,xnys,AMD,v1.2.1,v1.3.1-shadow,v1.3.1-shadow,8142e595d788ac06,ndx-99-78834e47b659,consolidation_dip,consolidation_dip,10.0,ma60,505.5,,buy_stop_reclaim,consolidation_dip,ma60,505.5,505.5,505.5,522.69,453.94,5.0,40.0,intraday,initial_stop_or_d40_close,2026-08-13,price_below_ma60_wait_for_reclaim,12.0,15.0,3.0,0.0,0.0,-0.19,available,neutral,14.510000228881836,0.26,0.13,0.7071,0.0,v1.3.1-shadow,completed,1,2026-08-14,505.5,2026-08-24,453.94,initial_stop,0,-1.0,-1.0,,0.2298,-1.057,6.86,,,0.0,1.0,26,1,2026-08-19,2026-08-24,
2026-08-13T09:02:10.738009-04:00,2026-08-12,v1.3.3,premarket,0.0,xnys,COST,v1.2.1,v1.3.1-shadow,v1.3.1-shadow,8142e595d788ac06,ndx-99-78834e47b659,consolidation_dip,consolidation_dip,10.0,ma60,961.32,,buy_stop_reclaim,consolidation_dip,ma60,961.32,961.32,961.32,975.56,918.59,5.0,40.0,intraday,initial_stop_or_d40_close,2026-08-13,price_below_ma60_wait_for_reclaim,11.0,14.0,3.0,0.0,0.0,0.15,available,neutral,14.510000228881836,0.26,0.13,0.7071,0.0,v1.3.1-shadow,completed,1,2026-08-13,961.32,2026-09-03,918.59,initial_stop,0,-1.0,-1.0,,0.4067,-1.0768,-5.93,,,0.0,1.0,26,1,2026-08-19,2026-09-03,
2026-08-13T09:02:10.738009-04:00,2026-08-12,v1.3.3,premarket,0.0,xnys,MNST,v1.2.1,v1.3.1-shadow,v1.3.1-shadow,8142e595d788ac06,ndx-99-78834e47b659,oversold_bounce,oversold_bounce,7.0,previous_high,46.01,,buy_stop_reclaim,oversold_bounce,previous_high,46.01,46.53,46.53,47.83,38.16,5.0,40.0,intraday,initial_stop_or_d40_close,2026-08-13,oversold_requires_break_above_signal_bar_high,8.0,11.0,3.0,0.0,0.0,0.48,available,neutral,14.510000228881836,0.26,0.13,0.7071,0.0,v1.3.1-shadow,open,1,2026-08-13,46.53,,,,0,,,-0.2174,0.3238,-0.5185,-7.03,,,0.0,1.0,26,1,2026-08-19,,
2026-08-13T09:02:10.738009-04:00,2026-08-12,v1.3.3,premarket,0.0,xnys,SNDK,v1.2.1,v1.3.1-shadow,v1.3.1-shadow,8142e595d788ac06,ndx-99-78834e47b659,healthy_pullback,healthy_pullback,5.0,ma20,1333.38,,buy_limit_zone,healthy_pullback,ma20,1333.38,1411.12,1333.38,1411.12,1100.15,3.0,40.0,intraday,initial_stop_or_d40_close,2026-08-13,pullback_limit_uses_ma20_anchor,8.0,11.0,3.0,0.0,0.0,0.67,available,neutral,14.510000228881836,0.26,0.13,0.7071,0.0,v1.3.1-shadow,open,1,2026-08-13,1339.83,,,,0,,,1.8858,2.0367,-0.0344,6.89,,,0.0,1.0,26,1,2026-08-17,,
2026-08-13T09:02:10.738009-04:00,2026-08-12,v1.3.3,premarket,0.0,xnys,STX,v1.2.1,v1.3.1-shadow,v1.3.1-shadow,8142e595d788ac06,ndx-99-78834e47b659,healthy_pullback,healthy_pullback,5.0,ma60,877.6,,buy_limit_zone,healthy_pullback,ma60,877.6,915.31,877.6,915.31,764.48,3.0,40.0,intraday,initial_stop_or_d40_close,2026-08-13,pullback_limit_uses_ma60_anchor,7.0,10.0,3.0,0.0,0.0,-1.16,available,neutral,14.510000228881836,0.26,0.13,0.7071,0.0,v1.3.1-shadow,completed,1,2026-08-13,872.31,2026-09-03,764.48,initial_stop,0,-1.0,-1.0,,1.3139,-1.0089,-9.9,,,0.0,1.0,26,1,2026-08-17,2026-09-03,
2026-08-13T09:02:10.738009-04:00,2026-08-12,v1.3.3,premarket,0.0,xnys,VRSK,v1.2.1,v1.3.1-shadow,v1.3.1-shadow,8142e595d788ac06,ndx-99-78834e47b659,consolidation_dip,consolidation_dip,10.0,ma60,183.36,,buy_stop_reclaim,consolidation_dip,ma60,183.36,183.36,183.36,187.54,170.83,5.0,40.0,intraday,initial_stop_or_d40_close,2026-08-13,price_below_ma60_wait_for_reclaim,10.0,10.0,0.0,0.0,0.0,,stale_quote,neutral,14.510000228881836,0.26,0.13,0.7071,0.0,v1.3.1-shadow,open,1,2026-08-13,183.36,,,,0,,,-0.5946,1.1053,-0.9234,-5.24,,,0.5,1.0,26,1,2026-08-19,,
2026-08-13T09:02:10.738009-04:00,2026-08-12,v1.3.3,premarket,0.0,xnys,EXC,v1.2.1,v1.3.1-shadow,v1.3.1-shadow,8142e595d788ac06,ndx-99-78834e47b659,consolidation_dip,consolidation_dip,10.0,ma60,45.91,,buy_stop_reclaim,consolidation_dip,ma60,45.91,45.91,45.91,46.43,44.35,5.0,40.0,intraday,initial_stop_or_d40_close,2026-08-13,price_below_ma60_wait_for_reclaim,10.0,10.0,0.0,0.0,0.0,1.21,available,neutral,14.510000228881836,0.26,0.13,0.7071,0.0,v1.3.1-shadow,completed,1,2026-08-14,45.91,2026-08-21,44.35,initial_stop,0,-1.0,-1.0,,0.3333,-1.3846,-4.43,,,0.0,1.0,26,1,2026-08-19,2026-08-21,
2026-08-13T09:02:10.738009-04:00,2026-08-12,v1.3.3,premarket,0.0,xnys,TMUS,v1.2.1,v1.3.1-shadow,v1.3.1-shadow,8142e595d788ac06,ndx-99-78834e47b659,consolidation_dip,consolidation_dip,10.0,ma60,182.89,,buy_stop_reclaim,consolidation_dip,ma60,182.89,182.89,182.89,186.33,172.56,5.0,40.0,intraday,initial_stop_or_d40_close,2026-08-13,price_below_ma60_wait_for_reclaim,10.0,10.0,0.0,0.0,0.0,0.26,available,neutral,14.510000228881836,0.26,0.13,0.7071,0.0,v1.3.1-shadow,completed,1,2026-08-13,182.89,2026-09-17,172.56,initial_stop,0,-0.9013,-0.9013,,0.6757,-1.6012,-0.02,,,1.02,1.0,26,1,2026-08-19,2026-09-17,
2026-08-13T09:02:10.738009-04:00,2026-08-12,v1.3.3,premarket,0.0,xnys,WMT,v1.2.1,v1.3.1-shadow,v1.3.1-shadow,8142e595d788ac06,ndx-99-78834e47b659,healthy_pullback,healthy_pullback,5.0,ma20,112.04,,buy_limit_zone,healthy_pullback,ma20,112.04,113.36,112.04,113.36,108.08,3.0,40.0,intraday,initial_stop_or_d40_close,2026-08-13,pullback_limit_uses_ma20_anchor,5.0,8.0,3.0,1.0,1.0,0.19,available,neutral,14.510000228881836,0.26,0.13,0.7071,0.0,v1.3.1-shadow,unfilled,0,,,,,,0,,,,,,-7.19,,,0.0,1.0,26,1,2026-08-17,2026-08-17,entry_not_reached
2026-08-13T09:02:10.738009-04:00,2026-08-12,v1.3.3,premarket,0.0,xnys,MDLZ,v1.2.1,v1.3.1-shadow,v1.3.1-shadow,8142e595d788ac06,ndx-99-78834e47b659,healthy_pullback,healthy_pullback,5.0,ma20,61.74,,buy_limit_zone,healthy_pullback,ma20,61.74,62.56,61.74,62.56,59.28,3.0,40.0,intraday,initial_stop_or_d40_close,2026-08-13,pullback_limit_uses_ma20_anchor,5.0,8.0,3.0,1.0,0.0,0.5,available,neutral,14.510000228881836,0.26,0.13,0.7071,0.0,v1.3.1-shadow,open,1,2026-08-17,62.56,,,,0,,,-0.5213,0.9116,-0.6372,-1.72,,,0.0,1.0,26,1,2026-08-17,,
2026-08-13T09:02:10.738009-04:00,2026-08-12,v1.3.3,premarket,0.0,xnys,PEP,v1.2.1,v1.3.1-shadow,v1.3.1-shadow,8142e595d788ac06,ndx-99-78834e47b659,healthy_pullback,healthy_pullback,5.0,ma20,138.5,,buy_limit_zone,healthy_pullback,ma20,138.5,140.58,138.5,140.58,132.26,3.0,40.0,intraday,initial_stop_or_d40_close,2026-08-13,pullback_limit_uses_ma20_anchor,5.0,8.0,3.0,1.0,0.0,0.43,available,neutral,14.510000228881836,0.26,0.13,0.7071,0.0,v1.3.1-shadow,completed,1,2026-08-13,139.41,2026-09-18,132.21,gap_through_stop,0,-0.8,-0.8,,0.9077,-1.379,-2.01,,,1.48,1.0,26,1,2026-08-17,2026-09-18,
2026-08-13T09:02:10.738009-04:00,2026-08-12,v1.3.3,premarket,0.0,xnys,ISRG,v1.2.1,v1.3.1-shadow,v1.3.1-shadow,8142e595d788ac06,ndx-99-78834e47b659,healthy_pullback,healthy_pullback,5.0,ma60,398.64,,buy_limit_zone,healthy_pullback,ma60,398.64,404.94,398.64,404.94,379.73,3.0,40.0,intraday,initial_stop_or_d40_close,2026-08-13,pullback_limit_uses_ma60_anchor,6.0,6.0,0.0,0.0,0.0,0.64,available,neutral,14.510000228881836,0.26,0.13,0.7071,0.0,v1.3.1-shadow,completed,1,2026-08-13,403.72,2026-08-20,379.73,initial_stop,0,-1.0,-1.0,,0.0675,-1.2972,-8.0,,,0.0,1.0,26,1,2026-08-17,2026-08-20,
2026-08-13T09:02:10.738009-04:00,2026-08-12,v1.3.3,premarket,0.0,xnys,HON,v1.2.1,v1.3.1-shadow,v1.3.1-shadow,8142e595d788ac06,ndx-99-78834e47b659,healthy_pullback,healthy_pullback,5.0,ma60,234.65,,buy_limit_zone,healthy_pullback,ma60,234.65,238.52,234.65,238.52,223.03,3.0,40.0,intraday,initial_stop_or_d40_close,2026-08-13,pullback_limit_uses_ma60_anchor,5.0,5.0,0.0,0.0,0.0,0.01,available,neutral,14.510000228881836,0.26,0.13,0.7071,0.0,v1.3.1-shadow,completed,1,2026-08-13,235.5,2026-08-19,223.03,initial_stop,0,-0.9439,-0.9439,,0.0682,-1.1235,-13.22,,,0.7,1.0,26,1,2026-08-17,2026-08-19,
2026-08-14T09:01:44.564031-04:00,2026-08-13,v1.3.3,premarket,0.0,xnys,DDOG,v1.2.1,v1.3.1-shadow,v1.3.1-shadow,8142e595d788ac06,ndx-99-78834e47b659,consolidation_dip,consolidation_dip,10.0,ma60,246.13,,buy_limit_zone,consolidation_dip,ma60,246.13,254.45,246.13,254.45,221.17,5.0,40.0,intraday,initial_stop_or_d40_close,2026-08-14,pullback_limit_inside_ma60_zone,12.0,15.0,3.0,0.0,0.0,-0.38,available,neutral,14.529999732971191,0.11,0.28,0.697,0.0,v1.3.1-shadow,completed,1,2026-08-14,252.39,2026-08-26,220.46,gap_through_stop,0,-1.0227,-1.0227,,0.1784,-1.0695,-9.95,,,0.0,1.0,25,1,2026-08-20,2026-08-26,
2026-08-14T09:01:44.564031-04:00,2026-08-13,v1.3.3,premarket,0.0,xnys,AMD,v1.2.1,v1.3.1-shadow,v1.3.1-shadow,8142e595d788ac06,ndx-99-78834e47b659,consolidation_dip,consolidation_dip,10.0,ma60,506.54,,buy_stop_reclaim,consolidation_dip,ma60,506.54,506.54,506.54,522.84,457.64,5.0,40.0,intraday,initial_stop_or_d40_close,2026-08-14,price_below_ma60_wait_for_reclaim,12.0,15.0,3.0,0.0,0.0,0.63,available,neutral,14.529999732971191,0.11,0.28,0.697,0.0,v1.3.1-shadow,completed,1,2026-08-14,506.54,2026-08-24,457.64,initial_stop,0,-1.0,-1.0,,0.2211,-1.1358,-4.08,,,0.0,1.0,25,1,2026-08-20,2026-08-24,
2026-08-14T09:01:44.564031-04:00,2026-08-13,v1.3.3,premarket,0.0,xnys,MPWR,v1.2.1,v1.3.1-shadow,v1.3.1-shadow,8142e595d788ac06,ndx-99-78834e47b659,consolidation_dip,consolidation_dip,10.0,ma60,1434.11,,buy_stop_reclaim,consolidation_dip,ma60,1434.11,1434.11,1434.11,1475.25,1310.7,5.0,40.0,intraday,initial_stop_or_d40_close,2026-08-14,price_below_ma60_wait_for_reclaim,11.0,14.0,3.0,0.0,0.0,0.92,available,neutral,14.529999732971191,0.11,0.28,0.697,0.0,v1.3.1-shadow,completed,1,2026-08-17,1434.11,2026-08-18,1310.7,initial_stop,0,-1.0,-1.0,,0.1187,-1.0606,-18.46,,,0.0,1.0,25,1,2026-08-20,2026-08-18,
2026-08-14T09:01:44.564031-04:00,2026-08-13,v1.3.3,premarket,0.0,xnys,COST,v1.2.1,v1.3.1-shadow,v1.3.1-shadow,8142e595d788ac06,ndx-99-78834e47b659,consolidation_dip,consolidation_dip,10.0,ma60,959.44,,buy_limit_zone,consolidation_dip,ma60,959.44,973.87,959.44,973.87,916.16,5.0,40.0,intraday,initial_stop_or_d40_close,2026-08-14,pullback_limit_inside_ma60_zone,11.0,14.0,3.0,0.0,0.0,-0.19,available,neutral,14.529999732971191,0.11,0.28,0.697,0.0,v1.3.1-shadow,completed,1,2026-08-14,959.99,2026-09-03,916.16,initial_stop,0,-1.0,-1.0,,0.4269,-1.0194,-4.39,,,0.0,1.0,25,1,2026-08-20,2026-09-03,
2026-08-14T09:01:44.564031-04:00,2026-08-13,v1.3.3,premarket,0.0,xnys,MRVL,v1.2.1,v1.3.1-shadow,v1.3.1-shadow,8142e595d788ac06,ndx-99-78834e47b659,consolidation_dip,consolidation_dip,10.0,ma60,234.33,,buy_stop_reclaim,consolidation_dip,ma60,234.33,234.33,234.33,242.41,210.09,5.0,40.0,intraday,initial_stop_or_d40_close,2026-08-14,price_below_ma60_wait_for_reclaim,11.0,14.0,3.0,0.0,0.0,0.82,available,neutral,14.529999732971191,0.11,0.28,0.697,0.0,v1.3.1-shadow,completed,1,2026-08-17,234.33,2026-08-31,210.09,initial_stop,0,-1.0,-1.0,,0.8362,-1.0231,-1.44,,,0.0,1.0,25,1,2026-08-20,2026-08-31,
2026-08-14T09:01:44.564031-04:00,2026-08-13,v1.3.3,premarket,0.0,xnys,APP,v1.2.1,v1.3.1-shadow,v1.3.1-shadow,8142e595d788ac06,ndx-99-78834e47b659,oversold_bounce,oversold_bounce,7.0,previous_high,317.6,,buy_stop_reclaim,oversold_bounce,previous_high,317.6,319.81,319.81,325.34,279.47,5.0,40.0,intraday,initial_stop_or_d40_close,2026-08-14,oversold_requires_break_above_signal_bar_high,10.0,13.0,3.0,0.0,0.0,0.75,available,neutral,14.529999732971191,0.11,0.28,0.697,0.0,v1.3.1-shadow,open,1,2026-08-14,319.81,,,,0,,,-0.2913,0.4593,-0.553,5.96,,,0.0,1.0,25,1,2026-08-20,,
2026-08-14T09:01:44.564031-04:00,2026-08-13,v1.3.3,premarket,0.0,xnys,MNST,v1.2.1,v1.3.1-shadow,v1.3.1-shadow,8142e595d788ac06,ndx-99-78834e47b659,oversold_bounce,oversold_bounce,7.0,previous_high,46.97,,buy_stop_reclaim,oversold_bounce,previous_high,46.97,47.46,47.46,48.7,39.26,5.0,40.0,intraday,initial_stop_or_d40_close,2026-08-14,oversold_requires_break_above_signal_bar_high,8.0,11.0,3.0,0.0,1.0,-0.3,available,neutral,14.529999732971191,0.11,0.28,0.697,0.0,v1.3.1-shadow,open,1,2026-08-18,47.46,,,,0,,,-0.3354,0.2171,-0.6427,-5.6,,,0.0,1.0,25,1,2026-08-20,,
2026-08-14T09:01:44.564031-04:00,2026-08-13,v1.3.3,premarket,0.0,xnys,SNDK,v1.2.1,v1.3.1-shadow,v1.3.1-shadow,8142e595d788ac06,ndx-99-78834e47b659,healthy_pullback,healthy_pullback,5.0,ma20,1339.23,,buy_limit_zone,healthy_pullback,ma20,1339.23,1419.8,1339.23,1419.8,1097.51,3.0,40.0,intraday,initial_stop_or_d40_close,2026-08-14,pullback_limit_uses_ma20_anchor,8.0,11.0,3.0,0.0,1.0,6.99,available,neutral,14.529999732971191,0.11,0.28,0.697,0.0,v1.3.1-shadow,unfilled,0,,,,,,0,,,,,,-5.43,,,0.0,1.0,25,1,2026-08-18,2026-08-18,entry_not_reached
2026-08-14T09:01:44.564031-04:00,2026-08-13,v1.3.3,premarket,0.0,xnys,MU,v1.2.1,v1.3.1-shadow,v1.3.1-shadow,8142e595d788ac06,ndx-99-78834e47b659,healthy_pullback,healthy_pullback,5.0,ma60,948.36,,buy_limit_zone,healthy_pullback,ma60,948.36,985.74,948.36,985.74,836.22,3.0,40.0,intraday,initial_stop_or_d40_close,2026-08-14,pullback_limit_uses_ma60_anchor,8.0,11.0,3.0,0.0,1.0,3.28,available,neutral,14.529999732971191,0.11,0.28,0.697,0.0,v1.3.1-shadow,open,1,2026-08-14,979.32,,,,0,,,0.2549,0.4408,-0.6409,-4.9,,,0.0,1.0,25,1,2026-08-18,,
2026-08-14T09:01:44.564031-04:00,2026-08-13,v1.3.3,premarket,0.0,xnys,META,v1.2.1,v1.3.1-shadow,v1.3.1-shadow,8142e595d788ac06,ndx-99-78834e47b659,consolidation_dip,consolidation_dip,10.0,ma60,600.31,,buy_stop_reclaim,consolidation_dip,ma60,600.31,600.31,600.31,610.98,568.29,5.0,40.0,intraday,initial_stop_or_d40_close,2026-08-14,price_below_ma60_wait_for_reclaim,11.0,11.0,0.0,0.0,0.0,0.26,available,neutral,14.529999732971191,0.11,0.28,0.697,0.0,v1.3.1-shadow,completed,1,2026-08-14,600.31,2026-08-17,568.29,initial_stop,0,-1.0,-1.0,,0.0484,-1.1106,12.84,,,0.0,1.0,25,1,2026-08-20,2026-08-17,
2026-08-14T09:01:44.564031-04:00,2026-08-13,v1.3.3,premarket,0.0,xnys,STX,v1.2.1,v1.3.1-shadow,v1.3.1-shadow,8142e595d788ac06,ndx-99-78834e47b659,healthy_pullback,healthy_pullback,5.0,ma60,880.62,,buy_limit_zone,healthy_pullback,ma60,880.62,917.28,880.62,917.28,770.64,3.0,40.0,intraday,initial_stop_or_d40_close,2026-08-14,pullback_limit_uses_ma60_anchor,7.0,10.0,3.0,0.0,0.0,2.85,available,neutral,14.529999732971191,0.11,0.28,0.697,0.0,v1.3.1-shadow,completed,1,2026-08-18,917.28,2026-09-03,770.64,initial_stop,0,-1.0,-1.0,,0.3,-1.0486,-17.25,,,0.0,1.0,25,1,2026-08-18,2026-09-03,
2026-08-14T09:01:44.564031-04:00,2026-08-13,v1.3.3,premarket,0.0,xnys,HON,v1.2.1,v1.3.1-shadow,v1.3.1-shadow,8142e595d788ac06,ndx-99-78834e47b659,consolidation_dip,consolidation_dip,10.0,ma60,234.82,,buy_stop_reclaim,consolidation_dip,ma60,234.82,234.82,234.82,238.61,223.46,5.0,40.0,intraday,initial_stop_or_d40_close,2026-08-14,price_below_ma60_wait_for_reclaim,10.0,10.0,0.0,0.0,0.0,-0.18,available,neutral,14.529999732971191,0.11,0.28,0.697,0.0,v1.3.1-shadow,unfilled,0,,,,,,0,,,,,,-13.93,,,0.0,1.0,25,1,2026-08-20,2026-08-20,entry_not_reached
2026-08-14T09:01:44.564031-04:00,2026-08-13,v1.3.3,premarket,0.0,xnys,VRSK,v1.2.1,v1.3.1-shadow,v1.3.1-shadow,8142e595d788ac06,ndx-99-78834e47b659,consolidation_dip,consolidation_dip,10.0,ma60,185.32,,buy_limit_zone,consolidation_dip,ma60,185.32,189.32,185.32,189.32,173.33,5.0,40.0,intraday,initial_stop_or_d40_close,2026-08-14,pullback_limit_inside_ma60_zone,10.0,10.0,0.0,0.0,0.0,1.65,available,neutral,14.529999732971191,0.11,0.28,0.697,0.0,v1.3.1-shadow,completed,1,2026-08-14,187.54,2026-09-09,173.33,initial_stop,0,-1.0,-1.0,,0.6805,-1.1084,2.95,,,0.0,1.0,25,1,2026-08-20,2026-09-09,
2026-08-14T09:01:44.564031-04:00,2026-08-13,v1.3.3,premarket,0.0,xnys,TMUS,v1.2.1,v1.3.1-shadow,v1.3.1-shadow,8142e595d788ac06,ndx-99-78834e47b659,consolidation_dip,consolidation_dip,10.0,ma60,182.79,,buy_limit_zone,consolidation_dip,ma60,182.79,186.19,182.79,186.19,172.59,5.0,40.0,intraday,initial_stop_or_d40_close,2026-08-14,pullback_limit_inside_ma60_zone,10.0,10.0,0.0,0.0,0.0,-0.75,available,neutral,14.529999732971191,0.11,0.28,0.697,0.0,v1.3.1-shadow,completed,1,2026-08-14,183.22,2026-09-17,172.59,initial_stop,0,-0.904,-0.904,,0.6256,-1.587,0.72,,,1.02,1.0,25,1,2026-08-20,2026-09-17,
2026-08-14T09:01:44.564031-04:00,2026-08-13,v1.3.3,premarket,0.0,xnys,EXC,v1.2.1,v1.3.1-shadow,v1.3.1-shadow,8142e595d788ac06,ndx-99-78834e47b659,consolidation_dip,consolidation_dip,10.0,ma60,46.01,,buy_stop_reclaim,consolidation_dip,ma60,46.01,46.01,46.01,46.49,44.57,5.0,40.0,intraday,initial_stop_or_d40_close,2026-08-14,price_below_ma60_wait_for_reclaim,10.0,10.0,0.0,0.0,0.0,-0.29,available,neutral,14.529999732971191,0.11,0.28,0.697,0.0,v1.3.1-shadow,completed,1,2026-08-18,46.25,2026-08-21,44.57,initial_stop,0,-1.0,-1.0,,0.1071,-1.4881,-5.93,,,0.0,1.0,25,1,2026-08-20,2026-08-21,
2026-08-14T09:01:44.564031-04:00,2026-08-13,v1.3.3,premarket,0.0,xnys,ARM,v1.2.1,v1.3.1-shadow,v1.3.1-shadow,8142e595d788ac06,ndx-99-78834e47b659,healthy_pullback,healthy_pullback,5.0,ma20,266.05,,buy_limit_zone,healthy_pullback,ma20,266.05,276.66,266.05,276.66,234.23,3.0,40.0,intraday,initial_stop_or_d40_close,2026-08-14,pullback_limit_uses_ma20_anchor,6.0,9.0,3.0,1.0,0.0,1.38,available,neutral,14.529999732971191,0.11,0.28,0.697,0.0,v1.3.1-shadow,completed,1,2026-08-14,276.66,2026-08-24,234.23,initial_stop,0,-1.0,-1.0,,0.2472,-1.0222,-14.47,,,0.0,1.0,25,1,2026-08-18,2026-08-24,
2026-08-14T09:01:44.564031-04:00,2026-08-13,v1.3.3,premarket,0.0,xnys,KDP,v1.2.1,v1.3.1-shadow,v1.3.1-shadow,8142e595d788ac06,ndx-99-78834e47b659,healthy_pullback,healthy_pullback,5.0,ma20,30.44,,buy_limit_zone,healthy_pullback,ma20,30.44,30.91,30.44,30.91,29.03,3.0,40.0,intraday,initial_stop_or_d40_close,2026-08-14,pullback_limit_uses_ma20_anchor,5.0,8.0,3.0,1.0,0.0,0.21,available,neutral,14.529999732971191,0.11,0.28,0.697,0.0,v1.3.1-shadow,open,1,2026-08-17,30.91,,,,0,,,0.0266,1.2021,-0.4681,0.45,,,0.0,1.0,25,1,2026-08-18,,
2026-08-14T09:01:44.564031-04:00,2026-08-13,v1.3.3,premarket,0.0,xnys,NFLX,v1.2.1,v1.3.1-shadow,v1.3.1-shadow,8142e595d788ac06,ndx-99-78834e47b659,healthy_pullback,healthy_pullback,5.0,ma60,76.96,,buy_limit_zone,healthy_pullback,ma60,76.96,78.09,76.96,78.09,73.56,3.0,40.0,intraday,initial_stop_or_d40_close,2026-08-14,pullback_limit_uses_ma60_anchor,6.0,6.0,0.0,0.0,0.0,-0.52,available,neutral,14.529999732971191,0.11,0.28,0.697,0.0,v1.3.1-shadow,completed,1,2026-08-14,78.09,2026-09-18,71.27,gap_through_stop,0,-1.5055,-1.5055,,1.2163,-1.7616,2.76,,,0.0,1.0,25,1,2026-08-18,2026-09-18,
2026-08-14T09:01:44.564031-04:00,2026-08-13,v1.3.3,premarket,0.0,xnys,LRCX,v1.2.1,v1.3.1-shadow,v1.3.1-shadow,8142e595d788ac06,ndx-99-78834e47b659,healthy_pullback,healthy_pullback,5.0,ma60,333.05,,buy_limit_zone,healthy_pullback,ma60,333.05,343.96,333.05,343.96,300.31,3.0,40.0,intraday,initial_stop_or_d40_close,2026-08-14,pullback_limit_uses_ma60_anchor,6.0,6.0,0.0,0.0,0.0,-0.84,available,neutral,14.529999732971191,0.11,0.28,0.697,0.0,v1.3.1-shadow,completed,1,2026-08-14,332.36,2026-08-24,300.31,initial_stop,0,-1.0,-1.0,,0.4031,-1.0789,-17.71,,,0.0,1.0,25,1,2026-08-18,2026-08-24,
2026-08-14T09:01:44.564031-04:00,2026-08-13,v1.3.3,premarket,0.0,xnys,CPRT,v1.2.1,v1.3.1-shadow,v1.3.1-shadow,8142e595d788ac06,ndx-99-78834e47b659,healthy_pullback,healthy_pullback,5.0,ma20,28.91,,buy_limit_zone,healthy_pullback,ma20,28.91,29.37,28.91,29.37,27.52,3.0,40.0,intraday,initial_stop_or_d40_close,2026-08-14,pullback_limit_uses_ma20_anchor,5.0,5.0,0.0,0.0,0.0,0.2,available,neutral,14.529999732971191,0.11,0.28,0.697,0.0,v1.3.1-shadow,unfilled,0,,,,,,0,,,,,,0.38,,,0.0,1.0,25,1,2026-08-18,2026-08-18,entry_not_reached
2026-08-17T09:01:54.165374-04:00,2026-08-14,v1.3.3,premarket,0.0,xnys,MU,v1.2.1,v1.3.1-shadow,v1.3.1-shadow,8142e595d788ac06,ndx-99-78834e47b659,consolidation_dip,consolidation_dip,10.0,ma60,952.91,,buy_limit_zone,consolidation_dip,ma60,952.91,988.6,952.91,988.6,845.83,5.0,40.0,intraday,initial_stop_or_d40_close,2026-08-17,pullback_limit_inside_ma60_zone,13.0,16.0,3.0,0.0,0.0,2.73,available,neutral,15.06999969482422,-0.01,0.22,0.697,0.0,v1.3.1-shadow,open,1,2026-08-18,957.1,,,,0,,,0.5275,0.7666,-0.6245,-8.32,,,0.0,1.0,24,1,2026-08-21,,
2026-08-17T09:01:54.165374-04:00,2026-08-14,v1.3.3,premarket,0.0,xnys,MPWR,v1.2.1,v1.3.1-shadow,v1.3.1-shadow,8142e595d788ac06,ndx-99-78834e47b659,consolidation_dip,consolidation_dip,10.0,ma60,1437.88,,buy_stop_reclaim,consolidation_dip,ma60,1437.88,1437.88,1437.88,1475.39,1325.34,5.0,40.0,intraday,initial_stop_or_d40_close,2026-08-17,price_below_ma60_wait_for_reclaim,12.0,15.0,3.0,0.0,0.0,1.0,available,neutral,15.06999969482422,-0.01,0.22,0.697,0.0,v1.3.1-shadow,completed,1,2026-08-17,1437.88,2026-08-18,1325.34,initial_stop,0,-1.0,-1.0,,0.0967,-1.1966,-19.32,,,0.0,1.0,24,1,2026-08-21,2026-08-18,
2026-08-17T09:01:54.165374-04:00,2026-08-14,v1.3.3,premarket,0.0,xnys,ADI,v1.2.1,v1.3.1-shadow,v1.3.1-shadow,8142e595d788ac06,ndx-99-78834e47b659,consolidation_dip,consolidation_dip,10.0,ma60,394.7,,buy_stop_reclaim,consolidation_dip,ma60,394.7,394.7,394.7,400.97,375.89,5.0,40.0,intraday,initial_stop_or_d40_close,2026-08-17,price_below_ma60_wait_for_reclaim,12.0,15.0,3.0,0.0,0.0,0.25,available,neutral,15.06999969482422,-0.01,0.22,0.697,0.0,v1.3.1-shadow,completed,1,2026-08-17,394.7,2026-08-18,375.89,initial_stop,0,-1.0,-1.0,,0.1196,-1.3009,-7.13,,,0.0,1.0,24,1,2026-08-21,2026-08-18,
2026-08-17T09:01:54.165374-04:00,2026-08-14,v1.3.3,premarket,0.0,xnys,NFLX,v1.2.1,v1.3.1-shadow,v1.3.1-shadow,8142e595d788ac06,ndx-99-78834e47b659,consolidation_dip,consolidation_dip,10.0,ma60,76.77,,buy_limit_zone,consolidation_dip,ma60,76.77,77.87,76.77,77.87,73.47,5.0,40.0,intraday,initial_stop_or_d40_close,2026-08-17,pullback_limit_inside_ma60_zone,11.0,14.0,3.0,0.0,0.0,0.07,available,neutral,15.06999969482422,-0.01,0.22,0.697,0.0,v1.3.1-shadow,completed,1,2026-08-17,77.8,2026-09-18,71.27,gap_through_stop,0,-1.5081,-1.5081,,1.3395,-1.776,2.47,,,0.0,1.0,24,1,2026-08-21,2026-09-18,
2026-08-17T09:01:54.165374-04:00,2026-08-14,v1.3.3,premarket,0.0,xnys,PDD,v1.2.1,v1.3.1-shadow,v1.3.1-shadow,8142e595d788ac06,ndx-99-78834e47b659,consolidation_dip,consolidation_dip,10.0,ma60,85.06,,buy_stop_reclaim,consolidation_dip,ma60,85.06,85.06,85.06,86.2,81.64,5.0,40.0,intraday,initial_stop_or_d40_close,2026-08-17,price_below_ma60_wait_for_reclaim,11.0,14.0,3.0,0.0,0.0,3.02,available,neutral,15.06999969482422,-0.01,0.22,0.697,0.0,v1.3.1-shadow,completed,1,2026-08-17,86.64,2026-09-03,81.64,initial_stop,0,-1.0,-1.0,,1.052,-1.074,-10.19,,,0.0,1.0,24,1,2026-08-21,2026-09-03,
2026-08-17T09:01:54.165374-04:00,2026-08-14,v1.3.3,premarket,0.0,xnys,AAPL,v1.2.1,v1.3.1-shadow,v1.3.1-shadow,8142e595d788ac06,ndx-99-78834e47b659,consolidation_dip,consolidation_dip,10.0,ma60,308.94,,buy_stop_reclaim,consolidation_dip,ma60,308.94,308.94,308.94,313.0,296.77,5.0,40.0,intraday,initial_stop_or_d40_close,2026-08-17,price_below_ma60_wait_for_reclaim,11.0,14.0,3.0,0.0,0.0,0.18,available,neutral,15.06999969482422,-0.01,0.22,0.697,0.0,v1.3.1-shadow,open,1,2026-08-18,308.94,,,,0,,,2.2342,2.4281,-0.2629,8.43,,,0.0,1.0,24,1,2026-08-21,,
2026-08-17T09:01:54.165374-04:00,2026-08-14,v1.3.3,premarket,0.0,xnys,COST,v1.2.1,v1.3.1-shadow,v1.3.1-shadow,8142e595d788ac06,ndx-99-78834e47b659,consolidation_dip,consolidation_dip,10.0,ma60,957.25,,buy_limit_zone,consolidation_dip,ma60,957.25,971.67,957.25,971.67,914.0,5.0,40.0,intraday,initial_stop_or_d40_close,2026-08-17,pullback_limit_inside_ma60_zone,11.0,14.0,3.0,0.0,0.0,-0.39,available,neutral,15.06999969482422,-0.01,0.22,0.697,0.0,v1.3.1-shadow,completed,1,2026-08-17,954.84,2026-09-08,912.4,gap_through_stop,0,-1.0392,-1.0392,,0.5842,-1.1934,-5.47,,,0.0,1.0,24,1,2026-08-21,2026-09-08,
2026-08-17T09:01:54.165374-04:00,2026-08-14,v1.3.3,premarket,0.0,xnys,META,v1.2.1,v1.3.1-shadow,v1.3.1-shadow,8142e595d788ac06,ndx-99-78834e47b659,consolidation_dip,consolidation_dip,10.0,ma60,600.11,,buy_stop_reclaim,consolidation_dip,ma60,600.11,600.11,600.11,610.6,568.64,5.0,40.0,intraday,initial_stop_or_d40_close,2026-08-17,price_below_ma60_wait_for_reclaim,11.0,14.0,3.0,0.0,0.0,-0.51,available,neutral,15.06999969482422,-0.01,0.22,0.697,0.0,v1.3.1-shadow,unfilled,0,,,,,,0,,,,,,17.8,,,0.0,1.0,24,1,2026-08-21,2026-08-21,entry_not_reached
2026-08-17T09:01:54.165374-04:00,2026-08-14,v1.3.3,premarket,0.0,xnys,MRVL,v1.2.1,v1.3.1-shadow,v1.3.1-shadow,8142e595d788ac06,ndx-99-78834e47b659,consolidation_dip,consolidation_dip,10.0,ma60,235.09,,buy_stop_reclaim,consolidation_dip,ma60,235.09,235.09,235.09,242.8,211.97,5.0,40.0,intraday,initial_stop_or_d40_close,2026-08-17,price_below_ma60_wait_for_reclaim,11.0,14.0,3.0,0.0,0.0,1.19,available,neutral,15.06999969482422,-0.01,0.22,0.697,0.0,v1.3.1-shadow,completed,1,2026-08-17,235.09,2026-08-18,211.97,initial_stop,0,-1.0,-1.0,,0.2202,-1.0376,-5.39,,,0.0,1.0,24,1,2026-08-21,2026-08-18,
2026-08-17T09:01:54.165374-04:00,2026-08-14,v1.3.3,premarket,0.0,xnys,WMT,v1.2.1,v1.3.1-shadow,v1.3.1-shadow,8142e595d788ac06,ndx-99-78834e47b659,consolidation_dip,consolidation_dip,10.0,ma60,115.22,,buy_limit_zone,consolidation_dip,ma60,115.22,116.43,115.22,116.43,111.58,5.0,40.0,intraday,initial_stop_or_d40_close,2026-08-17,pullback_limit_inside_ma60_zone,10.0,13.0,3.0,0.0,1.0,-0.42,available,neutral,15.06999969482422,-0.01,0.22,0.697,0.0,v1.3.1-shadow,completed,1,2026-08-17,114.33,2026-08-20,106.38,gap_through_stop,0,-2.8909,-2.8909,,0.9236,-4.1745,-5.24,,,0.0,1.0,24,1,2026-08-21,2026-08-20,
2026-08-17T09:01:54.165374-04:00,2026-08-14,v1.3.3,premarket,0.0,xnys,PEP,v1.2.1,v1.3.1-shadow,v1.3.1-shadow,8142e595d788ac06,ndx-99-78834e47b659,consolidation_dip,consolidation_dip,10.0,ma60,140.83,,buy_stop_reclaim,consolidation_dip,ma60,140.83,140.83,140.83,142.94,134.49,5.0,40.0,intraday,initial_stop_or_d40_close,2026-08-17,price_below_ma60_wait_for_reclaim,10.0,13.0,3.0,0.0,0.0,-0.34,available,neutral,15.06999969482422,-0.01,0.22,0.697,0.0,v1.3.1-shadow,completed,1,2026-08-19,140.87,2026-09-16,134.49,initial_stop,0,-0.768,-0.768,,0.7884,-1.0392,-0.91,,,1.48,1.0,24,1,2026-08-21,2026-09-16,
2026-08-17T09:01:54.165374-04:00,2026-08-14,v1.3.3,premarket,0.0,xnys,ORLY,v1.2.1,v1.3.1-shadow,v1.3.1-shadow,8142e595d788ac06,ndx-99-78834e47b659,consolidation_dip,consolidation_dip,10.0,ma60,89.07,,buy_limit_zone,consolidation_dip,ma60,89.07,90.35,89.07,90.35,85.24,5.0,40.0,intraday,initial_stop_or_d40_close,2026-08-17,pullback_limit_inside_ma60_zone,10.0,13.0,3.0,0.0,0.0,-0.59,available,neutral,15.06999969482422,-0.01,0.22,0.697,0.0,v1.3.1-shadow,completed,1,2026-08-17,89.65,2026-09-09,85.24,initial_stop,0,-1.0,-1.0,,0.7075,-1.0907,-5.62,,,0.0,1.0,24,1,2026-08-21,2026-09-09,
2026-08-17T09:01:54.165374-04:00,2026-08-14,v1.3.3,premarket,0.0,xnys,MNST,v1.2.1,v1.3.1-shadow,v1.3.1-shadow,8142e595d788ac06,ndx-99-78834e47b659,oversold_bounce,oversold_bounce,7.0,previous_high,46.94,,buy_stop_reclaim,oversold_bounce,previous_high,46.94,47.4,47.4,48.56,39.86,5.0,40.0,intraday,initial_stop_or_d40_close,2026-08-17,oversold_requires_break_above_signal_bar_high,8.0,11.0,3.0,0.0,0.0,-0.09,available,neutral,15.06999969482422,-0.01,0.22,0.697,0.0,v1.3.1-shadow,open,1,2026-08-18,47.4,,,,0,,,-0.3568,0.244,-0.691,-1.96,,,0.0,1.0,24,1,2026-08-21,,
2026-08-17T09:01:54.165374-04:00,2026-08-14,v1.3.3,premarket,0.0,xnys,AMD,v1.2.1,v1.3.1-shadow,v1.3.1-shadow,8142e595d788ac06,ndx-99-78834e47b659,healthy_pullback,healthy_pullback,5.0,ma20,494.24,,buy_limit_zone,healthy_pullback,ma20,494.24,510.52,494.24,510.52,445.39,3.0,40.0,intraday,initial_stop_or_d40_close,2026-08-17,pullback_limit_uses_ma20_anchor,8.0,11.0,3.0,0.0,0.0,-0.29,available,neutral,15.06999969482422,-0.01,0.22,0.697,0.0,v1.3.1-shadow,completed,1,2026-08-17,510.52,2026-09-03,445.39,initial_stop,0,-1.0,-1.0,,0.1049,-1.0751,-0.36,,,0.0,1.0,24,1,2026-08-19,2026-09-03,
2026-08-17T09:01:54.165374-04:00,2026-08-14,v1.3.3,premarket,0.0,xnys,LRCX,v1.2.1,v1.3.1-shadow,v1.3.1-shadow,8142e595d788ac06,ndx-99-78834e47b659,consolidation_dip,consolidation_dip,10.0,ma60,334.03,,buy_stop_reclaim,consolidation_dip,ma60,334.03,334.03,334.03,344.69,302.06,5.0,40.0,intraday,initial_stop_or_d40_close,2026-08-17,price_below_ma60_wait_for_reclaim,11.0,11.0,0.0,0.0,0.0,0.92,available,neutral,15.06999969482422,-0.01,0.22,0.697,0.0,v1.3.1-shadow,completed,1,2026-08-17,337.87,2026-08-24,302.06,initial_stop,0,-1.0,-1.0,,0.2069,-1.1195,-21.22,,,0.0,1.0,24,1,2026-08-21,2026-08-24,
2026-08-17T09:01:54.165374-04:00,2026-08-14,v1.3.3,premarket,0.0,xnys,WDC,v1.2.1,v1.3.1-shadow,v1.3.1-shadow,8142e595d788ac06,ndx-99-78834e47b659,healthy_pullback,healthy_pullback,5.0,ma20,498.96,,buy_limit_zone,healthy_pullback,ma20,498.96,521.85,498.96,521.85,430.3,3.0,40.0,intraday,initial_stop_or_d40_close,2026-08-17,pullback_limit_uses_ma20_anchor,7.0,10.0,3.0,0.0,0.0,2.6,available,neutral,15.06999969482422,-0.01,0.22,0.697,0.0,v1.3.1-shadow,completed,1,2026-08-17,521.85,2026-08-24,430.3,initial_stop,0,-1.0,-1.0,,0.2922,-1.1175,-23.12,,,0.0,1.0,24,1,2026-08-19,2026-08-24,
2026-08-17T09:01:54.165374-04:00,2026-08-14,v1.3.3,premarket,0.0,xnys,APP,v1.2.1,v1.3.1-shadow,v1.3.1-shadow,8142e595d788ac06,ndx-99-78834e47b659,oversold_bounce,oversold_bounce,7.0,previous_high,324.37,,buy_stop_reclaim,oversold_bounce,previous_high,324.37,326.56,326.56,332.03,282.64,5.0,40.0,intraday,initial_stop_or_d40_close,2026-08-17,oversold_requires_break_above_signal_bar_high,10.0,10.0,0.0,0.0,0.0,1.07,available,neutral,15.06999969482422,-0.01,0.22,0.697,0.0,v1.3.1-shadow,unfilled,0,,,,,,0,,,,,,6.24,,,0.0,1.0,24,1,2026-08-21,2026-08-21,entry_not_reached
2026-08-17T09:01:54.165374-04:00,2026-08-14,v1.3.3,premarket,0.0,xnys,MCHP,v1.2.1,v1.3.1-shadow,v1.3.1-shadow,8142e595d788ac06,ndx-99-78834e47b659,healthy_pullback,healthy_pullback,5.0,ma20,78.74,,buy_limit_zone,healthy_pullback,ma20,78.74,80.83,78.74,80.83,72.47,3.0,40.0,intraday,initial_stop_or_d40_close,2026-08-17,pullback_limit_uses_ma20_anchor,7.0,10.0,3.0,0.0,0.0,0.59,available,neutral,15.06999969482422,-0.01,0.22,0.697,0.0,v1.3.1-shadow,completed,1,2026-08-17,80.06,2026-09-01,71.92,gap_through_stop,0,-1.0125,-1.0125,,0.1779,-1.2661,-10.36,,,0.455,1.0,24,1,2026-08-19,2026-09-01,
2026-08-17T09:01:54.165374-04:00,2026-08-14,v1.3.3,premarket,0.0,xnys,HON,v1.2.1,v1.3.1-shadow,v1.3.1-shadow,8142e595d788ac06,ndx-99-78834e47b659,consolidation_dip,consolidation_dip,10.0,ma60,234.23,,buy_stop_reclaim,consolidation_dip,ma60,234.23,234.23,234.23,237.86,223.33,5.0,40.0,intraday,initial_stop_or_d40_close,2026-08-17,price_below_ma60_wait_for_reclaim,10.0,10.0,0.0,0.0,0.0,-0.07,available,neutral,15.06999969482422,-0.01,0.22,0.697,0.0,v1.3.1-shadow,unfilled,0,,,,,,0,,,,,,-11.34,,,0.0,1.0,24,1,2026-08-21,2026-08-21,entry_not_reached
2026-08-17T09:01:54.165374-04:00,2026-08-14,v1.3.3,premarket,0.0,xnys,EXC,v1.2.1,v1.3.1-shadow,v1.3.1-shadow,8142e595d788ac06,ndx-99-78834e47b659,consolidation_dip,consolidation_dip,10.0,ma60,46.0,,buy_stop_reclaim,consolidation_dip,ma60,46.0,46.0,46.0,46.48,44.57,5.0,40.0,intraday,initial_stop_or_d40_close,2026-08-17,price_below_ma60_wait_for_reclaim,10.0,10.0,0.0,0.0,0.0,-0.35,available,neutral,15.06999969482422,-0.01,0.22,0.697,0.0,v1.3.1-shadow,completed,1,2026-08-18,46.25,2026-08-21,44.57,initial_stop,0,-1.0,-1.0,,0.1071,-1.4881,-6.47,,,0.0,1.0,24,1,2026-08-21,2026-08-21,
2026-08-17T09:01:54.165374-04:00,2026-08-14,v1.3.3,premarket,0.0,xnys,TMUS,v1.2.1,v1.3.1-shadow,v1.3.1-shadow,8142e595d788ac06,ndx-99-78834e47b659,consolidation_dip,consolidation_dip,10.0,ma60,182.63,,buy_stop_reclaim,consolidation_dip,ma60,182.63,182.63,182.63,185.87,172.92,5.0,40.0,intraday,initial_stop_or_d40_close,2026-08-17,price_below_ma60_wait_for_reclaim,10.0,10.0,0.0,0.0,0.0,-0.63,available,neutral,15.06999969482422,-0.01,0.22,0.697,0.0,v1.3.1-shadow,completed,1,2026-08-17,182.63,2026-09-17,172.92,initial_stop,0,-0.895,-0.895,,0.7456,-1.6766,0.76,,,1.02,1.0,24,1,2026-08-21,2026-09-17,
2026-08-17T09:01:54.165374-04:00,2026-08-14,v1.3.3,premarket,0.0,xnys,VRSK,v1.2.1,v1.3.1-shadow,v1.3.1-shadow,8142e595d788ac06,ndx-99-78834e47b659,consolidation_dip,consolidation_dip,10.0,ma60,184.19,,buy_stop_reclaim,consolidation_dip,ma60,184.19,184.19,184.19,188.39,171.58,5.0,40.0,intraday,initial_stop_or_d40_close,2026-08-17,price_below_ma60_wait_for_reclaim,10.0,10.0,0.0,0.0,0.0,-0.79,available,neutral,15.06999969482422,-0.01,0.22,0.697,0.0,v1.3.1-shadow,open,1,2026-08-19,184.19,,,,0,,,-0.6566,1.0325,-0.9833,2.82,,,0.5,1.0,24,1,2026-08-21,,
2026-08-17T09:01:54.165374-04:00,2026-08-14,v1.3.3,premarket,0.0,xnys,TXN,v1.2.1,v1.3.1-shadow,v1.3.1-shadow,8142e595d788ac06,ndx-99-78834e47b659,healthy_pullback,healthy_pullback,5.0,ma20,279.48,,buy_limit_zone,healthy_pullback,ma20,279.48,284.71,279.48,284.71,263.78,3.0,40.0,intraday,initial_stop_or_d40_close,2026-08-17,pullback_limit_uses_ma20_anchor,6.0,9.0,3.0,1.0,0.0,0.1,available,neutral,15.06999969482422,-0.01,0.22,0.697,0.0,v1.3.1-shadow,completed,1,2026-08-17,280.0,2026-08-21,263.78,initial_stop,0,-1.0,-1.0,,0.3829,-1.1326,-6.89,,,0.0,1.0,24,1,2026-08-19,2026-08-21,
2026-08-17T09:01:54.165374-04:00,2026-08-14,v1.3.3,premarket,0.0,xnys,CPRT,v1.2.1,v1.3.1-shadow,v1.3.1-shadow,8142e595d788ac06,ndx-99-78834e47b659,healthy_pullback,healthy_pullback,5.0,ma60,29.89,,buy_limit_zone,healthy_pullback,ma60,29.89,30.41,29.89,30.41,28.33,3.0,40.0,intraday,initial_stop_or_d40_close,2026-08-17,pullback_limit_uses_ma60_anchor,5.0,5.0,0.0,0.0,0.0,-0.35,available,neutral,15.06999969482422,-0.01,0.22,0.697,0.0,v1.3.1-shadow,unfilled,0,,,,,,0,,,,,,-2.08,,,0.0,1.0,24,1,2026-08-19,2026-08-19,entry_not_reached
2026-08-17T09:01:54.165374-04:00,2026-08-14,v1.3.3,premarket,0.0,xnys,TTWO,v1.2.1,v1.3.1-shadow,v1.3.1-shadow,8142e595d788ac06,ndx-99-78834e47b659,healthy_pullback,healthy_pullback,5.0,ma20,241.85,,buy_limit_zone,healthy_pullback,ma20,241.85,245.89,241.85,245.89,229.74,3.0,40.0,intraday,initial_stop_or_d40_close,2026-08-17,pullback_limit_uses_ma20_anchor,5.0,5.0,0.0,0.0,0.0,-0.0,available,neutral,15.06999969482422,-0.01,0.22,0.697,0.0,v1.3.1-shadow,completed,1,2026-08-17,245.01,2026-08-27,229.74,initial_stop,0,-1.0,-1.0,,0.2213,-1.3039,-12.29,,,0.0,1.0,24,1,2026-08-19,2026-08-27,
2026-08-19T09:01:43.764307-04:00,2026-08-18,v1.3.3,premarket,0.0,xnys,MELI,v1.2.1,v1.3.1-shadow,v1.3.1-shadow,8142e595d788ac06,ndx-99-78834e47b659,consolidation_dip,consolidation_dip,10.0,ma60,1753.78,,buy_limit_zone,consolidation_dip,ma60,1753.78,1785.47,1753.78,1785.47,1658.71,5.0,40.0,intraday,initial_stop_or_d40_close,2026-08-19,pullback_limit_inside_ma60_zone,12.0,15.0,3.0,0.0,0.0,0.23,available,bull,15.4399995803833,0.43,0.49,0.5758,0.0,v1.3.1-shadow,open,1,2026-08-19,1780.5,,,,0,,,0.0566,2.3442,-0.078,-4.37,,,0.0,1.0,22,1,2026-08-25,,
2026-08-19T09:01:43.764307-04:00,2026-08-18,v1.3.3,premarket,0.0,xnys,MNST,v1.2.1,v1.3.1-shadow,v1.3.1-shadow,8142e595d788ac06,ndx-99-78834e47b659,oversold_bounce,oversold_bounce,7.0,previous_high,47.55,,buy_stop_reclaim,oversold_bounce,previous_high,47.55,47.97,47.97,49.02,41.1,5.0,40.0,intraday,initial_stop_or_d40_close,2026-08-19,oversold_requires_break_above_signal_bar_high,8.0,11.0,3.0,0.0,0.0,0.95,available,bull,15.4399995803833,0.43,0.49,0.5758,0.0,v1.3.1-shadow,open,1,2026-08-19,47.97,,,,0,,,-0.4745,0.1849,-0.8413,-6.16,,,0.0,1.0,22,1,2026-08-25,,
2026-08-19T09:01:43.764307-04:00,2026-08-18,v1.3.3,premarket,0.0,xnys,DDOG,v1.2.1,v1.3.1-shadow,v1.3.1-shadow,8142e595d788ac06,ndx-99-78834e47b659,consolidation_dip,consolidation_dip,10.0,ma60,247.85,,buy_stop_reclaim,consolidation_dip,ma60,247.85,247.85,247.85,255.9,223.7,5.0,40.0,intraday,initial_stop_or_d40_close,2026-08-19,price_below_ma60_wait_for_reclaim,12.0,12.0,0.0,0.0,0.0,0.79,available,bull,15.4399995803833,0.43,0.49,0.5758,0.0,v1.3.1-shadow,unfilled,0,,,,,,0,,,,,,1.06,,,0.0,1.0,22,1,2026-08-25,2026-08-25,entry_not_reached
2026-08-19T09:01:43.764307-04:00,2026-08-18,v1.3.3,premarket,0.0,xnys,FTNT,v1.2.1,v1.3.1-shadow,v1.3.1-shadow,8142e595d788ac06,ndx-99-78834e47b659,consolidation_dip,consolidation_dip,10.0,ma60,152.76,,buy_limit_zone,consolidation_dip,ma60,152.76,156.08,152.76,156.08,142.8,5.0,40.0,intraday,initial_stop_or_d40_close,2026-08-19,pullback_limit_inside_ma60_zone,11.0,11.0,0.0,0.0,0.0,-0.01,available,bull,15.4399995803833,0.43,0.49,0.5758,0.0,v1.3.1-shadow,open,1,2026-08-19,156.08,,,,0,,,1.0361,1.5075,-0.5896,12.91,,,0.0,1.0,22,1,2026-08-25,,
2026-08-19T09:01:43.764307-04:00,2026-08-18,v1.3.3,premarket,0.0,xnys,HON,v1.2.1,v1.3.1-shadow,v1.3.1-shadow,8142e595d788ac06,ndx-99-78834e47b659,consolidation_dip,consolidation_dip,10.0,ma60,234.2,,buy_stop_reclaim,consolidation_dip,ma60,234.2,234.2,234.2,237.46,224.41,5.0,40.0,intraday,initial_stop_or_d40_close,2026-08-19,price_below_ma60_wait_for_reclaim,10.0,10.0,0.0,0.0,0.0,0.65,available,bull,15.4399995803833,0.43,0.49,0.5758,0.0,v1.3.1-shadow,unfilled,0,,,,,,0,,,,,,-6.87,,,0.0,1.0,22,1,2026-08-25,2026-08-25,entry_not_reached
2026-08-19T09:01:43.764307-04:00,2026-08-18,v1.3.3,premarket,0.0,xnys,ROST,v1.2.1,v1.3.1-shadow,v1.3.1-shadow,8142e595d788ac06,ndx-99-78834e47b659,healthy_pullback,healthy_pullback,5.0,ma60,233.51,,buy_limit_zone,healthy_pullback,ma60,233.51,236.22,233.51,236.22,225.37,3.0,40.0,intraday,initial_stop_or_d40_close,2026-08-19,pullback_limit_uses_ma60_anchor,6.0,9.0,3.0,1.0,1.0,-0.58,available,bull,15.4399995803833,0.43,0.49,0.5758,0.0,v1.3.1-shadow,completed,1,2026-08-19,233.59,2026-09-01,225.37,initial_stop,0,-1.0,-1.0,,1.2494,-1.1058,-2.03,,,0.0,1.0,22,1,2026-08-21,2026-09-01,
2026-08-19T09:01:43.764307-04:00,2026-08-18,v1.3.3,premarket,0.0,xnys,COST,v1.2.1,v1.3.1-shadow,v1.3.1-shadow,8142e595d788ac06,ndx-99-78834e47b659,healthy_pullback,healthy_pullback,5.0,ma20,950.45,,buy_limit_zone,healthy_pullback,ma20,950.45,964.87,950.45,964.87,907.19,3.0,40.0,intraday,initial_stop_or_d40_close,2026-08-19,pullback_limit_uses_ma20_anchor,6.0,9.0,3.0,1.0,1.0,-0.01,available,bull,15.4399995803833,0.43,0.49,0.5758,0.0,v1.3.1-shadow,completed,1,2026-08-19,960.23,2026-09-08,907.19,initial_stop,0,-1.0,-1.0,,0.3482,-1.0206,-6.59,,,0.0,1.0,22,1,2026-08-21,2026-09-08,
2026-08-19T09:01:43.764307-04:00,2026-08-18,v1.3.3,premarket,0.0,xnys,NFLX,v1.2.1,v1.3.1-shadow,v1.3.1-shadow,8142e595d788ac06,ndx-99-78834e47b659,healthy_pullback,healthy_pullback,5.0,ma60,76.38,,buy_limit_zone,healthy_pullback,ma60,76.38,77.54,76.38,77.54,72.89,3.0,40.0,intraday,initial_stop_or_d40_close,2026-08-19,pullback_limit_uses_ma60_anchor,6.0,9.0,3.0,1.0,1.0,0.14,available,bull,15.4399995803833,0.43,0.49,0.5758,0.0,v1.3.1-shadow,unfilled,0,,,,,,0,,,,,,-6.12,,,0.0,1.0,22,1,2026-08-21,2026-08-21,entry_not_reached
2026-08-19T09:01:43.764307-04:00,2026-08-18,v1.3.3,premarket,0.0,xnys,KDP,v1.2.1,v1.3.1-shadow,v1.3.1-shadow,8142e595d788ac06,ndx-99-78834e47b659,healthy_pullback,healthy_pullback,5.0,ma20,30.49,,buy_limit_zone,healthy_pullback,ma20,30.49,30.99,30.49,30.99,28.98,3.0,40.0,intraday,initial_stop_or_d40_close,2026-08-19,pullback_limit_uses_ma20_anchor,5.0,8.0,3.0,1.0,1.0,-0.39,available,bull,15.4399995803833,0.43,0.49,0.5758,0.0,v1.3.1-shadow,open,1,2026-08-19,30.99,,,,0,,,-0.0149,1.0846,-0.1642,1.19,,,0.0,1.0,22,1,2026-08-21,,
2026-08-19T09:01:43.764307-04:00,2026-08-18,v1.3.3,premarket,0.0,xnys,WMT,v1.2.1,v1.3.1-shadow,v1.3.1-shadow,8142e595d788ac06,ndx-99-78834e47b659,healthy_pullback,healthy_pullback,5.0,ma60,114.84,,buy_limit_zone,healthy_pullback,ma60,114.84,116.02,114.84,116.02,111.29,3.0,40.0,intraday,initial_stop_or_d40_close,2026-08-19,pullback_limit_uses_ma60_anchor,5.0,8.0,3.0,1.0,1.0,0.0,available,bull,15.4399995803833,0.43,0.49,0.5758,0.0,v1.3.1-shadow,completed,1,2026-08-19,115.19,2026-08-20,106.38,gap_through_stop,0,-2.259,-2.259,,0.4308,-3.1641,-6.35,,,0.0,1.0,22,1,2026-08-21,2026-08-20,
2026-08-19T09:01:43.764307-04:00,2026-08-18,v1.3.3,premarket,0.0,xnys,PEP,v1.2.1,v1.3.1-shadow,v1.3.1-shadow,8142e595d788ac06,ndx-99-78834e47b659,healthy_pullback,healthy_pullback,5.0,ma20,139.14,,buy_limit_zone,healthy_pullback,ma20,139.14,141.24,139.14,141.24,132.83,3.0,40.0,intraday,initial_stop_or_d40_close,2026-08-19,pullback_limit_uses_ma20_anchor,5.0,8.0,3.0,1.0,0.0,0.01,available,bull,15.4399995803833,0.43,0.49,0.5758,0.0,v1.3.1-shadow,completed,1,2026-08-19,140.87,2026-09-18,132.21,gap_through_stop,0,-0.893,-0.893,,0.6256,-1.408,-5.22,,,1.48,1.0,22,1,2026-08-21,2026-09-18,
2026-08-19T09:01:43.764307-04:00,2026-08-18,v1.3.3,premarket,0.0,xnys,ORLY,v1.2.1,v1.3.1-shadow,v1.3.1-shadow,8142e595d788ac06,ndx-99-78834e47b659,healthy_pullback,healthy_pullback,5.0,ma20,90.63,,buy_limit_zone,healthy_pullback,ma20,90.63,91.78,90.63,91.78,87.17,3.0,40.0,intraday,initial_stop_or_d40_close,2026-08-19,pullback_limit_uses_ma20_anchor,5.0,8.0,3.0,1.0,0.0,0.28,available,bull,15.4399995803833,0.43,0.49,0.5758,0.0,v1.3.1-shadow,completed,1,2026-08-19,90.94,2026-09-02,87.17,initial_stop,0,-1.0,-1.0,,0.4854,-1.2042,-6.92,,,0.0,1.0,22,1,2026-08-21,2026-09-02,
2026-08-19T09:01:43.764307-04:00,2026-08-18,v1.3.3,premarket,0.0,xnys,TRI,v1.2.1,v1.3.1-shadow,v1.3.1-shadow,8142e595d788ac06,ndx-99-78834e47b659,healthy_pullback,healthy_pullback,5.0,ma20,100.02,,buy_limit_zone,healthy_pullback,ma20,100.02,102.95,100.02,102.95,91.22,3.0,40.0,intraday,initial_stop_or_d40_close,2026-08-19,pullback_limit_uses_ma20_anchor,5.0,5.0,0.0,0.0,0.0,0.6,available,bull,15.4399995803833,0.43,0.49,0.5758,0.0,v1.3.1-shadow,open,1,2026-08-19,99.93,,,,0,,,-0.6361,1.4742,-0.7026,-5.21,,,0.0,1.0,22,1,2026-08-21,,
2026-08-19T09:01:43.764307-04:00,2026-08-18,v1.3.3,premarket,0.0,xnys,AAPL,v1.2.1,v1.3.1-shadow,v1.3.1-shadow,8142e595d788ac06,ndx-99-78834e47b659,healthy_pullback,healthy_pullback,5.0,ma60,309.09,,buy_limit_zone,healthy_pullback,ma60,309.09,313.03,309.09,313.03,297.27,3.0,40.0,intraday,initial_stop_or_d40_close,2026-08-19,pullback_limit_uses_ma60_anchor,6.0,6.0,0.0,0.0,0.0,-0.03,available,bull,15.4399995803833,0.43,0.49,0.5758,0.0,v1.3.1-shadow,open,1,2026-08-19,310.14,,,,0,,,2.0194,2.2028,-0.2432,6.37,,,0.0,1.0,22,1,2026-08-21,,
2026-08-19T09:01:43.764307-04:00,2026-08-18,v1.3.3,premarket,0.0,xnys,TMUS,v1.2.1,v1.3.1-shadow,v1.3.1-shadow,8142e595d788ac06,ndx-99-78834e47b659,healthy_pullback,healthy_pullback,5.0,ma60,182.36,,buy_limit_zone,healthy_pullback,ma60,182.36,185.39,182.36,185.39,173.28,3.0,40.0,intraday,initial_stop_or_d40_close,2026-08-19,pullback_limit_uses_ma60_anchor,5.0,5.0,0.0,0.0,0.0,0.14,available,bull,15.4399995803833,0.43,0.49,0.5758,0.0,v1.3.1-shadow,completed,1,2026-08-19,182.84,2026-09-16,173.28,initial_stop,0,-0.8933,-0.8933,,0.7354,-1.0115,-8.17,,,1.02,1.0,22,1,2026-08-21,2026-09-16,
2026-08-19T09:01:43.764307-04:00,2026-08-18,v1.3.3,premarket,0.0,xnys,TTWO,v1.2.1,v1.3.1-shadow,v1.3.1-shadow,8142e595d788ac06,ndx-99-78834e47b659,healthy_pullback,healthy_pullback,5.0,ma20,242.15,,buy_limit_zone,healthy_pullback,ma20,242.15,246.21,242.15,246.21,229.97,3.0,40.0,intraday,initial_stop_or_d40_close,2026-08-19,pullback_limit_uses_ma20_anchor,5.0,5.0,0.0,0.0,0.0,0.01,available,bull,15.4399995803833,0.43,0.49,0.5758,0.0,v1.3.1-shadow,completed,1,2026-08-19,242.4,2026-08-27,229.97,initial_stop,0,-1.0,-1.0,,0.3298,-1.3918,-11.15,,,0.0,1.0,22,1,2026-08-21,2026-08-27,
2026-08-20T09:01:40.902194-04:00,2026-08-19,v1.3.3,premarket,0.0,xnys,AEP,v1.2.1,v1.3.1-shadow,v1.3.1-shadow,8142e595d788ac06,ndx-99-78834e47b659,consolidation_dip,consolidation_dip,10.0,ma60,129.56,,buy_stop_reclaim,consolidation_dip,ma60,129.56,129.56,129.56,131.45,123.88,5.0,40.0,intraday,initial_stop_or_d40_close,2026-08-20,price_below_ma60_wait_for_reclaim,10.0,13.0,3.0,0.0,0.0,-0.17,available,neutral,16.0,-0.39,-0.52,0.6162,0.0,v1.3.1-shadow,unfilled,0,,,,,,0,,,,,,-4.53,,,0.0,1.0,21,1,2026-08-26,2026-08-26,entry_not_reached
2026-08-20T09:01:40.902194-04:00,2026-08-19,v1.3.3,premarket,0.0,xnys,KDP,v1.2.1,v1.3.1-shadow,v1.3.1-shadow,8142e595d788ac06,ndx-99-78834e47b659,consolidation_dip,consolidation_dip,10.0,ma60,30.86,,buy_limit_zone,consolidation_dip,ma60,30.86,31.36,30.86,31.36,29.35,5.0,40.0,intraday,initial_stop_or_d40_close,2026-08-20,pullback_limit_inside_ma60_zone,10.0,13.0,3.0,0.0,0.0,-0.16,available,neutral,16.0,-0.39,-0.52,0.6162,0.0,v1.3.1-shadow,open,1,2026-08-20,31.14,,,,0,,,-0.1006,1.1341,-0.2123,-2.21,,,0.0,1.0,21,1,2026-08-26,,
2026-08-20T09:01:40.902194-04:00,2026-08-19,v1.3.3,premarket,0.0,xnys,ORLY,v1.2.1,v1.3.1-shadow,v1.3.1-shadow,8142e595d788ac06,ndx-99-78834e47b659,consolidation_dip,consolidation_dip,10.0,ma60,88.99,,buy_limit_zone,consolidation_dip,ma60,88.99,90.16,88.99,90.16,85.47,5.0,40.0,intraday,initial_stop_or_d40_close,2026-08-20,pullback_limit_inside_ma60_zone,10.0,13.0,3.0,0.0,0.0,-1.86,available,neutral,16.0,-0.39,-0.52,0.6162,0.0,v1.3.1-shadow,completed,1,2026-08-20,88.79,2026-09-09,85.47,initial_stop,0,-1.0,-1.0,,0.8133,-1.1898,-4.91,,,0.0,1.0,21,1,2026-08-26,2026-09-09,
2026-08-20T09:01:40.902194-04:00,2026-08-19,v1.3.3,premarket,0.0,xnys,EXC,v1.2.1,v1.3.1-shadow,v1.3.1-shadow,8142e595d788ac06,ndx-99-78834e47b659,consolidation_dip,consolidation_dip,10.0,ma60,46.04,,buy_stop_reclaim,consolidation_dip,ma60,46.04,46.04,46.04,46.52,44.61,5.0,40.0,intraday,initial_stop_or_d40_close,2026-08-20,price_below_ma60_wait_for_reclaim,10.0,13.0,3.0,0.0,0.0,0.46,available,neutral,16.0,-0.39,-0.52,0.6162,0.0,v1.3.1-shadow,unfilled,0,,,,,,0,,,,,,-5.7,,,0.0,1.0,21,1,2026-08-26,2026-08-26,entry_not_reached
2026-08-20T09:01:40.902194-04:00,2026-08-19,v1.3.3,premarket,0.0,xnys,MU,v1.2.1,v1.3.1-shadow,v1.3.1-shadow,8142e595d788ac06,ndx-99-78834e47b659,consolidation_dip,consolidation_dip,10.0,ma60,963.65,,buy_stop_reclaim,consolidation_dip,ma60,963.65,963.65,963.65,999.77,855.3,5.0,40.0,intraday,initial_stop_or_d40_close,2026-08-20,price_below_ma60_wait_for_reclaim,13.0,13.0,0.0,0.0,0.0,-0.6,available,neutral,16.0,-0.39,-0.52,0.6162,0.0,v1.3.1-shadow,open,1,2026-08-20,963.65,,,,0,,,0.4813,0.7268,-0.7018,4.26,,,0.0,1.0,21,1,2026-08-26,,
2026-08-20T09:01:40.902194-04:00,2026-08-19,v1.3.3,premarket,0.0,xnys,MNST,v1.2.1,v1.3.1-shadow,v1.3.1-shadow,8142e595d788ac06,ndx-99-78834e47b659,oversold_bounce,oversold_bounce,7.0,previous_high,47.98,,buy_stop_reclaim,oversold_bounce,previous_high,47.98,48.39,48.39,49.41,41.3,5.0,40.0,intraday,initial_stop_or_d40_close,2026-08-20,oversold_requires_break_above_signal_bar_high,8.0,11.0,3.0,0.0,0.0,-0.63,available,neutral,16.0,-0.39,-0.52,0.6162,0.0,v1.3.1-shadow,open,1,2026-08-24,48.39,,,,0,,,-0.519,0.1199,-0.8745,-5.85,,,0.0,1.0,21,1,2026-08-26,,
2026-08-20T09:01:40.902194-04:00,2026-08-19,v1.3.3,premarket,0.0,xnys,FTNT,v1.2.1,v1.3.1-shadow,v1.3.1-shadow,8142e595d788ac06,ndx-99-78834e47b659,consolidation_dip,consolidation_dip,10.0,ma60,153.08,,buy_stop_reclaim,consolidation_dip,ma60,153.08,153.08,153.08,156.45,142.96,5.0,40.0,intraday,initial_stop_or_d40_close,2026-08-20,price_below_ma60_wait_for_reclaim,11.0,11.0,0.0,0.0,0.0,-1.86,available,neutral,16.0,-0.39,-0.52,0.6162,0.0,v1.3.1-shadow,open,1,2026-08-20,153.08,,,,0,,,1.6561,2.2747,-0.4773,12.63,,,0.0,1.0,21,1,2026-08-26,,
2026-08-20T09:01:40.902194-04:00,2026-08-19,v1.3.3,premarket,0.0,xnys,APP,v1.2.1,v1.3.1-shadow,v1.3.1-shadow,8142e595d788ac06,ndx-99-78834e47b659,oversold_bounce,oversold_bounce,7.0,previous_high,315.33,,buy_stop_reclaim,oversold_bounce,previous_high,315.33,317.41,317.41,322.6,279.65,5.0,40.0,intraday,initial_stop_or_d40_close,2026-08-20,oversold_requires_break_above_signal_bar_high,10.0,10.0,0.0,0.0,0.0,-0.2,available,neutral,16.0,-0.39,-0.52,0.6162,0.0,v1.3.1-shadow,open,1,2026-08-20,317.41,,,,0,,,-0.2476,0.5543,-0.5273,-0.23,,,0.0,1.0,21,1,2026-08-26,,
2026-08-20T09:01:40.902194-04:00,2026-08-19,v1.3.3,premarket,0.0,xnys,VRSK,v1.2.1,v1.3.1-shadow,v1.3.1-shadow,8142e595d788ac06,ndx-99-78834e47b659,consolidation_dip,consolidation_dip,10.0,ma60,184.82,,buy_limit_zone,consolidation_dip,ma60,184.82,188.96,184.82,188.96,172.4,5.0,40.0,intraday,initial_stop_or_d40_close,2026-08-20,pullback_limit_inside_ma60_zone,10.0,10.0,0.0,0.0,0.0,,stale_quote,neutral,16.0,-0.39,-0.52,0.6162,0.0,v1.3.1-shadow,completed,1,2026-08-20,186.06,2026-09-09,172.4,initial_stop,0,-1.0,-1.0,,0.8163,-1.0447,-6.27,,,0.0,1.0,21,1,2026-08-26,2026-09-09,
2026-08-20T09:01:40.902194-04:00,2026-08-19,v1.3.3,premarket,0.0,xnys,AAPL,v1.2.1,v1.3.1-shadow,v1.3.1-shadow,8142e595d788ac06,ndx-99-78834e47b659,healthy_pullback,healthy_pullback,5.0,ma20,315.87,,buy_limit_zone,healthy_pullback,ma20,315.87,320.01,315.87,320.01,303.46,3.0,40.0,intraday,initial_stop_or_d40_close,2026-08-20,pullback_limit_uses_ma20_anchor,6.0,9.0,3.0,1.0,1.0,-0.04,available,neutral,16.0,-0.39,-0.52,0.6162,0.0,v1.3.1-shadow,open,1,2026-08-20,317.46,,,,0,,,1.3336,1.5021,-0.7464,7.98,,,0.0,1.0,21,1,2026-08-24,,
2026-08-20T09:01:40.902194-04:00,2026-08-19,v1.3.3,premarket,0.0,xnys,AMZN,v1.2.1,v1.3.1-shadow,v1.3.1-shadow,8142e595d788ac06,ndx-99-78834e47b659,healthy_pullback,healthy_pullback,5.0,ma20,258.73,,buy_limit_zone,healthy_pullback,ma20,258.73,263.01,258.73,263.01,245.89,3.0,40.0,intraday,initial_stop_or_d40_close,2026-08-20,pullback_limit_uses_ma20_anchor,6.0,9.0,3.0,1.0,0.0,-0.9,available,neutral,16.0,-0.39,-0.52,0.6162,0.0,v1.3.1-shadow,completed,1,2026-08-20,263.01,2026-09-16,245.89,initial_stop,0,-1.0,-1.0,,0.2658,-1.0929,-2.46,,,0.0,1.0,21,1,2026-08-24,2026-09-16,
2026-08-20T09:01:40.902194-04:00,2026-08-19,v1.3.3,premarket,0.0,xnys,CEG,v1.2.1,v1.3.1-shadow,v1.3.1-shadow,8142e595d788ac06,ndx-99-78834e47b659,healthy_pullback,healthy_pullback,5.0,ma20,270.07,,buy_limit_zone,healthy_pullback,ma20,270.07,275.3,270.07,275.3,254.38,3.0,40.0,intraday,initial_stop_or_d40_close,2026-08-20,pullback_limit_uses_ma20_anchor,6.0,9.0,3.0,1.0,0.0,-0.64,available,neutral,16.0,-0.39,-0.52,0.6162,0.0,v1.3.1-shadow,open,1,2026-08-20,273.45,,,,0,,,-0.9827,1.6964,-0.9906,-6.67,,,0.0,1.0,21,1,2026-08-24,,
2026-08-20T09:01:40.902194-04:00,2026-08-19,v1.3.3,premarket,0.0,xnys,PEP,v1.2.1,v1.3.1-shadow,v1.3.1-shadow,8142e595d788ac06,ndx-99-78834e47b659,healthy_pullback,healthy_pullback,5.0,ma60,140.45,,buy_limit_zone,healthy_pullback,ma60,140.45,142.59,140.45,142.59,134.03,3.0,40.0,intraday,initial_stop_or_d40_close,2026-08-20,pullback_limit_uses_ma60_anchor,5.0,8.0,3.0,1.0,0.0,-0.3,available,neutral,16.0,-0.39,-0.52,0.6162,0.0,v1.3.1-shadow,completed,1,2026-08-20,141.74,2026-09-17,134.03,initial_stop,0,-0.808,-0.808,,0.5396,-1.1427,-7.64,,,1.48,1.0,21,1,2026-08-24,2026-09-17,
2026-08-20T09:01:40.902194-04:00,2026-08-19,v1.3.3,premarket,0.0,xnys,MSTR,v1.2.1,v1.3.1-shadow,v1.3.1-shadow,8142e595d788ac06,ndx-99-78834e47b659,healthy_pullback,healthy_pullback,5.0,ma20,96.25,,buy_limit_zone,healthy_pullback,ma20,96.25,99.2,96.25,99.2,87.4,3.0,40.0,intraday,initial_stop_or_d40_close,2026-08-20,pullback_limit_uses_ma20_anchor,5.0,5.0,0.0,0.0,0.0,9.3,available,neutral,16.0,-0.39,-0.52,0.6162,0.0,v1.3.1-shadow,unfilled,0,,,,,,0,,,,,,36.95,,,0.0,1.0,21,1,2026-08-24,2026-08-24,entry_not_reached
2026-08-20T09:01:40.902194-04:00,2026-08-19,v1.3.3,premarket,0.0,xnys,MRVL,v1.2.1,v1.3.1-shadow,v1.3.1-shadow,8142e595d788ac06,ndx-99-78834e47b659,healthy_pullback,healthy_pullback,5.0,ma60,236.99,,buy_limit_zone,healthy_pullback,ma60,236.99,245.92,236.99,245.92,210.19,3.0,40.0,intraday,initial_stop_or_d40_close,2026-08-20,pullback_limit_uses_ma60_anchor,6.0,6.0,0.0,0.0,0.0,-1.92,available,neutral,16.0,-0.39,-0.52,0.6162,0.0,v1.3.1-shadow,completed,1,2026-08-20,237.57,2026-08-31,210.19,initial_stop,0,-1.0,-1.0,,0.622,-1.0241,-2.69,,,0.0,1.0,21,1,2026-08-24,2026-08-31,
2026-08-20T09:01:40.902194-04:00,2026-08-19,v1.3.3,premarket,0.0,xnys,FER,v1.2.1,v1.3.1-shadow,v1.3.1-shadow,8142e595d788ac06,ndx-99-78834e47b659,healthy_pullback,healthy_pullback,5.0,ma20,64.63,,buy_limit_zone,healthy_pullback,ma20,64.63,65.6,64.63,65.6,61.72,3.0,40.0,intraday,initial_stop_or_d40_close,2026-08-20,pullback_limit_uses_ma20_anchor,6.0,6.0,0.0,0.0,0.0,-2.38,available,neutral,16.0,-0.39,-0.52,0.6162,0.0,v1.3.1-shadow,completed,1,2026-08-20,63.08,2026-08-26,61.48,gap_through_stop,0,-1.1765,-1.1765,,0.8456,-2.5,-12.84,,,0.0,1.0,21,1,2026-08-24,2026-08-26,
2026-08-20T09:01:40.902194-04:00,2026-08-19,v1.3.3,premarket,0.0,xnys,ISRG,v1.2.1,v1.3.1-shadow,v1.3.1-shadow,8142e595d788ac06,ndx-99-78834e47b659,healthy_pullback,healthy_pullback,5.0,ma60,394.75,,buy_limit_zone,healthy_pullback,ma60,394.75,400.27,394.75,400.27,378.19,3.0,40.0,intraday,initial_stop_or_d40_close,2026-08-20,pullback_limit_uses_ma60_anchor,6.0,6.0,0.0,0.0,0.0,0.12,available,neutral,16.0,-0.39,-0.52,0.6162,0.0,v1.3.1-shadow,completed,1,2026-08-20,397.23,2026-08-20,378.19,initial_stop,0,-1.0,-1.0,,0.0924,-1.2936,5.03,,,0.0,1.0,21,1,2026-08-24,2026-08-20,
2026-08-20T09:01:40.902194-04:00,2026-08-19,v1.3.3,premarket,0.0,xnys,IDXX,v1.2.1,v1.3.1-shadow,v1.3.1-shadow,8142e595d788ac06,ndx-99-78834e47b659,healthy_pullback,healthy_pullback,5.0,ma60,560.81,,buy_limit_zone,healthy_pullback,ma60,560.81,570.81,560.81,570.81,530.81,3.0,40.0,intraday,initial_stop_or_d40_close,2026-08-20,pullback_limit_uses_ma60_anchor,5.0,5.0,0.0,0.0,0.0,-0.57,available,neutral,16.0,-0.39,-0.52,0.6162,0.0,v1.3.1-shadow,completed,1,2026-08-20,562.05,2026-09-03,530.81,initial_stop,0,-1.0,-1.0,,0.0346,-1.0983,-6.27,,,0.0,1.0,21,1,2026-08-24,2026-09-03,
2026-08-21T09:01:26.458174-04:00,2026-08-20,v1.3.3,premarket,0.0,xnys,MU,v1.2.1,v1.3.1-shadow,v1.3.1-shadow,8142e595d788ac06,ndx-99-78834e47b659,consolidation_dip,consolidation_dip,10.0,ma60,964.96,,buy_limit_zone,consolidation_dip,ma60,964.96,1000.58,964.96,1000.58,858.1,5.0,40.0,intraday,initial_stop_or_d40_close,2026-08-21,pullback_limit_inside_ma60_zone,13.0,16.0,3.0,0.0,0.0,1.25,available,bull,15.40999984741211,0.51,0.74,0.5253,0.0,v1.3.1-shadow,open,1,2026-08-21,989.68,,,,0,,,0.1985,0.4007,-0.7757,,,,0.0,1.0,20,1,2026-08-27,,
2026-08-21T09:01:26.458174-04:00,2026-08-20,v1.3.3,premarket,0.0,xnys,ASML,v1.2.1,v1.3.1-shadow,v1.3.1-shadow,8142e595d788ac06,ndx-99-78834e47b659,consolidation_dip,consolidation_dip,10.0,ma60,1762.56,,buy_stop_reclaim,consolidation_dip,ma60,1762.56,1762.56,1762.56,1798.44,1654.92,5.0,40.0,intraday,initial_stop_or_d40_close,2026-08-21,price_below_ma60_wait_for_reclaim,11.0,14.0,3.0,0.0,0.0,1.15,available,bull,15.40999984741211,0.51,0.74,0.5253,0.0,v1.3.1-shadow,completed,1,2026-08-21,1763.51,2026-09-01,1654.92,initial_stop,0,-1.0,-1.0,,0.069,-1.0342,,,,0.0,1.0,20,1,2026-08-27,2026-09-01,
2026-08-21T09:01:26.458174-04:00,2026-08-20,v1.3.3,premarket,0.0,xnys,DDOG,v1.2.1,v1.3.1-shadow,v1.3.1-shadow,8142e595d788ac06,ndx-99-78834e47b659,consolidation_dip,consolidation_dip,10.0,ma60,248.19,,buy_stop_reclaim,consolidation_dip,ma60,248.19,248.19,248.19,256.43,223.46,5.0,40.0,intraday,initial_stop_or_d40_close,2026-08-21,price_below_ma60_wait_for_reclaim,12.0,12.0,0.0,0.0,0.0,0.59,available,bull,15.40999984741211,0.51,0.74,0.5253,0.0,v1.3.1-shadow,completed,1,2026-08-27,248.19,2026-09-01,223.46,initial_stop,0,-1.0,-1.0,,0.1537,-1.0178,,,,0.0,1.0,20,1,2026-08-27,2026-09-01,
2026-08-21T09:01:26.458174-04:00,2026-08-20,v1.3.3,premarket,0.0,xnys,LITE,v1.2.1,v1.3.1-shadow,v1.3.1-shadow,8142e595d788ac06,ndx-99-78834e47b659,healthy_pullback,healthy_pullback,5.0,ma20,812.12,,buy_limit_zone,healthy_pullback,ma20,812.12,854.95,812.12,854.95,683.62,3.0,40.0,intraday,initial_stop_or_d40_close,2026-08-21,pullback_limit_uses_ma20_anchor,8.0,11.0,3.0,0.0,0.0,2.03,available,bull,15.40999984741211,0.51,0.74,0.5253,0.0,v1.3.1-shadow,open,1,2026-08-24,823.6,,,,0,,,0.7666,1.4514,-0.2795,,,,0.0,1.0,20,1,2026-08-25,,
2026-08-21T09:01:26.458174-04:00,2026-08-20,v1.3.3,premarket,0.0,xnys,CEG,v1.2.1,v1.3.1-shadow,v1.3.1-shadow,8142e595d788ac06,ndx-99-78834e47b659,consolidation_dip,consolidation_dip,10.0,ma60,263.2,,buy_limit_zone,consolidation_dip,ma60,263.2,268.4,263.2,268.4,247.61,5.0,40.0,intraday,initial_stop_or_d40_close,2026-08-21,pullback_limit_inside_ma60_zone,11.0,11.0,0.0,0.0,0.0,0.98,available,bull,15.40999984741211,0.51,0.74,0.5253,0.0,v1.3.1-shadow,unfilled,0,,,,,,0,,,,,,,,,0.0,1.0,20,1,2026-08-27,2026-08-27,entry_not_reached
2026-08-21T09:01:26.458174-04:00,2026-08-20,v1.3.3,premarket,0.0,xnys,VRSK,v1.2.1,v1.3.1-shadow,v1.3.1-shadow,8142e595d788ac06,ndx-99-78834e47b659,consolidation_dip,consolidation_dip,10.0,ma60,186.27,,buy_limit_zone,consolidation_dip,ma60,186.27,190.19,186.27,190.19,174.51,5.0,40.0,intraday,initial_stop_or_d40_close,2026-08-21,pullback_limit_inside_ma60_zone,10.0,10.0,0.0,0.0,0.0,0.0,available,bull,15.40999984741211,0.51,0.74,0.5253,0.0,v1.3.1-shadow,completed,1,2026-08-21,186.68,2026-09-09,174.51,initial_stop,0,-1.0,-1.0,,0.8652,-1.2235,,,,0.0,1.0,20,1,2026-08-27,2026-09-09,
2026-08-21T09:01:26.458174-04:00,2026-08-20,v1.3.3,premarket,0.0,xnys,LRCX,v1.2.1,v1.3.1-shadow,v1.3.1-shadow,8142e595d788ac06,ndx-99-78834e47b659,healthy_pullback,healthy_pullback,5.0,ma20,307.46,,buy_limit_zone,healthy_pullback,ma20,307.46,318.54,307.46,318.54,274.23,3.0,40.0,intraday,initial_stop_or_d40_close,2026-08-21,pullback_limit_uses_ma20_anchor,6.0,9.0,3.0,1.0,1.0,2.57,available,bull,15.40999984741211,0.51,0.74,0.5253,0.0,v1.3.1-shadow,completed,1,2026-08-21,317.86,2026-09-14,274.23,initial_stop,0,-1.0,-1.0,,0.0997,-1.0227,,,,0.0,1.0,20,1,2026-08-25,2026-09-14,
2026-08-21T09:01:26.458174-04:00,2026-08-20,v1.3.3,premarket,0.0,xnys,MRVL,v1.2.1,v1.3.1-shadow,v1.3.1-shadow,8142e595d788ac06,ndx-99-78834e47b659,healthy_pullback,healthy_pullback,5.0,ma60,237.7,,buy_limit_zone,healthy_pullback,ma60,237.7,246.67,237.7,246.67,210.78,3.0,40.0,intraday,initial_stop_or_d40_close,2026-08-21,pullback_limit_uses_ma60_anchor,6.0,6.0,0.0,0.0,0.0,0.89,available,bull,15.40999984741211,0.51,0.74,0.5253,0.0,v1.3.1-shadow,completed,1,2026-08-21,246.67,2026-08-31,210.78,initial_stop,0,-1.0,-1.0,,0.221,-1.0348,,,,0.0,1.0,20,1,2026-08-25,2026-08-31,
2026-08-21T09:01:26.458174-04:00,2026-08-20,v1.3.3,premarket,0.0,xnys,TTWO,v1.2.1,v1.3.1-shadow,v1.3.1-shadow,8142e595d788ac06,ndx-99-78834e47b659,healthy_pullback,healthy_pullback,5.0,ma60,236.33,,buy_limit_zone,healthy_pullback,ma60,236.33,240.61,236.33,240.61,223.48,3.0,40.0,intraday,initial_stop_or_d40_close,2026-08-21,pullback_limit_uses_ma60_anchor,5.0,5.0,0.0,0.0,0.0,0.82,available,bull,15.40999984741211,0.51,0.74,0.5253,0.0,v1.3.1-shadow,completed,1,2026-08-21,240.61,2026-08-31,223.48,initial_stop,0,-1.0,-1.0,,0.296,-1.3923,,,,0.0,1.0,20,1,2026-08-25,2026-08-31,
2026-08-21T09:01:26.458174-04:00,2026-08-20,v1.3.3,premarket,0.0,xnys,KDP,v1.2.1,v1.3.1-shadow,v1.3.1-shadow,8142e595d788ac06,ndx-99-78834e47b659,healthy_pullback,healthy_pullback,5.0,ma60,30.92,,buy_limit_zone,healthy_pullback,ma60,30.92,31.44,30.92,31.44,29.37,3.0,40.0,intraday,initial_stop_or_d40_close,2026-08-21,pullback_limit_uses_ma60_anchor,5.0,5.0,0.0,0.0,0.0,0.44,available,bull,15.40999984741211,0.51,0.74,0.5253,0.0,v1.3.1-shadow,unfilled,0,,,,,,0,,,,,,,,,0.0,1.0,20,1,2026-08-25,2026-08-25,entry_not_reached
2026-08-24T09:01:34.900248-04:00,2026-08-21,v1.3.3,premarket,0.0,xnys,LITE,v1.2.1,v1.3.1-shadow,v1.3.1-shadow,8142e595d788ac06,ndx-99-78834e47b659,consolidation_dip,consolidation_dip,10.0,ma60,828.13,,buy_limit_zone,consolidation_dip,ma60,828.13,869.92,828.13,869.92,702.76,5.0,40.0,intraday,initial_stop_or_d40_close,2026-08-24,pullback_limit_inside_ma60_zone,13.0,16.0,3.0,0.0,0.0,-5.32,available,neutral,15.93000030517578,-0.17,-0.63,0.5354,0.0,v1.3.1-shadow,open,1,2026-08-24,823.6,,,,0,,,0.888,1.6812,-0.3238,,,,0.0,1.0,19,1,2026-08-28,,
2026-08-24T09:01:34.900248-04:00,2026-08-21,v1.3.3,premarket,0.0,xnys,SNDK,v1.2.1,v1.3.1-shadow,v1.3.1-shadow,8142e595d788ac06,ndx-99-78834e47b659,consolidation_dip,consolidation_dip,10.0,ma60,1660.09,,buy_stop_reclaim,consolidation_dip,ma60,1660.09,1660.09,1660.09,1732.49,1442.88,5.0,40.0,intraday,initial_stop_or_d40_close,2026-08-24,price_below_ma60_wait_for_reclaim,13.0,16.0,3.0,0.0,0.0,-5.77,available,neutral,15.93000030517578,-0.17,-0.63,0.5354,0.0,v1.3.1-shadow,unfilled,0,,,,,,0,,,,,,,,,0.0,1.0,19,1,2026-08-28,2026-08-28,entry_not_reached
2026-08-24T09:01:34.900248-04:00,2026-08-21,v1.3.3,premarket,0.0,xnys,MU,v1.2.1,v1.3.1-shadow,v1.3.1-shadow,8142e595d788ac06,ndx-99-78834e47b659,consolidation_dip,consolidation_dip,10.0,ma60,965.61,,buy_limit_zone,consolidation_dip,ma60,965.61,998.49,965.61,998.49,866.96,5.0,40.0,intraday,initial_stop_or_d40_close,2026-08-24,pullback_limit_inside_ma60_zone,13.0,16.0,3.0,0.0,0.0,-3.55,available,neutral,15.93000030517578,-0.17,-0.63,0.5354,0.0,v1.3.1-shadow,open,1,2026-08-24,934.78,,,,0,,,1.1946,1.5868,-0.6955,,,,0.0,1.0,19,1,2026-08-28,,
2026-08-24T09:01:34.900248-04:00,2026-08-21,v1.3.3,premarket,0.0,xnys,STX,v1.2.1,v1.3.1-shadow,v1.3.1-shadow,8142e595d788ac06,ndx-99-78834e47b659,consolidation_dip,consolidation_dip,10.0,ma60,890.35,,buy_stop_reclaim,consolidation_dip,ma60,890.35,890.35,890.35,925.14,785.99,5.0,40.0,intraday,initial_stop_or_d40_close,2026-08-24,price_below_ma60_wait_for_reclaim,12.0,15.0,3.0,0.0,0.0,-3.8,available,neutral,15.93000030517578,-0.17,-0.63,0.5354,0.0,v1.3.1-shadow,unfilled,0,,,,,,0,,,,,,,,,0.0,1.0,19,1,2026-08-28,2026-08-28,entry_not_reached
2026-08-24T09:01:34.900248-04:00,2026-08-21,v1.3.3,premarket,0.0,xnys,FTNT,v1.2.1,v1.3.1-shadow,v1.3.1-shadow,8142e595d788ac06,ndx-99-78834e47b659,consolidation_dip,consolidation_dip,10.0,ma60,153.78,,buy_stop_reclaim,consolidation_dip,ma60,153.78,153.78,153.78,157.19,143.55,5.0,40.0,intraday,initial_stop_or_d40_close,2026-08-24,price_below_ma60_wait_for_reclaim,11.0,14.0,3.0,0.0,0.0,-0.33,available,neutral,15.93000030517578,-0.17,-0.63,0.5354,0.0,v1.3.1-shadow,open,1,2026-08-24,153.78,,,,0,,,1.5699,2.1818,-0.4184,,,,0.0,1.0,19,1,2026-08-28,,
2026-08-24T09:01:34.900248-04:00,2026-08-21,v1.3.3,premarket,0.0,xnys,CRWD,v1.2.1,v1.3.1-shadow,v1.3.1-shadow,8142e595d788ac06,ndx-99-78834e47b659,consolidation_dip,consolidation_dip,10.0,ma60,190.3,,buy_limit_zone,consolidation_dip,ma60,190.3,194.94,190.3,194.94,176.37,5.0,40.0,intraday,initial_stop_or_d40_close,2026-08-24,pullback_limit_inside_ma60_zone,11.0,14.0,3.0,0.0,0.0,-0.29,available,neutral,15.93000030517578,-0.17,-0.63,0.5354,0.0,v1.3.1-shadow,open,1,2026-08-24,189.52,,,,0,,,3.6601,4.6236,-0.6297,,,,0.0,1.0,19,1,2026-08-28,,
2026-08-24T09:01:34.900248-04:00,2026-08-21,v1.3.3,premarket,0.0,xnys,ASML,v1.2.1,v1.3.1-shadow,v1.3.1-shadow,8142e595d788ac06,ndx-99-78834e47b659,consolidation_dip,consolidation_dip,10.0,ma60,1765.36,,buy_stop_reclaim,consolidation_dip,ma60,1765.36,1765.36,1765.36,1797.09,1670.18,5.0,40.0,intraday,initial_stop_or_d40_close,2026-08-24,price_below_ma60_wait_for_reclaim,11.0,14.0,3.0,0.0,0.0,-0.71,available,neutral,15.93000030517578,-0.17,-0.63,0.5354,0.0,v1.3.1-shadow,completed,1,2026-08-25,1765.36,2026-09-01,1670.18,initial_stop,0,-1.0,-1.0,,0.0486,-1.1993,,,,0.0,1.0,19,1,2026-08-28,2026-09-01,
2026-08-24T09:01:34.900248-04:00,2026-08-21,v1.3.3,premarket,0.0,xnys,DDOG,v1.2.1,v1.3.1-shadow,v1.3.1-shadow,8142e595d788ac06,ndx-99-78834e47b659,consolidation_dip,consolidation_dip,10.0,ma60,248.42,,buy_stop_reclaim,consolidation_dip,ma60,248.42,248.42,248.42,256.59,223.91,5.0,40.0,intraday,initial_stop_or_d40_close,2026-08-24,price_below_ma60_wait_for_reclaim,12.0,12.0,0.0,0.0,0.0,-0.56,available,neutral,15.93000030517578,-0.17,-0.63,0.5354,0.0,v1.3.1-shadow,completed,1,2026-08-27,248.42,2026-09-01,223.91,initial_stop,0,-1.0,-1.0,,0.1457,-1.0363,,,,0.0,1.0,19,1,2026-08-28,2026-09-01,
2026-08-24T09:01:34.900248-04:00,2026-08-21,v1.3.3,premarket,0.0,xnys,WMT,v1.2.1,v1.3.1-shadow,v1.3.1-shadow,8142e595d788ac06,ndx-99-78834e47b659,oversold_bounce,oversold_bounce,7.0,previous_high,104.28,,buy_stop_reclaim,oversold_bounce,previous_high,104.28,104.58,104.58,105.33,99.23,5.0,40.0,intraday,initial_stop_or_d40_close,2026-08-24,oversold_requires_break_above_signal_bar_high,7.0,10.0,3.0,0.0,1.0,0.54,available,neutral,15.93000030517578,-0.17,-0.63,0.5354,0.0,v1.3.1-shadow,open,1,2026-08-24,104.58,,,,0,,,0.4019,0.9645,-0.4318,,,,0.0,1.0,19,1,2026-08-28,,
2026-08-24T09:01:34.900248-04:00,2026-08-21,v1.3.3,premarket,0.0,xnys,CEG,v1.2.1,v1.3.1-shadow,v1.3.1-shadow,8142e595d788ac06,ndx-99-78834e47b659,consolidation_dip,consolidation_dip,10.0,ma60,262.95,,buy_limit_zone,consolidation_dip,ma60,262.95,267.96,262.95,267.96,247.93,5.0,40.0,intraday,initial_stop_or_d40_close,2026-08-24,pullback_limit_inside_ma60_zone,11.0,11.0,0.0,0.0,0.0,-0.32,available,neutral,15.93000030517578,-0.17,-0.63,0.5354,0.0,v1.3.1-shadow,unfilled,0,,,,,,0,,,,,,,,,0.0,1.0,19,1,2026-08-28,2026-08-28,entry_not_reached
2026-08-24T09:01:34.900248-04:00,2026-08-21,v1.3.3,premarket,0.0,xnys,ROST,v1.2.1,v1.3.1-shadow,v1.3.1-shadow,8142e595d788ac06,ndx-99-78834e47b659,healthy_pullback,healthy_pullback,5.0,ma60,233.53,,buy_limit_zone,healthy_pullback,ma60,233.53,236.54,233.53,236.54,224.5,3.0,40.0,intraday,initial_stop_or_d40_close,2026-08-24,pullback_limit_uses_ma60_anchor,6.0,9.0,3.0,1.0,0.0,0.31,available,neutral,15.93000030517578,-0.17,-0.63,0.5354,0.0,v1.3.1-shadow,completed,1,2026-08-24,236.54,2026-09-01,224.5,initial_stop,0,-1.0,-1.0,,0.495,-1.0,,,,0.0,1.0,19,1,2026-08-26,2026-09-01,
2026-08-24T09:01:34.900248-04:00,2026-08-21,v1.3.3,premarket,0.0,xnys,VRSK,v1.2.1,v1.3.1-shadow,v1.3.1-shadow,8142e595d788ac06,ndx-99-78834e47b659,consolidation_dip,consolidation_dip,10.0,ma60,186.54,,buy_limit_zone,consolidation_dip,ma60,186.54,190.3,186.54,190.3,175.26,5.0,40.0,intraday,initial_stop_or_d40_close,2026-08-24,pullback_limit_inside_ma60_zone,10.0,10.0,0.0,0.0,0.0,,stale_quote,neutral,15.93000030517578,-0.17,-0.63,0.5354,0.0,v1.3.1-shadow,completed,1,2026-08-24,187.79,2026-09-09,175.26,initial_stop,0,-1.0,-1.0,,0.7518,-1.2769,,,,0.0,1.0,19,1,2026-08-28,2026-09-09,
2026-08-24T09:01:34.900248-04:00,2026-08-21,v1.3.3,premarket,0.0,xnys,LRCX,v1.2.1,v1.3.1-shadow,v1.3.1-shadow,8142e595d788ac06,ndx-99-78834e47b659,healthy_pullback,healthy_pullback,5.0,ma20,307.9,,buy_limit_zone,healthy_pullback,ma20,307.9,318.21,307.9,318.21,276.97,3.0,40.0,intraday,initial_stop_or_d40_close,2026-08-24,pullback_limit_uses_ma20_anchor,6.0,9.0,3.0,1.0,0.0,-2.86,available,neutral,15.93000030517578,-0.17,-0.63,0.5354,0.0,v1.3.1-shadow,completed,1,2026-08-24,307.94,2026-09-14,275.0,gap_through_stop,0,-1.0636,-1.0636,,0.4608,-1.1204,,,,0.0,1.0,19,1,2026-08-26,2026-09-14,
2026-08-24T09:01:34.900248-04:00,2026-08-21,v1.3.3,premarket,0.0,xnys,ORLY,v1.2.1,v1.3.1-shadow,v1.3.1-shadow,8142e595d788ac06,ndx-99-78834e47b659,healthy_pullback,healthy_pullback,5.0,ma60,88.9,,buy_limit_zone,healthy_pullback,ma60,88.9,90.08,88.9,90.08,85.36,3.0,40.0,intraday,initial_stop_or_d40_close,2026-08-24,pullback_limit_uses_ma60_anchor,5.0,8.0,3.0,1.0,0.0,0.02,available,neutral,15.93000030517578,-0.17,-0.63,0.5354,0.0,v1.3.1-shadow,completed,1,2026-08-24,89.13,2026-09-09,85.36,initial_stop,0,-1.0,-1.0,,0.626,-1.1379,,,,0.0,1.0,19,1,2026-08-26,2026-09-09,
2026-08-24T09:01:34.900248-04:00,2026-08-21,v1.3.3,premarket,0.0,xnys,ISRG,v1.2.1,v1.3.1-shadow,v1.3.1-shadow,8142e595d788ac06,ndx-99-78834e47b659,healthy_pullback,healthy_pullback,5.0,ma20,378.68,,buy_limit_zone,healthy_pullback,ma20,378.68,384.55,378.68,384.55,361.07,3.0,40.0,intraday,initial_stop_or_d40_close,2026-08-24,pullback_limit_uses_ma20_anchor,6.0,6.0,0.0,0.0,0.0,0.71,available,neutral,15.93000030517578,-0.17,-0.63,0.5354,0.0,v1.3.1-shadow,completed,1,2026-08-24,379.25,2026-09-08,361.07,initial_stop,0,-1.0,-1.0,,0.2646,-1.7453,,,,0.0,1.0,19,1,2026-08-26,2026-09-08,
2026-08-24T09:01:34.900248-04:00,2026-08-21,v1.3.3,premarket,0.0,xnys,TMUS,v1.2.1,v1.3.1-shadow,v1.3.1-shadow,8142e595d788ac06,ndx-99-78834e47b659,healthy_pullback,healthy_pullback,5.0,ma60,181.96,,buy_limit_zone,healthy_pullback,ma60,181.96,184.44,181.96,184.44,174.51,3.0,40.0,intraday,initial_stop_or_d40_close,2026-08-24,pullback_limit_uses_ma60_anchor,5.0,5.0,0.0,0.0,0.0,1.6,available,neutral,15.93000030517578,-0.17,-0.63,0.5354,0.0,v1.3.1-shadow,completed,1,2026-08-24,183.51,2026-09-16,174.51,initial_stop,0,-0.8867,-0.8867,,0.7067,-1.1489,,,,1.02,1.0,19,1,2026-08-26,2026-09-16,
2026-08-25T09:01:53.631940-04:00,2026-08-24,v1.3.3,premarket,0.0,xnys,LITE,v1.2.1,v1.3.1-shadow,v1.3.1-shadow,8142e595d788ac06,ndx-99-78834e47b659,consolidation_dip,consolidation_dip,10.0,ma60,827.62,,buy_limit_zone,consolidation_dip,ma60,827.62,869.61,827.62,869.61,701.65,5.0,40.0,intraday,initial_stop_or_d40_close,2026-08-25,pullback_limit_inside_ma60_zone,13.0,16.0,3.0,0.0,0.0,3.05,available,neutral,15.84000015258789,0.4,0.82,0.5455,0.0,v1.3.1-shadow,open,1,2026-08-25,858.1,,,,0,,,0.4654,1.078,-0.2506,,,,0.0,1.0,18,1,2026-08-31,,
2026-08-25T09:01:53.631940-04:00,2026-08-24,v1.3.3,premarket,0.0,xnys,MU,v1.2.1,v1.3.1-shadow,v1.3.1-shadow,8142e595d788ac06,ndx-99-78834e47b659,consolidation_dip,consolidation_dip,10.0,ma60,965.39,,buy_stop_reclaim,consolidation_dip,ma60,965.39,965.39,965.39,999.05,864.41,5.0,40.0,intraday,initial_stop_or_d40_close,2026-08-25,price_below_ma60_wait_for_reclaim,13.0,16.0,3.0,0.0,0.0,2.05,available,neutral,15.84000015258789,0.4,0.82,0.5455,0.0,v1.3.1-shadow,open,1,2026-08-27,967.01,,,,0,,,0.4755,0.7348,-0.6278,,,,0.0,1.0,18,1,2026-08-31,,
2026-08-25T09:01:53.631940-04:00,2026-08-24,v1.3.3,premarket,0.0,xnys,CRWD,v1.2.1,v1.3.1-shadow,v1.3.1-shadow,8142e595d788ac06,ndx-99-78834e47b659,consolidation_dip,consolidation_dip,10.0,ma60,190.68,,buy_stop_reclaim,consolidation_dip,ma60,190.68,190.68,190.68,195.21,177.1,5.0,40.0,intraday,initial_stop_or_d40_close,2026-08-25,price_below_ma60_wait_for_reclaim,11.0,14.0,3.0,0.0,0.0,0.46,available,neutral,15.84000015258789,0.4,0.82,0.5455,0.0,v1.3.1-shadow,open,1,2026-08-25,191.62,,,,0,,,3.1701,4.0427,-0.7149,,,,0.0,1.0,18,1,2026-08-31,,
2026-08-25T09:01:53.631940-04:00,2026-08-24,v1.3.3,premarket,0.0,xnys,FTNT,v1.2.1,v1.3.1-shadow,v1.3.1-shadow,8142e595d788ac06,ndx-99-78834e47b659,consolidation_dip,consolidation_dip,10.0,ma60,154.16,,buy_stop_reclaim,consolidation_dip,ma60,154.16,154.16,154.16,157.46,144.27,5.0,40.0,intraday,initial_stop_or_d40_close,2026-08-25,price_below_ma60_wait_for_reclaim,11.0,14.0,3.0,0.0,0.0,0.48,available,neutral,15.84000015258789,0.4,0.82,0.5455,0.0,v1.3.1-shadow,open,1,2026-08-25,154.16,,,,0,,,1.5854,2.2184,-0.4712,,,,0.0,1.0,18,1,2026-08-31,,
2026-08-25T09:01:53.631940-04:00,2026-08-24,v1.3.3,premarket,0.0,xnys,ORLY,v1.2.1,v1.3.1-shadow,v1.3.1-shadow,8142e595d788ac06,ndx-99-78834e47b659,consolidation_dip,consolidation_dip,10.0,ma60,88.92,,buy_limit_zone,consolidation_dip,ma60,88.92,90.1,88.92,90.1,85.38,5.0,40.0,intraday,initial_stop_or_d40_close,2026-08-25,pullback_limit_inside_ma60_zone,10.0,13.0,3.0,0.0,0.0,0.02,available,neutral,15.84000015258789,0.4,0.82,0.5455,0.0,v1.3.1-shadow,completed,1,2026-08-26,90.1,2026-09-09,85.38,initial_stop,0,-1.0,-1.0,,0.1504,-1.1144,,,,0.0,1.0,18,1,2026-08-31,2026-09-09,
2026-08-25T09:01:53.631940-04:00,2026-08-24,v1.3.3,premarket,0.0,xnys,AAPL,v1.2.1,v1.3.1-shadow,v1.3.1-shadow,8142e595d788ac06,ndx-99-78834e47b659,consolidation_dip,consolidation_dip,10.0,ma60,309.23,,buy_limit_zone,consolidation_dip,ma60,309.23,313.17,309.23,313.17,297.4,5.0,40.0,intraday,initial_stop_or_d40_close,2026-08-25,pullback_limit_inside_ma60_zone,11.0,11.0,0.0,0.0,0.0,0.2,available,neutral,15.84000015258789,0.4,0.82,0.5455,0.0,v1.3.1-shadow,open,1,2026-08-25,310.79,,,,0,,,1.8925,2.0687,-0.1927,,,,0.0,1.0,18,1,2026-08-31,,
2026-08-25T09:01:53.631940-04:00,2026-08-24,v1.3.3,premarket,0.0,xnys,ASML,v1.2.1,v1.3.1-shadow,v1.3.1-shadow,8142e595d788ac06,ndx-99-78834e47b659,consolidation_dip,consolidation_dip,10.0,ma60,1767.63,,buy_stop_reclaim,consolidation_dip,ma60,1767.63,1767.63,1767.63,1798.91,1673.79,5.0,40.0,intraday,initial_stop_or_d40_close,2026-08-25,price_below_ma60_wait_for_reclaim,11.0,11.0,0.0,0.0,0.0,1.36,available,neutral,15.84000015258789,0.4,0.82,0.5455,0.0,v1.3.1-shadow,completed,1,2026-08-25,1767.63,2026-09-01,1673.79,initial_stop,0,-1.0,-1.0,,0.0251,-1.2406,,,,0.0,1.0,18,1,2026-08-31,2026-09-01,
2026-08-25T09:01:53.631940-04:00,2026-08-24,v1.3.3,premarket,0.0,xnys,MRVL,v1.2.1,v1.3.1-shadow,v1.3.1-shadow,8142e595d788ac06,ndx-99-78834e47b659,consolidation_dip,consolidation_dip,10.0,ma60,238.75,,buy_stop_reclaim,consolidation_dip,ma60,238.75,238.75,238.75,247.57,212.29,5.0,40.0,intraday,initial_stop_or_d40_close,2026-08-25,price_below_ma60_wait_for_reclaim,11.0,11.0,0.0,0.0,0.0,2.94,available,neutral,15.84000015258789,0.4,0.82,0.5455,0.0,v1.3.1-shadow,completed,1,2026-08-25,238.75,2026-08-31,212.29,initial_stop,0,-1.0,-1.0,,0.599,-1.1043,,,,0.0,1.0,18,1,2026-08-31,2026-08-31,
2026-08-25T09:01:53.631940-04:00,2026-08-24,v1.3.3,premarket,0.0,xnys,IDXX,v1.2.1,v1.3.1-shadow,v1.3.1-shadow,8142e595d788ac06,ndx-99-78834e47b659,consolidation_dip,consolidation_dip,10.0,ma60,560.42,,buy_stop_reclaim,consolidation_dip,ma60,560.42,560.42,560.42,569.93,531.88,5.0,40.0,intraday,initial_stop_or_d40_close,2026-08-25,price_below_ma60_wait_for_reclaim,10.0,10.0,0.0,0.0,0.0,0.07,available,neutral,15.84000015258789,0.4,0.82,0.5455,0.0,v1.3.1-shadow,completed,1,2026-08-31,560.42,2026-09-03,531.88,initial_stop,0,-1.0,-1.0,,0.0287,-1.1451,,,,0.0,1.0,18,1,2026-08-31,2026-09-03,
2026-08-25T09:01:53.631940-04:00,2026-08-24,v1.3.3,premarket,0.0,xnys,VRSK,v1.2.1,v1.3.1-shadow,v1.3.1-shadow,8142e595d788ac06,ndx-99-78834e47b659,consolidation_dip,consolidation_dip,10.0,ma60,186.83,,buy_limit_zone,consolidation_dip,ma60,186.83,190.54,186.83,190.54,175.71,5.0,40.0,intraday,initial_stop_or_d40_close,2026-08-25,pullback_limit_inside_ma60_zone,10.0,10.0,0.0,0.0,0.0,-0.4,available,neutral,15.84000015258789,0.4,0.82,0.5455,0.0,v1.3.1-shadow,completed,1,2026-08-25,187.66,2026-09-08,175.71,initial_stop,0,-1.0,-1.0,,0.7992,-1.0326,,,,0.0,1.0,18,1,2026-08-31,2026-09-08,
2026-08-25T09:01:53.631940-04:00,2026-08-24,v1.3.3,premarket,0.0,xnys,COST,v1.2.1,v1.3.1-shadow,v1.3.1-shadow,8142e595d788ac06,ndx-99-78834e47b659,healthy_pullback,healthy_pullback,5.0,ma20,954.08,,buy_limit_zone,healthy_pullback,ma20,954.08,968.65,954.08,968.65,910.37,3.0,40.0,intraday,initial_stop_or_d40_close,2026-08-25,pullback_limit_uses_ma20_anchor,6.0,9.0,3.0,1.0,0.0,-0.39,available,neutral,15.84000015258789,0.4,0.82,0.5455,0.0,v1.3.1-shadow,completed,1,2026-08-25,965.86,2026-09-08,910.37,initial_stop,0,-1.0,-1.0,,0.0575,-1.077,,,,0.0,1.0,18,1,2026-08-27,2026-09-08,
2026-08-25T09:01:53.631940-04:00,2026-08-24,v1.3.3,premarket,0.0,xnys,CEG,v1.2.1,v1.3.1-shadow,v1.3.1-shadow,8142e595d788ac06,ndx-99-78834e47b659,healthy_pullback,healthy_pullback,5.0,ma20,270.1,,buy_limit_zone,healthy_pullback,ma20,270.1,275.0,270.1,275.0,255.41,3.0,40.0,intraday,initial_stop_or_d40_close,2026-08-25,pullback_limit_uses_ma20_anchor,6.0,6.0,0.0,0.0,0.0,1.3,available,neutral,15.84000015258789,0.4,0.82,0.5455,0.0,v1.3.1-shadow,completed,1,2026-08-25,274.41,2026-09-16,255.41,initial_stop,0,-1.0,-1.0,,1.6521,-1.0368,,,,0.0,1.0,18,1,2026-08-27,2026-09-16,
2026-08-25T09:01:53.631940-04:00,2026-08-24,v1.3.3,premarket,0.0,xnys,LIN,v1.2.1,v1.3.1-shadow,v1.3.1-shadow,8142e595d788ac06,ndx-99-78834e47b659,healthy_pullback,healthy_pullback,5.0,ma20,488.1,,buy_limit_zone,healthy_pullback,ma20,488.1,493.16,488.1,493.16,472.93,3.0,40.0,intraday,initial_stop_or_d40_close,2026-08-25,pullback_limit_uses_ma20_anchor,5.0,5.0,0.0,0.0,0.0,-0.25,available,neutral,15.84000015258789,0.4,0.82,0.5455,0.0,v1.3.1-shadow,completed,1,2026-08-25,489.2,2026-09-08,472.93,initial_stop,0,-0.9017,-0.9017,,0.3258,-1.4259,,,,1.6,1.0,18,1,2026-08-27,2026-09-08,
2026-08-25T09:01:53.631940-04:00,2026-08-24,v1.3.3,premarket,0.0,xnys,MAR,v1.2.1,v1.3.1-shadow,v1.3.1-shadow,8142e595d788ac06,ndx-99-78834e47b659,healthy_pullback,healthy_pullback,5.0,ma20,358.81,,buy_limit_zone,healthy_pullback,ma20,358.81,363.04,358.81,363.04,346.11,3.0,40.0,intraday,initial_stop_or_d40_close,2026-08-25,pullback_limit_uses_ma20_anchor,5.0,5.0,0.0,0.0,0.0,0.5,available,neutral,15.84000015258789,0.4,0.82,0.5455,0.0,v1.3.1-shadow,completed,1,2026-08-25,360.61,2026-08-31,346.11,initial_stop,0,-1.0,-1.0,,0.1159,-1.3428,,,,0.0,1.0,18,1,2026-08-27,2026-08-31,
2026-08-26T09:01:33.307340-04:00,2026-08-25,v1.3.3,premarket,0.0,xnys,LITE,v1.2.1,v1.3.1-shadow,v1.3.1-shadow,8142e595d788ac06,ndx-99-78834e47b659,consolidation_dip,consolidation_dip,10.0,ma60,828.13,,buy_limit_zone,consolidation_dip,ma60,828.13,868.63,828.13,868.63,706.63,5.0,40.0,intraday,initial_stop_or_d40_close,2026-08-26,pullback_limit_inside_ma60_zone,13.0,16.0,3.0,0.0,0.0,-1.76,available,neutral,15.68000030517578,-0.15,-0.41,0.5354,0.0,v1.3.1-shadow,open,1,2026-09-01,868.63,,,,0,,,0.3844,0.9761,-0.307,,,,0.0,1.0,17,1,2026-09-01,,
2026-08-26T09:01:33.307340-04:00,2026-08-25,v1.3.3,premarket,0.0,xnys,MU,v1.2.1,v1.3.1-shadow,v1.3.1-shadow,8142e595d788ac06,ndx-99-78834e47b659,consolidation_dip,consolidation_dip,10.0,ma60,964.76,,buy_stop_reclaim,consolidation_dip,ma60,964.76,964.76,964.76,995.28,873.19,5.0,40.0,intraday,initial_stop_or_d40_close,2026-08-26,price_below_ma60_wait_for_reclaim,13.0,16.0,3.0,0.0,0.0,-1.34,available,neutral,15.68000030517578,-0.15,-0.41,0.5354,0.0,v1.3.1-shadow,open,1,2026-08-27,967.01,,,,0,,,0.52,0.8036,-0.6865,,,,0.0,1.0,17,1,2026-09-01,,
2026-08-26T09:01:33.307340-04:00,2026-08-25,v1.3.3,premarket,0.0,xnys,PANW,v1.2.1,v1.3.1-shadow,v1.3.1-shadow,8142e595d788ac06,ndx-99-78834e47b659,consolidation_dip,consolidation_dip,10.0,ma60,328.37,,buy_limit_zone,consolidation_dip,ma60,328.37,335.99,328.37,335.99,305.51,5.0,40.0,intraday,initial_stop_or_d40_close,2026-08-26,pullback_limit_inside_ma60_zone,12.0,15.0,3.0,0.0,0.0,-3.06,available,neutral,15.68000030517578,-0.15,-0.41,0.5354,0.0,v1.3.1-shadow,open,1,2026-08-26,330.46,,,,0,,,1.3275,2.2794,-0.3635,,,,0.0,1.0,17,1,2026-09-01,,
2026-08-26T09:01:33.307340-04:00,2026-08-25,v1.3.3,premarket,0.0,xnys,GOOGL,v1.2.1,v1.3.1-shadow,v1.3.1-shadow,8142e595d788ac06,ndx-99-78834e47b659,consolidation_dip,consolidation_dip,10.0,ma60,353.4,,buy_stop_reclaim,consolidation_dip,ma60,353.4,353.4,353.4,358.07,339.38,5.0,40.0,intraday,initial_stop_or_d40_close,2026-08-26,price_below_ma60_wait_for_reclaim,11.0,14.0,3.0,0.0,0.0,-0.23,available,neutral,15.68000030517578,-0.15,-0.41,0.5354,0.0,v1.3.1-shadow,unfilled,0,,,,,,0,,,,,,,,,0.0,1.0,17,1,2026-09-01,2026-09-01,entry_not_reached
2026-08-26T09:01:33.307340-04:00,2026-08-25,v1.3.3,premarket,0.0,xnys,CRWD,v1.2.1,v1.3.1-shadow,v1.3.1-shadow,8142e595d788ac06,ndx-99-78834e47b659,consolidation_dip,consolidation_dip,10.0,ma60,190.72,,buy_stop_reclaim,consolidation_dip,ma60,190.72,190.72,190.72,195.33,176.89,5.0,40.0,intraday,initial_stop_or_d40_close,2026-08-26,price_below_ma60_wait_for_reclaim,11.0,14.0,3.0,0.0,0.0,-1.53,available,neutral,15.68000030517578,-0.15,-0.41,0.5354,0.0,v1.3.1-shadow,open,1,2026-08-26,190.72,,,,0,,,3.3933,4.3095,-0.6855,,,,0.0,1.0,17,1,2026-09-01,,
2026-08-26T09:01:33.307340-04:00,2026-08-25,v1.3.3,premarket,0.0,xnys,COST,v1.2.1,v1.3.1-shadow,v1.3.1-shadow,8142e595d788ac06,ndx-99-78834e47b659,consolidation_dip,consolidation_dip,10.0,ma60,950.33,,buy_limit_zone,consolidation_dip,ma60,950.33,964.73,950.33,964.73,907.13,5.0,40.0,intraday,initial_stop_or_d40_close,2026-08-26,pullback_limit_inside_ma60_zone,11.0,14.0,3.0,0.0,0.0,0.35,available,neutral,15.68000030517578,-0.15,-0.41,0.5354,0.0,v1.3.1-shadow,completed,1,2026-08-26,960.58,2026-09-08,907.13,initial_stop,0,-1.0,-1.0,,0.0724,-1.0193,,,,0.0,1.0,17,1,2026-09-01,2026-09-08,
2026-08-26T09:01:33.307340-04:00,2026-08-25,v1.3.3,premarket,0.0,xnys,FTNT,v1.2.1,v1.3.1-shadow,v1.3.1-shadow,8142e595d788ac06,ndx-99-78834e47b659,consolidation_dip,consolidation_dip,10.0,ma60,154.42,,buy_stop_reclaim,consolidation_dip,ma60,154.42,154.42,154.42,157.48,145.23,5.0,40.0,intraday,initial_stop_or_d40_close,2026-08-26,price_below_ma60_wait_for_reclaim,11.0,14.0,3.0,0.0,0.0,-0.89,available,neutral,15.68000030517578,-0.15,-0.41,0.5354,0.0,v1.3.1-shadow,open,1,2026-08-26,154.42,,,,0,,,1.6779,2.3591,-0.5354,,,,0.0,1.0,17,1,2026-09-01,,
2026-08-26T09:01:33.307340-04:00,2026-08-25,v1.3.3,premarket,0.0,xnys,AAPL,v1.2.1,v1.3.1-shadow,v1.3.1-shadow,8142e595d788ac06,ndx-99-78834e47b659,consolidation_dip,consolidation_dip,10.0,ma60,309.2,,buy_limit_zone,consolidation_dip,ma60,309.2,313.0,309.2,313.0,297.81,5.0,40.0,intraday,initial_stop_or_d40_close,2026-08-26,pullback_limit_inside_ma60_zone,11.0,14.0,3.0,0.0,0.0,0.13,available,neutral,15.68000030517578,-0.15,-0.41,0.5354,0.0,v1.3.1-shadow,open,1,2026-08-26,310.3,,,,0,,,2.0681,2.257,-0.1201,,,,0.0,1.0,17,1,2026-09-01,,
2026-08-26T09:01:33.307340-04:00,2026-08-25,v1.3.3,premarket,0.0,xnys,ASML,v1.2.1,v1.3.1-shadow,v1.3.1-shadow,8142e595d788ac06,ndx-99-78834e47b659,consolidation_dip,consolidation_dip,10.0,ma60,1769.86,,buy_stop_reclaim,consolidation_dip,ma60,1769.86,1769.86,1769.86,1797.69,1686.36,5.0,40.0,intraday,initial_stop_or_d40_close,2026-08-26,price_below_ma60_wait_for_reclaim,11.0,14.0,3.0,0.0,0.0,-0.45,available,neutral,15.68000030517578,-0.15,-0.41,0.5354,0.0,v1.3.1-shadow,unfilled,0,,,,,,0,,,,,,,,,0.0,1.0,17,1,2026-09-01,2026-09-01,entry_not_reached
2026-08-26T09:01:33.307340-04:00,2026-08-25,v1.3.3,premarket,0.0,xnys,APP,v1.2.1,v1.3.1-shadow,v1.3.1-shadow,8142e595d788ac06,ndx-99-78834e47b659,oversold_bounce,oversold_bounce,7.0,previous_high,310.88,,buy_stop_reclaim,oversold_bounce,previous_high,310.88,312.73,312.73,317.36,282.78,5.0,40.0,intraday,initial_stop_or_d40_close,2026-08-26,oversold_requires_break_above_signal_bar_high,10.0,13.0,3.0,0.0,1.0,-1.11,available,neutral,15.68000030517578,-0.15,-0.41,0.5354,0.0,v1.3.1-shadow,open,1,2026-08-26,312.73,,,,0,,,-0.1559,0.8551,-0.422,,,,0.0,1.0,17,1,2026-09-01,,
2026-08-26T09:01:33.307340-04:00,2026-08-25,v1.3.3,premarket,0.0,xnys,ORLY,v1.2.1,v1.3.1-shadow,v1.3.1-shadow,8142e595d788ac06,ndx-99-78834e47b659,consolidation_dip,consolidation_dip,10.0,ma60,88.98,,buy_limit_zone,consolidation_dip,ma60,88.98,90.09,88.98,90.09,85.64,5.0,40.0,intraday,initial_stop_or_d40_close,2026-08-26,pullback_limit_inside_ma60_zone,10.0,13.0,3.0,0.0,0.0,1.86,available,neutral,15.68000030517578,-0.15,-0.41,0.5354,0.0,v1.3.1-shadow,completed,1,2026-08-26,90.09,2026-09-08,85.64,initial_stop,0,-1.0,-1.0,,0.1618,-1.0202,,,,0.0,1.0,17,1,2026-09-01,2026-09-08,
2026-08-26T09:01:33.307340-04:00,2026-08-25,v1.3.3,premarket,0.0,xnys,KDP,v1.2.1,v1.3.1-shadow,v1.3.1-shadow,8142e595d788ac06,ndx-99-78834e47b659,consolidation_dip,consolidation_dip,10.0,ma60,31.04,,buy_limit_zone,consolidation_dip,ma60,31.04,31.53,31.04,31.53,29.56,5.0,40.0,intraday,initial_stop_or_d40_close,2026-08-26,pullback_limit_inside_ma60_zone,10.0,13.0,3.0,0.0,0.0,1.13,available,neutral,15.68000030517578,-0.15,-0.41,0.5354,0.0,v1.3.1-shadow,unfilled,0,,,,,,0,,,,,,,,,0.0,1.0,17,1,2026-09-01,2026-09-01,entry_not_reached
2026-08-26T09:01:33.307340-04:00,2026-08-25,v1.3.3,premarket,0.0,xnys,MRVL,v1.2.1,v1.3.1-shadow,v1.3.1-shadow,8142e595d788ac06,ndx-99-78834e47b659,consolidation_dip,consolidation_dip,10.0,ma60,239.34,,buy_limit_zone,consolidation_dip,ma60,239.34,247.9,239.34,247.9,213.67,5.0,40.0,intraday,initial_stop_or_d40_close,2026-08-26,pullback_limit_inside_ma60_zone,11.0,11.0,0.0,0.0,0.0,-1.0,available,neutral,15.68000030517578,-0.15,-0.41,0.5354,0.0,v1.3.1-shadow,completed,1,2026-08-26,240.0,2026-08-31,213.67,initial_stop,0,-1.0,-1.0,,0.5545,-1.1572,,,,0.0,1.0,17,1,2026-09-01,2026-08-31,
2026-08-26T09:01:33.307340-04:00,2026-08-25,v1.3.3,premarket,0.0,xnys,SNPS,v1.2.1,v1.3.1-shadow,v1.3.1-shadow,8142e595d788ac06,ndx-99-78834e47b659,healthy_pullback,healthy_pullback,5.0,ma20,401.98,,buy_limit_zone,healthy_pullback,ma20,401.98,407.63,401.98,407.63,385.02,3.0,40.0,intraday,initial_stop_or_d40_close,2026-08-26,pullback_limit_uses_ma20_anchor,7.0,10.0,3.0,0.0,0.0,-0.44,available,neutral,15.68000030517578,-0.15,-0.41,0.5354,0.0,v1.3.1-shadow,completed,1,2026-08-26,405.1,2026-09-04,385.02,initial_stop,0,-1.0,-1.0,,2.9821,-1.2336,,,,0.0,1.0,17,1,2026-08-28,2026-09-04,
2026-08-26T09:01:33.307340-04:00,2026-08-25,v1.3.3,premarket,0.0,xnys,IDXX,v1.2.1,v1.3.1-shadow,v1.3.1-shadow,8142e595d788ac06,ndx-99-78834e47b659,consolidation_dip,consolidation_dip,10.0,ma60,560.19,,buy_stop_reclaim,consolidation_dip,ma60,560.19,560.19,560.19,569.45,532.4,5.0,40.0,intraday,initial_stop_or_d40_close,2026-08-26,price_below_ma60_wait_for_reclaim,10.0,10.0,0.0,0.0,0.0,-0.0,available,neutral,15.68000030517578,-0.15,-0.41,0.5354,0.0,v1.3.1-shadow,completed,1,2026-08-31,560.19,2026-09-03,532.4,initial_stop,0,-1.0,-1.0,,0.0378,-1.1677,,,,0.0,1.0,17,1,2026-09-01,2026-09-03,
2026-08-26T09:01:33.307340-04:00,2026-08-25,v1.3.3,premarket,0.0,xnys,TMUS,v1.2.1,v1.3.1-shadow,v1.3.1-shadow,8142e595d788ac06,ndx-99-78834e47b659,consolidation_dip,consolidation_dip,10.0,ma60,181.77,,buy_stop_reclaim,consolidation_dip,ma60,181.77,181.77,181.77,184.0,175.08,5.0,40.0,intraday,initial_stop_or_d40_close,2026-08-26,price_below_ma60_wait_for_reclaim,10.0,10.0,0.0,0.0,0.0,0.21,available,neutral,15.68000030517578,-0.15,-0.41,0.5354,0.0,v1.3.1-shadow,completed,1,2026-08-26,181.77,2026-09-10,175.08,initial_stop,0,-0.8475,-0.8475,,1.2108,-1.0643,,,,1.02,1.0,17,1,2026-09-01,2026-09-10,
2026-08-26T09:01:33.307340-04:00,2026-08-25,v1.3.3,premarket,0.0,xnys,LRCX,v1.2.1,v1.3.1-shadow,v1.3.1-shadow,8142e595d788ac06,ndx-99-78834e47b659,healthy_pullback,healthy_pullback,5.0,ma20,311.08,,buy_limit_zone,healthy_pullback,ma20,311.08,319.9,311.08,319.9,284.62,3.0,40.0,intraday,initial_stop_or_d40_close,2026-08-26,pullback_limit_uses_ma20_anchor,6.0,9.0,3.0,1.0,0.0,-1.16,available,neutral,15.68000030517578,-0.15,-0.41,0.5354,0.0,v1.3.1-shadow,completed,1,2026-08-26,314.61,2026-09-02,284.62,initial_stop,0,-1.0,-1.0,,0.2267,-1.0073,,,,0.0,1.0,17,1,2026-08-28,2026-09-02,
2026-08-27T09:01:36.333791-04:00,2026-08-26,v1.3.3,premarket,0.0,xnys,MU,v1.2.1,v1.3.1-shadow,v1.3.1-shadow,8142e595d788ac06,ndx-99-78834e47b659,consolidation_dip,consolidation_dip,10.0,ma60,963.14,,buy_stop_reclaim,consolidation_dip,ma60,963.14,963.14,963.14,991.58,877.82,5.0,40.0,intraday,initial_stop_or_d40_close,2026-08-27,price_below_ma60_wait_for_reclaim,13.0,16.0,3.0,0.0,0.0,3.57,available,neutral,15.09000015258789,0.26,0.77,0.5455,0.0,v1.3.1-shadow,open,1,2026-08-27,967.01,,,,0,,,0.547,0.8453,-0.7222,,,,0.0,1.0,16,1,2026-09-02,,
2026-08-27T09:01:36.333791-04:00,2026-08-26,v1.3.3,premarket,0.0,xnys,PANW,v1.2.1,v1.3.1-shadow,v1.3.1-shadow,8142e595d788ac06,ndx-99-78834e47b659,consolidation_dip,consolidation_dip,10.0,ma60,329.02,,buy_limit_zone,consolidation_dip,ma60,329.02,336.64,329.02,336.64,306.17,5.0,40.0,intraday,initial_stop_or_d40_close,2026-08-27,pullback_limit_inside_ma60_zone,12.0,15.0,3.0,0.0,0.0,4.97,available,neutral,15.09000015258789,0.26,0.77,0.5455,0.0,v1.3.1-shadow,open,1,2026-09-02,336.64,,,,0,,,0.8841,1.5254,-0.5005,,,,0.0,1.0,16,1,2026-09-02,,
2026-08-27T09:01:36.333791-04:00,2026-08-26,v1.3.3,premarket,0.0,xnys,STX,v1.2.1,v1.3.1-shadow,v1.3.1-shadow,8142e595d788ac06,ndx-99-78834e47b659,consolidation_dip,consolidation_dip,10.0,ma60,886.73,,buy_stop_reclaim,consolidation_dip,ma60,886.73,886.73,886.73,917.49,794.46,5.0,40.0,intraday,initial_stop_or_d40_close,2026-08-27,price_below_ma60_wait_for_reclaim,12.0,15.0,3.0,0.0,0.0,4.33,available,neutral,15.09000015258789,0.26,0.77,0.5455,0.0,v1.3.1-shadow,unfilled,0,,,,,,0,,,,,,,,,0.0,1.0,16,1,2026-09-02,2026-09-02,entry_not_reached
2026-08-27T09:01:36.333791-04:00,2026-08-26,v1.3.3,premarket,0.0,xnys,AAPL,v1.2.1,v1.3.1-shadow,v1.3.1-shadow,8142e595d788ac06,ndx-99-78834e47b659,consolidation_dip,consolidation_dip,10.0,ma60,309.32,,buy_limit_zone,consolidation_dip,ma60,309.32,312.59,309.32,312.59,299.5,5.0,40.0,intraday,initial_stop_or_d40_close,2026-08-27,pullback_limit_inside_ma60_zone,11.0,14.0,3.0,0.0,0.0,-1.0,available,neutral,15.09000015258789,0.26,0.77,0.5455,0.0,v1.3.1-shadow,open,1,2026-08-27,310.55,,,,0,,,2.3149,2.5285,-0.1041,,,,0.0,1.0,16,1,2026-09-02,,
2026-08-27T09:01:36.333791-04:00,2026-08-26,v1.3.3,premarket,0.0,xnys,COST,v1.2.1,v1.3.1-shadow,v1.3.1-shadow,8142e595d788ac06,ndx-99-78834e47b659,consolidation_dip,consolidation_dip,10.0,ma60,950.52,,buy_limit_zone,consolidation_dip,ma60,950.52,964.86,950.52,964.86,907.49,5.0,40.0,intraday,initial_stop_or_d40_close,2026-08-27,pullback_limit_inside_ma60_zone,11.0,14.0,3.0,0.0,0.0,-0.9,available,neutral,15.09000015258789,0.26,0.77,0.5455,0.0,v1.3.1-shadow,completed,1,2026-08-27,948.27,2026-09-08,907.49,initial_stop,0,-1.0,-1.0,,0.1339,-1.0341,,,,0.0,1.0,16,1,2026-09-02,2026-09-08,
2026-08-27T09:01:36.333791-04:00,2026-08-26,v1.3.3,premarket,0.0,xnys,FTNT,v1.2.1,v1.3.1-shadow,v1.3.1-shadow,8142e595d788ac06,ndx-99-78834e47b659,consolidation_dip,consolidation_dip,10.0,ma60,154.59,,buy_limit_zone,consolidation_dip,ma60,154.59,157.5,154.59,157.5,145.86,5.0,40.0,intraday,initial_stop_or_d40_close,2026-08-27,pullback_limit_inside_ma60_zone,11.0,14.0,3.0,0.0,0.0,1.25,available,neutral,15.09000015258789,0.26,0.77,0.5455,0.0,v1.3.1-shadow,open,1,2026-09-02,157.5,,,,0,,,1.0601,1.5979,-0.4897,,,,0.0,1.0,16,1,2026-09-02,,
2026-08-27T09:01:36.333791-04:00,2026-08-26,v1.3.3,premarket,0.0,xnys,ORLY,v1.2.1,v1.3.1-shadow,v1.3.1-shadow,8142e595d788ac06,ndx-99-78834e47b659,consolidation_dip,consolidation_dip,10.0,ma60,89.03,,buy_limit_zone,consolidation_dip,ma60,89.03,90.07,89.03,90.07,85.9,5.0,40.0,intraday,initial_stop_or_d40_close,2026-08-27,pullback_limit_inside_ma60_zone,10.0,13.0,3.0,0.0,1.0,-1.44,available,neutral,15.09000015258789,0.26,0.77,0.5455,0.0,v1.3.1-shadow,completed,1,2026-08-27,88.68,2026-09-08,85.9,initial_stop,0,-1.0,-1.0,,0.2374,-1.1259,,,,0.0,1.0,16,1,2026-09-02,2026-09-08,
2026-08-27T09:01:36.333791-04:00,2026-08-26,v1.3.3,premarket,0.0,xnys,PDD,v1.2.1,v1.3.1-shadow,v1.3.1-shadow,8142e595d788ac06,ndx-99-78834e47b659,consolidation_dip,consolidation_dip,10.0,ma60,84.65,,buy_limit_zone,consolidation_dip,ma60,84.65,85.9,84.65,85.9,80.89,5.0,40.0,intraday,initial_stop_or_d40_close,2026-08-27,pullback_limit_inside_ma60_zone,11.0,11.0,0.0,0.0,0.0,-0.75,available,neutral,15.09000015258789,0.26,0.77,0.5455,0.0,v1.3.1-shadow,completed,1,2026-08-27,85.9,2026-09-08,80.89,initial_stop,0,-1.0,-1.0,,0.1158,-1.3214,,,,0.0,1.0,16,1,2026-09-02,2026-09-08,
2026-08-27T09:01:36.333791-04:00,2026-08-26,v1.3.3,premarket,0.0,xnys,MRVL,v1.2.1,v1.3.1-shadow,v1.3.1-shadow,8142e595d788ac06,ndx-99-78834e47b659,consolidation_dip,consolidation_dip,10.0,ma60,239.77,,buy_limit_zone,consolidation_dip,ma60,239.77,248.09,239.77,248.09,214.82,5.0,40.0,intraday,initial_stop_or_d40_close,2026-08-27,pullback_limit_inside_ma60_zone,11.0,11.0,0.0,0.0,0.0,2.92,available,neutral,15.09000015258789,0.26,0.77,0.5455,0.0,v1.3.1-shadow,completed,1,2026-08-27,248.09,2026-08-31,214.82,initial_stop,0,-1.0,-1.0,,0.1957,-1.159,,,,0.0,1.0,16,1,2026-09-02,2026-08-31,
2026-08-27T09:01:36.333791-04:00,2026-08-26,v1.3.3,premarket,0.0,xnys,ASML,v1.2.1,v1.3.1-shadow,v1.3.1-shadow,8142e595d788ac06,ndx-99-78834e47b659,consolidation_dip,consolidation_dip,10.0,ma60,1771.84,,buy_stop_reclaim,consolidation_dip,ma60,1771.84,1771.84,1771.84,1799.07,1690.16,5.0,40.0,intraday,initial_stop_or_d40_close,2026-08-27,price_below_ma60_wait_for_reclaim,11.0,11.0,0.0,0.0,0.0,0.75,available,neutral,15.09000015258789,0.26,0.77,0.5455,0.0,v1.3.1-shadow,unfilled,0,,,,,,0,,,,,,,,,0.0,1.0,16,1,2026-09-02,2026-09-02,entry_not_reached
2026-08-27T09:01:36.333791-04:00,2026-08-26,v1.3.3,premarket,0.0,xnys,META,v1.2.1,v1.3.1-shadow,v1.3.1-shadow,8142e595d788ac06,ndx-99-78834e47b659,healthy_pullback,healthy_pullback,5.0,ma20,573.1,,buy_limit_zone,healthy_pullback,ma20,573.1,582.47,573.1,582.47,544.99,3.0,40.0,intraday,initial_stop_or_d40_close,2026-08-27,pullback_limit_uses_ma20_anchor,6.0,9.0,3.0,1.0,0.0,-0.34,available,neutral,15.09000015258789,0.26,0.77,0.5455,0.0,v1.3.1-shadow,open,1,2026-08-27,576.48,,,,0,,,2.8349,3.6097,-0.6472,,,,0.0,1.0,16,1,2026-08-31,,
2026-08-27T09:01:36.333791-04:00,2026-08-26,v1.3.3,premarket,0.0,xnys,TMUS,v1.2.1,v1.3.1-shadow,v1.3.1-shadow,8142e595d788ac06,ndx-99-78834e47b659,consolidation_dip,consolidation_dip,10.0,ma60,181.65,,buy_stop_reclaim,consolidation_dip,ma60,181.65,181.65,181.65,183.77,175.29,5.0,40.0,intraday,initial_stop_or_d40_close,2026-08-27,price_below_ma60_wait_for_reclaim,10.0,10.0,0.0,0.0,0.0,-0.89,available,neutral,15.09000015258789,0.26,0.77,0.5455,0.0,v1.3.1-shadow,completed,1,2026-08-31,181.65,2026-09-10,175.29,initial_stop,0,-1.0,-1.0,,1.2925,-1.1006,,,,0.0,1.0,16,1,2026-09-02,2026-09-10,
2026-08-27T09:01:36.333791-04:00,2026-08-26,v1.3.3,premarket,0.0,xnys,IDXX,v1.2.1,v1.3.1-shadow,v1.3.1-shadow,8142e595d788ac06,ndx-99-78834e47b659,consolidation_dip,consolidation_dip,10.0,ma60,559.97,,buy_stop_reclaim,consolidation_dip,ma60,559.97,559.97,559.97,569.23,532.18,5.0,40.0,intraday,initial_stop_or_d40_close,2026-08-27,price_below_ma60_wait_for_reclaim,10.0,10.0,0.0,0.0,0.0,,stale_quote,neutral,15.09000015258789,0.26,0.77,0.5455,0.0,v1.3.1-shadow,completed,1,2026-08-31,559.97,2026-09-03,532.18,initial_stop,0,-1.0,-1.0,,0.0457,-1.1598,,,,0.0,1.0,16,1,2026-09-02,2026-09-03,
2026-08-27T09:01:36.333791-04:00,2026-08-26,v1.3.3,premarket,0.0,xnys,VRSK,v1.2.1,v1.3.1-shadow,v1.3.1-shadow,8142e595d788ac06,ndx-99-78834e47b659,consolidation_dip,consolidation_dip,10.0,ma60,187.14,,buy_limit_zone,consolidation_dip,ma60,187.14,190.46,187.14,190.46,177.18,5.0,40.0,intraday,initial_stop_or_d40_close,2026-08-27,pullback_limit_inside_ma60_zone,10.0,10.0,0.0,0.0,0.0,,stale_quote,neutral,15.09000015258789,0.26,0.77,0.5455,0.0,v1.3.1-shadow,completed,1,2026-08-27,187.38,2026-09-08,177.18,initial_stop,0,-1.0,-1.0,,0.9637,-1.1824,,,,0.0,1.0,16,1,2026-09-02,2026-09-08,
2026-08-27T09:01:36.333791-04:00,2026-08-26,v1.3.3,premarket,0.0,xnys,ODFL,v1.2.1,v1.3.1-shadow,v1.3.1-shadow,8142e595d788ac06,ndx-99-78834e47b659,oversold_bounce,oversold_bounce,8.0,previous_high,200.26,,buy_stop_reclaim,oversold_bounce,previous_high,200.26,200.87,200.87,202.4,190.27,5.0,40.0,intraday,initial_stop_or_d40_close,2026-08-27,oversold_requires_break_above_signal_bar_high,9.0,9.0,0.0,0.0,0.0,-0.82,available,neutral,15.09000015258789,0.26,0.77,0.5455,0.0,v1.3.1-shadow,completed,1,2026-08-28,201.92,2026-09-01,190.27,initial_stop,0,-1.0,-1.0,,0.1305,-1.3296,,,,0.0,1.0,16,1,2026-09-02,2026-09-01,
2026-08-27T09:01:36.333791-04:00,2026-08-26,v1.3.3,premarket,0.0,xnys,MDLZ,v1.2.1,v1.3.1-shadow,v1.3.1-shadow,8142e595d788ac06,ndx-99-78834e47b659,healthy_pullback,healthy_pullback,5.0,ma20,62.9,,buy_limit_zone,healthy_pullback,ma20,62.9,63.55,62.9,63.55,60.95,3.0,40.0,intraday,initial_stop_or_d40_close,2026-08-27,pullback_limit_uses_ma20_anchor,5.0,8.0,3.0,1.0,0.0,-0.97,available,neutral,15.09000015258789,0.26,0.77,0.5455,0.0,v1.3.1-shadow,completed,1,2026-08-27,62.26,2026-09-04,60.91,gap_through_stop,0,-1.0305,-1.0305,,0.6336,-1.0305,,,,0.0,1.0,16,1,2026-08-31,2026-09-04,
2026-08-27T09:01:36.333791-04:00,2026-08-26,v1.3.3,premarket,0.0,xnys,SNPS,v1.2.1,v1.3.1-shadow,v1.3.1-shadow,8142e595d788ac06,ndx-99-78834e47b659,healthy_pullback,healthy_pullback,5.0,ma20,403.8,,buy_limit_zone,healthy_pullback,ma20,403.8,409.57,403.8,409.57,386.48,3.0,40.0,intraday,initial_stop_or_d40_close,2026-08-27,pullback_limit_uses_ma20_anchor,7.0,7.0,0.0,0.0,0.0,0.61,available,neutral,15.09000015258789,0.26,0.77,0.5455,0.0,v1.3.1-shadow,unfilled,0,,,,,,0,,,,,,,,,0.0,1.0,16,1,2026-08-31,2026-08-31,entry_not_reached
2026-08-27T09:01:36.333791-04:00,2026-08-26,v1.3.3,premarket,0.0,xnys,MAR,v1.2.1,v1.3.1-shadow,v1.3.1-shadow,8142e595d788ac06,ndx-99-78834e47b659,healthy_pullback,healthy_pullback,5.0,ma20,356.48,,buy_limit_zone,healthy_pullback,ma20,356.48,360.51,356.48,360.51,344.38,3.0,40.0,intraday,initial_stop_or_d40_close,2026-08-27,pullback_limit_uses_ma20_anchor,5.0,5.0,0.0,0.0,0.0,-0.0,available,neutral,15.09000015258789,0.26,0.77,0.5455,0.0,v1.3.1-shadow,completed,1,2026-08-27,354.59,2026-08-31,344.38,initial_stop,0,-1.0,-1.0,,0.3497,-1.3173,,,,0.0,1.0,16,1,2026-08-31,2026-08-31,
2026-08-27T09:01:36.333791-04:00,2026-08-26,v1.3.3,premarket,0.0,xnys,LIN,v1.2.1,v1.3.1-shadow,v1.3.1-shadow,8142e595d788ac06,ndx-99-78834e47b659,healthy_pullback,healthy_pullback,5.0,ma20,485.86,,buy_limit_zone,healthy_pullback,ma20,485.86,493.21,485.86,493.21,463.8,3.0,40.0,intraday,initial_stop_or_d40_close,2026-08-27,pullback_limit_uses_ma20_anchor,5.0,5.0,0.0,0.0,0.0,-0.97,available,neutral,15.09000015258789,0.26,0.77,0.5455,0.0,v1.3.1-shadow,completed,1,2026-08-27,484.57,2026-09-09,463.8,initial_stop,0,-0.923,-0.923,,0.3813,-1.0207,,,,1.6,1.0,16,1,2026-08-31,2026-09-09,
2026-08-28T09:01:38.588550-04:00,2026-08-27,v1.3.3,premarket,0.0,xnys,ASML,v1.2.1,v1.3.1-shadow,v1.3.1-shadow,8142e595d788ac06,ndx-99-78834e47b659,consolidation_dip,consolidation_dip,10.0,ma60,1772.37,,buy_stop_reclaim,consolidation_dip,ma60,1772.37,1772.37,1772.37,1798.74,1693.27,5.0,40.0,intraday,initial_stop_or_d40_close,2026-08-28,price_below_ma60_wait_for_reclaim,11.0,14.0,3.0,0.0,0.0,-0.14,available,neutral,14.460000038146973,0.13,-0.09,0.5354,0.0,v1.3.1-shadow,unfilled,0,,,,,,0,,,,,,,,,0.0,1.0,15,1,2026-09-03,2026-09-03,entry_not_reached
2026-08-28T09:01:38.588550-04:00,2026-08-27,v1.3.3,premarket,0.0,xnys,KDP,v1.2.1,v1.3.1-shadow,v1.3.1-shadow,8142e595d788ac06,ndx-99-78834e47b659,consolidation_dip,consolidation_dip,10.0,ma60,31.1,,buy_limit_zone,consolidation_dip,ma60,31.1,31.58,31.1,31.58,29.67,5.0,40.0,intraday,initial_stop_or_d40_close,2026-08-28,pullback_limit_inside_ma60_zone,10.0,13.0,3.0,0.0,0.0,0.38,available,neutral,14.460000038146973,0.13,-0.09,0.5354,0.0,v1.3.1-shadow,unfilled,0,,,,,,0,,,,,,,,,0.0,1.0,15,1,2026-09-03,2026-09-03,entry_not_reached
2026-08-28T09:01:38.588550-04:00,2026-08-27,v1.3.3,premarket,0.0,xnys,ORLY,v1.2.1,v1.3.1-shadow,v1.3.1-shadow,8142e595d788ac06,ndx-99-78834e47b659,consolidation_dip,consolidation_dip,10.0,ma60,89.05,,buy_stop_reclaim,consolidation_dip,ma60,89.05,89.05,89.05,90.06,86.02,5.0,40.0,intraday,initial_stop_or_d40_close,2026-08-28,price_below_ma60_wait_for_reclaim,10.0,13.0,3.0,0.0,0.0,-0.36,available,neutral,14.460000038146973,0.13,-0.09,0.5354,0.0,v1.3.1-shadow,completed,1,2026-08-31,89.05,2026-09-08,86.02,initial_stop,0,-1.0,-1.0,,0.0957,-1.1551,,,,0.0,1.0,15,1,2026-09-03,2026-09-08,
2026-08-28T09:01:38.588550-04:00,2026-08-27,v1.3.3,premarket,0.0,xnys,MU,v1.2.1,v1.3.1-shadow,v1.3.1-shadow,8142e595d788ac06,ndx-99-78834e47b659,consolidation_dip,consolidation_dip,10.0,ma60,961.0,,buy_stop_reclaim,consolidation_dip,ma60,961.0,961.0,961.0,988.39,878.82,5.0,40.0,intraday,initial_stop_or_d40_close,2026-08-28,price_below_ma60_wait_for_reclaim,13.0,13.0,0.0,0.0,0.0,-1.56,available,neutral,14.460000038146973,0.13,-0.09,0.5354,0.0,v1.3.1-shadow,open,1,2026-09-01,961.0,,,,0,,,0.6668,0.9905,-0.7106,,,,0.0,1.0,15,1,2026-09-03,,
2026-08-28T09:01:38.588550-04:00,2026-08-27,v1.3.3,premarket,0.0,xnys,AAPL,v1.2.1,v1.3.1-shadow,v1.3.1-shadow,8142e595d788ac06,ndx-99-78834e47b659,consolidation_dip,consolidation_dip,10.0,ma60,309.31,,buy_limit_zone,consolidation_dip,ma60,309.31,312.47,309.31,312.47,299.84,5.0,40.0,intraday,initial_stop_or_d40_close,2026-08-28,pullback_limit_inside_ma60_zone,11.0,11.0,0.0,0.0,0.0,0.49,available,neutral,14.460000038146973,0.13,-0.09,0.5354,0.0,v1.3.1-shadow,unfilled,0,,,,,,0,,,,,,,,,0.0,1.0,15,1,2026-09-03,2026-09-03,entry_not_reached
2026-08-28T09:01:38.588550-04:00,2026-08-27,v1.3.3,premarket,0.0,xnys,IDXX,v1.2.1,v1.3.1-shadow,v1.3.1-shadow,8142e595d788ac06,ndx-99-78834e47b659,consolidation_dip,consolidation_dip,10.0,ma60,559.88,,buy_stop_reclaim,consolidation_dip,ma60,559.88,559.88,559.88,569.04,532.39,5.0,40.0,intraday,initial_stop_or_d40_close,2026-08-28,price_below_ma60_wait_for_reclaim,10.0,10.0,0.0,0.0,0.0,,no_premarket_trade,neutral,14.460000038146973,0.13,-0.09,0.5354,0.0,v1.3.1-shadow,completed,1,2026-08-31,559.88,2026-09-03,532.39,initial_stop,0,-1.0,-1.0,,0.0495,-1.1692,,,,0.0,1.0,15,1,2026-09-03,2026-09-03,
2026-08-28T09:01:38.588550-04:00,2026-08-27,v1.3.3,premarket,0.0,xnys,VRSK,v1.2.1,v1.3.1-shadow,v1.3.1-shadow,8142e595d788ac06,ndx-99-78834e47b659,consolidation_dip,consolidation_dip,10.0,ma60,187.34,,buy_limit_zone,consolidation_dip,ma60,187.34,190.63,187.34,190.63,177.48,5.0,40.0,intraday,initial_stop_or_d40_close,2026-08-28,pullback_limit_inside_ma60_zone,10.0,10.0,0.0,0.0,0.0,3.9,available,neutral,14.460000038146973,0.13,-0.09,0.5354,0.0,v1.3.1-shadow,completed,1,2026-08-28,190.63,2026-09-08,177.48,initial_stop,0,-1.0,-1.0,,0.5004,-1.1643,,,,0.0,1.0,15,1,2026-09-03,2026-09-08,
2026-08-28T09:01:38.588550-04:00,2026-08-27,v1.3.3,premarket,0.0,xnys,LRCX,v1.2.1,v1.3.1-shadow,v1.3.1-shadow,8142e595d788ac06,ndx-99-78834e47b659,healthy_pullback,healthy_pullback,5.0,ma20,315.15,,buy_limit_zone,healthy_pullback,ma20,315.15,323.09,315.15,323.09,291.32,3.0,40.0,intraday,initial_stop_or_d40_close,2026-08-28,pullback_limit_uses_ma20_anchor,6.0,9.0,3.0,1.0,1.0,-1.36,available,neutral,14.460000038146973,0.13,-0.09,0.5354,0.0,v1.3.1-shadow,completed,1,2026-08-28,318.03,2026-09-01,291.32,initial_stop,0,-1.0,-1.0,,0.0097,-1.1771,,,,0.0,1.0,15,1,2026-09-01,2026-09-01,
2026-08-28T09:01:38.588550-04:00,2026-08-27,v1.3.3,premarket,0.0,xnys,FANG,v1.2.1,v1.3.1-shadow,v1.3.1-shadow,8142e595d788ac06,ndx-99-78834e47b659,healthy_pullback,healthy_pullback,5.0,ma20,200.19,,buy_limit_zone,healthy_pullback,ma20,200.19,203.06,200.19,203.06,191.58,3.0,40.0,intraday,initial_stop_or_d40_close,2026-08-28,pullback_limit_uses_ma20_anchor,8.0,8.0,0.0,0.0,0.0,-0.49,available,neutral,14.460000038146973,0.13,-0.09,0.5354,0.0,v1.3.1-shadow,completed,1,2026-08-28,201.62,2026-09-16,191.58,initial_stop,0,-1.0,-1.0,,1.1643,-1.009,,,,0.0,1.0,15,1,2026-09-01,2026-09-16,
2026-08-28T09:01:38.588550-04:00,2026-08-27,v1.3.3,premarket,0.0,xnys,CDNS,v1.2.1,v1.3.1-shadow,v1.3.1-shadow,8142e595d788ac06,ndx-99-78834e47b659,healthy_pullback,healthy_pullback,5.0,ma20,329.02,,buy_limit_zone,healthy_pullback,ma20,329.02,334.37,329.02,334.37,312.98,3.0,40.0,intraday,initial_stop_or_d40_close,2026-08-28,pullback_limit_uses_ma20_anchor,6.0,6.0,0.0,0.0,0.0,-0.34,available,neutral,14.460000038146973,0.13,-0.09,0.5354,0.0,v1.3.1-shadow,completed,1,2026-09-01,331.19,2026-09-01,312.98,initial_stop,0,-1.0,-1.0,,0.0906,-1.061,,,,0.0,1.0,15,1,2026-09-01,2026-09-01,
2026-08-31T09:01:37.432420-04:00,2026-08-28,v1.3.3,premarket,0.0,xnys,LITE,v1.2.1,v1.3.1-shadow,v1.3.1-shadow,8142e595d788ac06,ndx-99-78834e47b659,consolidation_dip,consolidation_dip,10.0,ma60,826.76,,buy_limit_zone,consolidation_dip,ma60,826.76,864.82,826.76,864.82,712.59,5.0,40.0,intraday,initial_stop_or_d40_close,2026-08-31,pullback_limit_inside_ma60_zone,13.0,16.0,3.0,0.0,0.0,-0.77,available,neutral,15.399999618530272,-0.36,-0.34,0.4949,0.0,v1.3.1-shadow,open,1,2026-09-01,864.82,,,,0,,,0.4341,1.0638,-0.3017,,,,0.0,1.0,14,1,2026-09-04,,
2026-08-31T09:01:37.432420-04:00,2026-08-28,v1.3.3,premarket,0.0,xnys,MU,v1.2.1,v1.3.1-shadow,v1.3.1-shadow,8142e595d788ac06,ndx-99-78834e47b659,consolidation_dip,consolidation_dip,10.0,ma60,958.56,,buy_stop_reclaim,consolidation_dip,ma60,958.56,958.56,958.56,984.44,880.93,5.0,40.0,intraday,initial_stop_or_d40_close,2026-08-31,price_below_ma60_wait_for_reclaim,13.0,16.0,3.0,0.0,0.0,-0.68,available,neutral,15.399999618530272,-0.36,-0.34,0.4949,0.0,v1.3.1-shadow,open,1,2026-08-31,958.56,,,,0,,,0.7373,1.08,-0.7209,,,,0.0,1.0,14,1,2026-09-04,,
2026-08-31T09:01:37.432420-04:00,2026-08-28,v1.3.3,premarket,0.0,xnys,STX,v1.2.1,v1.3.1-shadow,v1.3.1-shadow,8142e595d788ac06,ndx-99-78834e47b659,consolidation_dip,consolidation_dip,10.0,ma60,883.58,,buy_stop_reclaim,consolidation_dip,ma60,883.58,883.58,883.58,912.69,796.25,5.0,40.0,intraday,initial_stop_or_d40_close,2026-08-31,price_below_ma60_wait_for_reclaim,12.0,15.0,3.0,0.0,0.0,-0.33,available,neutral,15.399999618530272,-0.36,-0.34,0.4949,0.0,v1.3.1-shadow,unfilled,0,,,,,,0,,,,,,,,,0.0,1.0,14,1,2026-09-04,2026-09-04,entry_not_reached
2026-08-31T09:01:37.432420-04:00,2026-08-28,v1.3.3,premarket,0.0,xnys,COST,v1.2.1,v1.3.1-shadow,v1.3.1-shadow,8142e595d788ac06,ndx-99-78834e47b659,consolidation_dip,consolidation_dip,10.0,ma60,949.97,,buy_stop_reclaim,consolidation_dip,ma60,949.97,949.97,949.97,964.15,907.42,5.0,40.0,intraday,initial_stop_or_d40_close,2026-08-31,price_below_ma60_wait_for_reclaim,11.0,14.0,3.0,0.0,0.0,0.06,available,neutral,15.399999618530272,-0.36,-0.34,0.4949,0.0,v1.3.1-shadow,completed,1,2026-09-01,949.97,2026-09-08,907.42,initial_stop,0,-1.0,-1.0,,0.0501,-1.031,,,,0.0,1.0,14,1,2026-09-04,2026-09-08,
2026-08-31T09:01:37.432420-04:00,2026-08-28,v1.3.3,premarket,0.0,xnys,DDOG,v1.2.1,v1.3.1-shadow,v1.3.1-shadow,8142e595d788ac06,ndx-99-78834e47b659,consolidation_dip,consolidation_dip,10.0,ma60,246.53,,buy_stop_reclaim,consolidation_dip,ma60,246.53,246.53,246.53,254.76,221.83,5.0,40.0,intraday,initial_stop_or_d40_close,2026-08-31,price_below_ma60_wait_for_reclaim,12.0,12.0,0.0,0.0,0.0,-1.05,available,neutral,15.399999618530272,-0.36,-0.34,0.4949,0.0,v1.3.1-shadow,unfilled,0,,,,,,0,,,,,,,,,0.0,1.0,14,1,2026-09-04,2026-09-04,entry_not_reached
2026-08-31T09:01:37.432420-04:00,2026-08-28,v1.3.3,premarket,0.0,xnys,SNDK,v1.2.1,v1.3.1-shadow,v1.3.1-shadow,8142e595d788ac06,ndx-99-78834e47b659,healthy_pullback,healthy_pullback,5.0,ma20,1459.04,,buy_limit_zone,healthy_pullback,ma20,1459.04,1519.41,1459.04,1519.41,1277.93,3.0,40.0,intraday,initial_stop_or_d40_close,2026-08-31,pullback_limit_uses_ma20_anchor,8.0,11.0,3.0,0.0,0.0,-0.36,available,neutral,15.399999618530272,-0.36,-0.34,0.4949,0.0,v1.3.1-shadow,open,1,2026-08-31,1486.4,,,,0,,,1.4651,1.5397,-0.177,,,,0.0,1.0,14,1,2026-09-02,,
2026-08-31T09:01:37.432420-04:00,2026-08-28,v1.3.3,premarket,0.0,xnys,WMT,v1.2.1,v1.3.1-shadow,v1.3.1-shadow,8142e595d788ac06,ndx-99-78834e47b659,oversold_bounce,oversold_bounce,7.0,previous_high,103.4,,buy_stop_reclaim,oversold_bounce,previous_high,103.4,103.66,103.66,104.3,99.22,5.0,40.0,intraday,initial_stop_or_d40_close,2026-08-31,oversold_requires_break_above_signal_bar_high,7.0,10.0,3.0,0.0,1.0,0.13,available,neutral,15.399999618530272,-0.36,-0.34,0.4949,0.0,v1.3.1-shadow,open,1,2026-08-31,103.66,,,,0,,,0.6914,1.3694,-0.1847,,,,0.0,1.0,14,1,2026-09-04,,
2026-08-31T09:01:37.432420-04:00,2026-08-28,v1.3.3,premarket,0.0,xnys,PCAR,v1.2.1,v1.3.1-shadow,v1.3.1-shadow,8142e595d788ac06,ndx-99-78834e47b659,consolidation_dip,consolidation_dip,10.0,ma60,125.55,,buy_stop_reclaim,consolidation_dip,ma60,125.55,125.55,125.55,127.07,120.98,5.0,40.0,intraday,initial_stop_or_d40_close,2026-08-31,price_below_ma60_wait_for_reclaim,10.0,10.0,0.0,0.0,0.0,0.13,available,neutral,15.399999618530272,-0.36,-0.34,0.4949,0.0,v1.3.1-shadow,completed,1,2026-08-31,125.55,2026-09-09,120.98,initial_stop,0,-1.0,-1.0,,0.2057,-1.1182,,,,0.0,1.0,14,1,2026-09-04,2026-09-09,
2026-08-31T09:01:37.432420-04:00,2026-08-28,v1.3.3,premarket,0.0,xnys,TMUS,v1.2.1,v1.3.1-shadow,v1.3.1-shadow,8142e595d788ac06,ndx-99-78834e47b659,consolidation_dip,consolidation_dip,10.0,ma60,180.44,,buy_limit_zone,consolidation_dip,ma60,180.44,182.56,180.44,182.56,174.09,5.0,40.0,intraday,initial_stop_or_d40_close,2026-08-31,pullback_limit_inside_ma60_zone,10.0,10.0,0.0,0.0,0.0,-0.75,available,neutral,15.399999618530272,-0.36,-0.34,0.4949,0.0,v1.3.1-shadow,completed,1,2026-08-31,180.25,2026-09-16,174.09,initial_stop,0,-1.0,-1.0,,1.5617,-1.1494,,,,0.0,1.0,14,1,2026-09-04,2026-09-16,
2026-08-31T09:01:37.432420-04:00,2026-08-28,v1.3.3,premarket,0.0,xnys,IDXX,v1.2.1,v1.3.1-shadow,v1.3.1-shadow,8142e595d788ac06,ndx-99-78834e47b659,consolidation_dip,consolidation_dip,10.0,ma60,559.78,,buy_stop_reclaim,consolidation_dip,ma60,559.78,559.78,559.78,568.29,534.24,5.0,40.0,intraday,initial_stop_or_d40_close,2026-08-31,price_below_ma60_wait_for_reclaim,10.0,10.0,0.0,0.0,0.0,-0.71,available,neutral,15.399999618530272,-0.36,-0.34,0.4949,0.0,v1.3.1-shadow,completed,1,2026-08-31,559.78,2026-09-03,534.24,initial_stop,0,-1.0,-1.0,,0.0572,-1.2545,,,,0.0,1.0,14,1,2026-09-04,2026-09-03,
2026-08-31T09:01:37.432420-04:00,2026-08-28,v1.3.3,premarket,0.0,xnys,VRSK,v1.2.1,v1.3.1-shadow,v1.3.1-shadow,8142e595d788ac06,ndx-99-78834e47b659,consolidation_dip,consolidation_dip,10.0,ma60,187.58,,buy_limit_zone,consolidation_dip,ma60,187.58,190.76,187.58,190.76,178.03,5.0,40.0,intraday,initial_stop_or_d40_close,2026-08-31,pullback_limit_inside_ma60_zone,10.0,10.0,0.0,0.0,0.0,,no_premarket_trade,neutral,15.399999618530272,-0.36,-0.34,0.4949,0.0,v1.3.1-shadow,completed,1,2026-08-31,190.16,2026-09-08,178.03,initial_stop,0,-1.0,-1.0,,0.5812,-1.2234,,,,0.0,1.0,14,1,2026-09-04,2026-09-08,
2026-08-31T09:01:37.432420-04:00,2026-08-28,v1.3.3,premarket,0.0,xnys,PEP,v1.2.1,v1.3.1-shadow,v1.3.1-shadow,8142e595d788ac06,ndx-99-78834e47b659,healthy_pullback,healthy_pullback,5.0,ma20,140.38,,buy_limit_zone,healthy_pullback,ma20,140.38,142.5,140.38,142.5,134.03,3.0,40.0,intraday,initial_stop_or_d40_close,2026-08-31,pullback_limit_uses_ma20_anchor,5.0,8.0,3.0,1.0,0.0,0.18,available,neutral,15.399999618530272,-0.36,-0.34,0.4949,0.0,v1.3.1-shadow,completed,1,2026-08-31,141.04,2026-09-17,134.03,initial_stop,0,-0.7889,-0.7889,,0.0956,-1.1569,,,,1.48,1.0,14,1,2026-09-02,2026-09-17,
2026-08-31T09:01:37.432420-04:00,2026-08-28,v1.3.3,premarket,0.0,xnys,META,v1.2.1,v1.3.1-shadow,v1.3.1-shadow,8142e595d788ac06,ndx-99-78834e47b659,healthy_pullback,healthy_pullback,5.0,ma20,575.77,,buy_limit_zone,healthy_pullback,ma20,575.77,584.69,575.77,584.69,549.01,3.0,40.0,intraday,initial_stop_or_d40_close,2026-08-31,pullback_limit_uses_ma20_anchor,6.0,6.0,0.0,0.0,0.0,0.17,available,neutral,15.399999618530272,-0.36,-0.34,0.4949,0.0,v1.3.1-shadow,open,1,2026-08-31,577.63,,,,0,,,3.079,3.9315,-0.7523,,,,0.0,1.0,14,1,2026-09-02,,
2026-08-31T09:01:37.432420-04:00,2026-08-28,v1.3.3,premarket,0.0,xnys,PDD,v1.2.1,v1.3.1-shadow,v1.3.1-shadow,8142e595d788ac06,ndx-99-78834e47b659,healthy_pullback,healthy_pullback,5.0,ma60,84.59,,buy_limit_zone,healthy_pullback,ma60,84.59,85.85,84.59,85.85,80.82,3.0,40.0,intraday,initial_stop_or_d40_close,2026-08-31,pullback_limit_uses_ma60_anchor,6.0,6.0,0.0,0.0,0.0,-0.29,available,neutral,15.399999618530272,-0.36,-0.34,0.4949,0.0,v1.3.1-shadow,completed,1,2026-08-31,85.2,2026-09-08,80.82,initial_stop,0,-1.0,-1.0,,0.0,-1.3516,,,,0.0,1.0,14,1,2026-09-02,2026-09-08,
2026-08-31T09:01:37.432420-04:00,2026-08-28,v1.3.3,premarket,0.0,xnys,LIN,v1.2.1,v1.3.1-shadow,v1.3.1-shadow,8142e595d788ac06,ndx-99-78834e47b659,healthy_pullback,healthy_pullback,5.0,ma20,485.25,,buy_limit_zone,healthy_pullback,ma20,485.25,492.59,485.25,492.59,463.22,3.0,40.0,intraday,initial_stop_or_d40_close,2026-08-31,pullback_limit_uses_ma20_anchor,5.0,5.0,0.0,0.0,0.0,0.09,available,neutral,15.399999618530272,-0.36,-0.34,0.4949,0.0,v1.3.1-shadow,completed,1,2026-08-31,489.05,2026-09-10,463.22,initial_stop,0,-0.9381,-0.9381,,0.1332,-1.1169,,,,1.6,1.0,14,1,2026-09-02,2026-09-10,
2026-09-01T09:01:40.657721-04:00,2026-08-31,v1.3.3,premarket,0.0,xnys,MU,v1.2.1,v1.3.1-shadow,v1.3.1-shadow,8142e595d788ac06,ndx-99-78834e47b659,consolidation_dip,consolidation_dip,10.0,ma60,957.94,,buy_limit_zone,consolidation_dip,ma60,957.94,983.26,957.94,983.26,881.97,5.0,40.0,intraday,initial_stop_or_d40_close,2026-09-01,pullback_limit_inside_ma60_zone,13.0,16.0,3.0,0.0,0.0,-2.29,available,bear,15.920000076293944,-0.67,-1.3,0.4747,1.0,v1.3.1-shadow,open,1,2026-09-01,941.13,,,,0,,,1.2622,1.7118,-0.6513,,,,0.0,1.0,13,1,2026-09-08,,
2026-09-01T09:01:40.657721-04:00,2026-08-31,v1.3.3,premarket,0.0,xnys,SNDK,v1.2.1,v1.3.1-shadow,v1.3.1-shadow,8142e595d788ac06,ndx-99-78834e47b659,healthy_pullback,healthy_pullback,5.0,ma20,1472.97,,buy_limit_zone,healthy_pullback,ma20,1472.97,1533.98,1472.97,1533.98,1289.93,3.0,40.0,intraday,initial_stop_or_d40_close,2026-09-01,pullback_limit_uses_ma20_anchor,8.0,11.0,3.0,0.0,0.0,-2.92,available,bear,15.920000076293944,-0.67,-1.3,0.4747,1.0,v1.3.1-shadow,open,1,2026-09-01,1526.01,,,,0,,,1.1259,1.1918,-0.0924,,,,0.0,1.0,13,1,2026-09-03,,
2026-09-01T09:01:40.657721-04:00,2026-08-31,v1.3.3,premarket,0.0,xnys,VRSK,v1.2.1,v1.3.1-shadow,v1.3.1-shadow,8142e595d788ac06,ndx-99-78834e47b659,consolidation_dip,consolidation_dip,10.0,ma60,187.61,,buy_limit_zone,consolidation_dip,ma60,187.61,190.83,187.61,190.83,177.95,5.0,40.0,intraday,initial_stop_or_d40_close,2026-09-01,pullback_limit_inside_ma60_zone,10.0,10.0,0.0,0.0,0.0,0.33,available,bear,15.920000076293944,-0.67,-1.3,0.4747,1.0,v1.3.1-shadow,completed,1,2026-09-02,190.83,2026-09-08,177.95,initial_stop,0,-1.0,-1.0,,0.2609,-1.2042,,,,0.0,1.0,13,1,2026-09-08,2026-09-08,
2026-09-01T09:01:40.657721-04:00,2026-08-31,v1.3.3,premarket,0.0,xnys,NVDA,v1.2.1,v1.3.1-shadow,v1.3.1-shadow,8142e595d788ac06,ndx-99-78834e47b659,healthy_pullback,healthy_pullback,5.0,ma20,218.75,,buy_limit_zone,healthy_pullback,ma20,218.75,222.2,218.75,222.2,208.4,3.0,40.0,intraday,initial_stop_or_d40_close,2026-09-01,pullback_limit_uses_ma20_anchor,8.0,8.0,0.0,0.0,0.0,-1.73,available,bear,15.920000076293944,-0.67,-1.3,0.4747,1.0,v1.3.1-shadow,open,1,2026-09-01,216.75,,,,0,,,0.691,2.1569,-0.9365,,,,0.25,1.0,13,1,2026-09-03,,
2026-09-01T09:01:40.657721-04:00,2026-08-31,v1.3.3,premarket,0.0,xnys,TSLA,v1.2.1,v1.3.1-shadow,v1.3.1-shadow,8142e595d788ac06,ndx-99-78834e47b659,healthy_pullback,healthy_pullback,5.0,ma60,366.46,,buy_limit_zone,healthy_pullback,ma60,366.46,372.61,366.46,372.61,348.02,3.0,40.0,intraday,initial_stop_or_d40_close,2026-09-01,pullback_limit_uses_ma60_anchor,6.0,6.0,0.0,0.0,0.0,-1.82,available,bear,15.920000076293944,-0.67,-1.3,0.4747,1.0,v1.3.1-shadow,open,1,2026-09-01,360.9,,,,0,,,0.2616,1.7966,-0.8525,,,,0.0,1.0,13,1,2026-09-03,,
2026-09-01T09:01:40.657721-04:00,2026-08-31,v1.3.3,premarket,0.0,xnys,LIN,v1.2.1,v1.3.1-shadow,v1.3.1-shadow,8142e595d788ac06,ndx-99-78834e47b659,healthy_pullback,healthy_pullback,5.0,ma20,485.26,,buy_limit_zone,healthy_pullback,ma20,485.26,492.6,485.26,492.6,463.23,3.0,40.0,intraday,initial_stop_or_d40_close,2026-09-01,pullback_limit_uses_ma20_anchor,5.0,5.0,0.0,0.0,0.0,0.19,available,bear,15.920000076293944,-0.67,-1.3,0.4747,1.0,v1.3.1-shadow,completed,1,2026-09-01,488.5,2026-09-10,463.23,initial_stop,0,-0.9367,-0.9367,,0.1377,-1.1199,,,,1.6,1.0,13,1,2026-09-03,2026-09-10,
2026-09-01T09:01:40.657721-04:00,2026-08-31,v1.3.3,premarket,0.0,xnys,TMUS,v1.2.1,v1.3.1-shadow,v1.3.1-shadow,8142e595d788ac06,ndx-99-78834e47b659,healthy_pullback,healthy_pullback,5.0,ma20,178.84,,buy_limit_zone,healthy_pullback,ma20,178.84,180.99,178.84,180.99,172.39,3.0,40.0,intraday,initial_stop_or_d40_close,2026-09-01,pullback_limit_uses_ma20_anchor,5.0,5.0,0.0,0.0,0.0,-0.8,available,bear,15.920000076293944,-0.67,-1.3,0.4747,1.0,v1.3.1-shadow,completed,1,2026-09-01,180.99,2026-09-17,172.39,initial_stop,0,-1.0,-1.0,,1.0326,-1.7023,,,,0.0,1.0,13,1,2026-09-03,2026-09-17,
2026-09-02T09:01:41.941766-04:00,2026-09-01,v1.3.3,premarket,0.0,xnys,LITE,v1.2.1,v1.3.1-shadow,v1.3.1-shadow,8142e595d788ac06,ndx-99-78834e47b659,consolidation_dip,consolidation_dip,10.0,ma60,825.82,,buy_limit_zone,consolidation_dip,ma60,825.82,864.2,825.82,864.2,710.69,5.0,40.0,intraday,initial_stop_or_d40_close,2026-09-02,pullback_limit_inside_ma60_zone,13.0,16.0,3.0,0.0,0.0,-1.03,available,neutral,16.200000762939453,-0.03,-0.26,0.4141,1.0,v1.3.1-shadow,open,1,2026-09-02,864.2,,,,0,,,0.4346,1.059,-0.2952,,,,0.0,1.0,12,1,2026-09-09,,
2026-09-02T09:01:41.941766-04:00,2026-09-01,v1.3.3,premarket,0.0,xnys,MU,v1.2.1,v1.3.1-shadow,v1.3.1-shadow,8142e595d788ac06,ndx-99-78834e47b659,consolidation_dip,consolidation_dip,10.0,ma60,959.1,,buy_stop_reclaim,consolidation_dip,ma60,959.1,959.1,959.1,984.51,882.86,5.0,40.0,intraday,initial_stop_or_d40_close,2026-09-02,price_below_ma60_wait_for_reclaim,13.0,16.0,3.0,0.0,0.0,-0.2,available,neutral,16.200000762939453,-0.03,-0.26,0.4141,1.0,v1.3.1-shadow,open,1,2026-09-03,959.1,,,,0,,,0.7437,1.0926,-0.7411,,,,0.0,1.0,12,1,2026-09-09,,
2026-09-02T09:01:41.941766-04:00,2026-09-01,v1.3.3,premarket,0.0,xnys,AMZN,v1.2.1,v1.3.1-shadow,v1.3.1-shadow,8142e595d788ac06,ndx-99-78834e47b659,consolidation_dip,consolidation_dip,10.0,ma60,250.58,,buy_limit_zone,consolidation_dip,ma60,250.58,253.69,250.58,253.69,241.25,5.0,40.0,intraday,initial_stop_or_d40_close,2026-09-02,pullback_limit_inside_ma60_zone,11.0,14.0,3.0,0.0,0.0,-0.28,available,neutral,16.200000762939453,-0.03,-0.26,0.4141,1.0,v1.3.1-shadow,open,1,2026-09-02,253.69,,,,0,,,0.0016,0.5973,-0.7548,,,,0.0,1.0,12,1,2026-09-09,,
2026-09-02T09:01:41.941766-04:00,2026-09-01,v1.3.3,premarket,0.0,xnys,PYPL,v1.2.1,v1.3.1-shadow,v1.3.1-shadow,8142e595d788ac06,ndx-99-78834e47b659,consolidation_dip,consolidation_dip,10.0,ma60,52.18,,buy_limit_zone,consolidation_dip,ma60,52.18,53.09,52.18,53.09,49.45,5.0,40.0,intraday,initial_stop_or_d40_close,2026-09-02,pullback_limit_inside_ma60_zone,10.0,10.0,0.0,0.0,0.0,0.82,available,neutral,16.200000762939453,-0.03,-0.26,0.4141,1.0,v1.3.1-shadow,open,1,2026-09-02,52.57,,,,0,,,-0.0064,1.4071,-0.5667,,,,0.14,1.0,12,1,2026-09-09,,
2026-09-02T09:01:41.941766-04:00,2026-09-01,v1.3.3,premarket,0.0,xnys,KDP,v1.2.1,v1.3.1-shadow,v1.3.1-shadow,8142e595d788ac06,ndx-99-78834e47b659,consolidation_dip,consolidation_dip,10.0,ma60,31.16,,buy_limit_zone,consolidation_dip,ma60,31.16,31.62,31.16,31.62,29.79,5.0,40.0,intraday,initial_stop_or_d40_close,2026-09-02,pullback_limit_inside_ma60_zone,10.0,10.0,0.0,0.0,0.0,1.13,available,neutral,16.200000762939453,-0.03,-0.26,0.4141,1.0,v1.3.1-shadow,unfilled,0,,,,,,0,,,,,,,,,0.0,1.0,12,1,2026-09-09,2026-09-09,entry_not_reached
2026-09-02T09:01:41.941766-04:00,2026-09-01,v1.3.3,premarket,0.0,xnys,META,v1.2.1,v1.3.1-shadow,v1.3.1-shadow,8142e595d788ac06,ndx-99-78834e47b659,healthy_pullback,healthy_pullback,5.0,ma20,574.4,,buy_limit_zone,healthy_pullback,ma20,574.4,583.4,574.4,583.4,547.4,3.0,40.0,intraday,initial_stop_or_d40_close,2026-09-02,pullback_limit_uses_ma20_anchor,6.0,9.0,3.0,1.0,1.0,-0.39,available,neutral,16.200000762939453,-0.03,-0.26,0.4141,1.0,v1.3.1-shadow,open,1,2026-09-02,578.79,,,,0,,,2.7703,3.5476,-0.057,,,,0.0,1.0,12,1,2026-09-04,,
2026-09-02T09:01:41.941766-04:00,2026-09-01,v1.3.3,premarket,0.0,xnys,FANG,v1.2.1,v1.3.1-shadow,v1.3.1-shadow,8142e595d788ac06,ndx-99-78834e47b659,healthy_pullback,healthy_pullback,5.0,ma20,200.74,,buy_limit_zone,healthy_pullback,ma20,200.74,203.54,200.74,203.54,192.35,3.0,40.0,intraday,initial_stop_or_d40_close,2026-09-02,pullback_limit_uses_ma20_anchor,8.0,8.0,0.0,0.0,0.0,-1.06,available,neutral,16.200000762939453,-0.03,-0.26,0.4141,1.0,v1.3.1-shadow,completed,1,2026-09-02,200.83,2026-09-16,192.35,initial_stop,0,-1.0,-1.0,,1.4717,-1.1014,,,,0.0,1.0,12,1,2026-09-04,2026-09-16,
2026-09-02T09:01:41.941766-04:00,2026-09-01,v1.3.3,premarket,0.0,xnys,CEG,v1.2.1,v1.3.1-shadow,v1.3.1-shadow,8142e595d788ac06,ndx-99-78834e47b659,healthy_pullback,healthy_pullback,5.0,ma20,274.08,,buy_limit_zone,healthy_pullback,ma20,274.08,278.78,274.08,278.78,259.98,3.0,40.0,intraday,initial_stop_or_d40_close,2026-09-02,pullback_limit_uses_ma20_anchor,6.0,6.0,0.0,0.0,0.0,-0.21,available,neutral,16.200000762939453,-0.03,-0.26,0.4141,1.0,v1.3.1-shadow,completed,1,2026-09-02,278.78,2026-09-15,259.98,initial_stop,0,-1.0,-1.0,,1.4372,-1.0197,,,,0.0,1.0,12,1,2026-09-04,2026-09-15,
2026-09-02T09:01:41.941766-04:00,2026-09-01,v1.3.3,premarket,0.0,xnys,TMUS,v1.2.1,v1.3.1-shadow,v1.3.1-shadow,8142e595d788ac06,ndx-99-78834e47b659,healthy_pullback,healthy_pullback,5.0,ma60,180.53,,buy_limit_zone,healthy_pullback,ma60,180.53,182.67,180.53,182.67,174.12,3.0,40.0,intraday,initial_stop_or_d40_close,2026-09-02,pullback_limit_uses_ma60_anchor,5.0,5.0,0.0,0.0,0.0,0.13,available,neutral,16.200000762939453,-0.03,-0.26,0.4141,1.0,v1.3.1-shadow,completed,1,2026-09-02,182.67,2026-09-16,174.12,initial_stop,0,-1.0,-1.0,,0.8421,-1.1111,,,,0.0,1.0,12,1,2026-09-04,2026-09-16,
2026-09-03T09:01:54.197179-04:00,2026-09-02,v1.3.3,premarket,0.0,xnys,SNDK,v1.2.1,v1.3.1-shadow,v1.3.1-shadow,8142e595d788ac06,ndx-99-78834e47b659,consolidation_dip,consolidation_dip,10.0,ma60,1634.98,,buy_stop_reclaim,consolidation_dip,ma60,1634.98,1634.98,1634.98,1693.16,1460.45,5.0,40.0,intraday,initial_stop_or_d40_close,2026-09-03,price_below_ma60_wait_for_reclaim,13.0,16.0,3.0,0.0,0.0,-0.46,available,neutral,15.140000343322754,0.26,0.1,0.4242,0.0,v1.3.1-shadow,open,1,2026-09-04,1634.98,,,,0,,,0.8986,0.9878,-0.7493,,,,0.0,1.0,11,1,2026-09-10,,
2026-09-03T09:01:54.197179-04:00,2026-09-02,v1.3.3,premarket,0.0,xnys,LITE,v1.2.1,v1.3.1-shadow,v1.3.1-shadow,8142e595d788ac06,ndx-99-78834e47b659,consolidation_dip,consolidation_dip,10.0,ma60,825.94,,buy_limit_zone,consolidation_dip,ma60,825.94,863.55,825.94,863.55,713.1,5.0,40.0,intraday,initial_stop_or_d40_close,2026-09-03,pullback_limit_inside_ma60_zone,13.0,16.0,3.0,0.0,0.0,0.32,available,neutral,15.140000343322754,0.26,0.1,0.4242,0.0,v1.3.1-shadow,open,1,2026-09-03,863.55,,,,0,,,0.4477,1.0848,-0.2968,,,,0.0,1.0,11,1,2026-09-10,,
2026-09-03T09:01:54.197179-04:00,2026-09-02,v1.3.3,premarket,0.0,xnys,MU,v1.2.1,v1.3.1-shadow,v1.3.1-shadow,8142e595d788ac06,ndx-99-78834e47b659,consolidation_dip,consolidation_dip,10.0,ma60,959.21,,buy_stop_reclaim,consolidation_dip,ma60,959.21,959.21,959.21,983.16,887.37,5.0,40.0,intraday,initial_stop_or_d40_close,2026-09-03,price_below_ma60_wait_for_reclaim,13.0,16.0,3.0,0.0,0.0,-0.07,available,neutral,15.140000343322754,0.26,0.1,0.4242,0.0,v1.3.1-shadow,open,1,2026-09-03,959.21,,,,0,,,0.7877,1.158,-0.788,,,,0.0,1.0,11,1,2026-09-10,,
2026-09-03T09:01:54.197179-04:00,2026-09-02,v1.3.3,premarket,0.0,xnys,AMZN,v1.2.1,v1.3.1-shadow,v1.3.1-shadow,8142e595d788ac06,ndx-99-78834e47b659,consolidation_dip,consolidation_dip,10.0,ma60,250.74,,buy_limit_zone,consolidation_dip,ma60,250.74,253.74,250.74,253.74,241.73,5.0,40.0,intraday,initial_stop_or_d40_close,2026-09-03,pullback_limit_inside_ma60_zone,11.0,14.0,3.0,0.0,0.0,0.52,available,neutral,15.140000343322754,0.26,0.1,0.4242,0.0,v1.3.1-shadow,open,1,2026-09-09,253.12,,,,0,,,0.0518,0.3924,-0.7744,,,,0.0,1.0,11,1,2026-09-10,,
2026-09-03T09:01:54.197179-04:00,2026-09-02,v1.3.3,premarket,0.0,xnys,MDLZ,v1.2.1,v1.3.1-shadow,v1.3.1-shadow,8142e595d788ac06,ndx-99-78834e47b659,consolidation_dip,consolidation_dip,10.0,ma60,61.44,,buy_limit_zone,consolidation_dip,ma60,61.44,62.38,61.44,62.38,58.63,5.0,40.0,intraday,initial_stop_or_d40_close,2026-09-03,pullback_limit_inside_ma60_zone,10.0,13.0,3.0,0.0,0.0,-0.53,available,neutral,15.140000343322754,0.26,0.1,0.4242,0.0,v1.3.1-shadow,open,1,2026-09-03,62.17,,,,0,,,-0.3729,0.4689,-0.4802,,,,0.0,1.0,11,1,2026-09-10,,
2026-09-03T09:01:54.197179-04:00,2026-09-02,v1.3.3,premarket,0.0,xnys,SNPS,v1.2.1,v1.3.1-shadow,v1.3.1-shadow,8142e595d788ac06,ndx-99-78834e47b659,consolidation_dip,consolidation_dip,10.0,ma60,422.02,,buy_stop_reclaim,consolidation_dip,ma60,422.02,422.02,422.02,429.51,399.55,5.0,40.0,intraday,initial_stop_or_d40_close,2026-09-03,price_below_ma60_wait_for_reclaim,12.0,12.0,0.0,0.0,0.0,0.76,available,neutral,15.140000343322754,0.26,0.1,0.4242,0.0,v1.3.1-shadow,unfilled,0,,,,,,0,,,,,,,,,0.0,1.0,11,1,2026-09-10,2026-09-10,entry_not_reached
2026-09-03T09:01:54.197179-04:00,2026-09-02,v1.3.3,premarket,0.0,xnys,TSLA,v1.2.1,v1.3.1-shadow,v1.3.1-shadow,8142e595d788ac06,ndx-99-78834e47b659,consolidation_dip,consolidation_dip,10.0,ma60,365.01,,buy_stop_reclaim,consolidation_dip,ma60,365.01,365.01,365.01,371.38,345.91,5.0,40.0,intraday,initial_stop_or_d40_close,2026-09-03,price_below_ma60_wait_for_reclaim,11.0,11.0,0.0,0.0,0.0,1.61,available,neutral,15.140000343322754,0.26,0.1,0.4242,0.0,v1.3.1-shadow,open,1,2026-09-03,365.82,,,,0,,,-0.0779,0.9151,-0.7283,,,,0.0,1.0,11,1,2026-09-10,,
2026-09-03T09:01:54.197179-04:00,2026-09-02,v1.3.3,premarket,0.0,xnys,PDD,v1.2.1,v1.3.1-shadow,v1.3.1-shadow,8142e595d788ac06,ndx-99-78834e47b659,consolidation_dip,consolidation_dip,10.0,ma60,84.52,,buy_stop_reclaim,consolidation_dip,ma60,84.52,84.52,84.52,85.74,80.85,5.0,40.0,intraday,initial_stop_or_d40_close,2026-09-03,price_below_ma60_wait_for_reclaim,11.0,11.0,0.0,0.0,0.0,-0.02,available,neutral,15.140000343322754,0.26,0.1,0.4242,0.0,v1.3.1-shadow,unfilled,0,,,,,,0,,,,,,,,,0.0,1.0,11,1,2026-09-10,2026-09-10,entry_not_reached
2026-09-03T09:01:54.197179-04:00,2026-09-02,v1.3.3,premarket,0.0,xnys,VRSK,v1.2.1,v1.3.1-shadow,v1.3.1-shadow,8142e595d788ac06,ndx-99-78834e47b659,consolidation_dip,consolidation_dip,10.0,ma60,187.97,,buy_limit_zone,consolidation_dip,ma60,187.97,191.2,187.97,191.2,178.27,5.0,40.0,intraday,initial_stop_or_d40_close,2026-09-03,pullback_limit_inside_ma60_zone,10.0,10.0,0.0,0.0,0.0,0.19,available,neutral,15.140000343322754,0.26,0.1,0.4242,0.0,v1.3.1-shadow,completed,1,2026-09-03,189.3,2026-09-08,178.27,initial_stop,0,-1.0,-1.0,,0.4433,-1.2675,,,,0.0,1.0,11,1,2026-09-10,2026-09-08,
2026-09-03T09:01:54.197179-04:00,2026-09-02,v1.3.3,premarket,0.0,xnys,ALNY,v1.2.1,v1.3.1-shadow,v1.3.1-shadow,8142e595d788ac06,ndx-99-78834e47b659,healthy_pullback,healthy_pullback,5.0,ma60,264.4,,buy_limit_zone,healthy_pullback,ma60,264.4,269.5,264.4,269.5,249.1,3.0,40.0,intraday,initial_stop_or_d40_close,2026-09-03,pullback_limit_uses_ma60_anchor,8.0,8.0,0.0,0.0,0.0,0.34,available,neutral,15.140000343322754,0.26,0.1,0.4242,0.0,v1.3.1-shadow,completed,1,2026-09-03,265.94,2026-09-10,249.1,initial_stop,0,-1.0,-1.0,,0.3646,-1.1591,,,,0.0,1.0,11,1,2026-09-08,2026-09-10,
2026-09-03T09:01:54.197179-04:00,2026-09-02,v1.3.3,premarket,0.0,xnys,META,v1.2.1,v1.3.1-shadow,v1.3.1-shadow,8142e595d788ac06,ndx-99-78834e47b659,healthy_pullback,healthy_pullback,5.0,ma20,574.61,,buy_limit_zone,healthy_pullback,ma20,574.61,583.98,574.61,583.98,546.5,3.0,40.0,intraday,initial_stop_or_d40_close,2026-09-03,pullback_limit_uses_ma20_anchor,6.0,9.0,3.0,1.0,0.0,1.46,available,neutral,15.140000343322754,0.26,0.1,0.4242,0.0,v1.3.1-shadow,unfilled,0,,,,,,0,,,,,,,,,0.0,1.0,11,1,2026-09-08,2026-09-08,entry_not_reached
2026-09-03T09:01:54.197179-04:00,2026-09-02,v1.3.3,premarket,0.0,xnys,KLAC,v1.2.1,v1.3.1-shadow,v1.3.1-shadow,8142e595d788ac06,ndx-99-78834e47b659,oversold_bounce,oversold_bounce,8.0,previous_high,172.95,,buy_stop_reclaim,oversold_bounce,previous_high,172.95,173.72,173.72,175.65,160.65,5.0,40.0,intraday,initial_stop_or_d40_close,2026-09-03,oversold_requires_break_above_signal_bar_high,9.0,9.0,0.0,0.0,0.0,-0.86,available,neutral,15.140000343322754,0.26,0.1,0.4242,0.0,v1.3.1-shadow,open,1,2026-09-04,177.9,,,,0,,,-0.0528,0.7519,-0.6962,,,,0.0,1.0,11,1,2026-09-10,,
2026-09-03T09:01:54.197179-04:00,2026-09-02,v1.3.3,premarket,0.0,xnys,FER,v1.2.1,v1.3.1-shadow,v1.3.1-shadow,8142e595d788ac06,ndx-99-78834e47b659,oversold_bounce,oversold_bounce,8.0,previous_high,58.03,,buy_stop_reclaim,oversold_bounce,previous_high,58.03,58.2,58.2,58.63,55.24,5.0,40.0,intraday,initial_stop_or_d40_close,2026-09-03,oversold_requires_break_above_signal_bar_high,9.0,9.0,0.0,0.0,0.0,0.48,available,neutral,15.140000343322754,0.26,0.1,0.4242,0.0,v1.3.1-shadow,completed,1,2026-09-04,58.2,2026-09-14,54.55,gap_through_stop,0,-1.2331,-1.2331,,0.098,-1.4493,,,,0.0,1.0,11,1,2026-09-10,2026-09-14,
2026-09-03T09:01:54.197179-04:00,2026-09-02,v1.3.3,premarket,0.0,xnys,ODFL,v1.2.1,v1.3.1-shadow,v1.3.1-shadow,8142e595d788ac06,ndx-99-78834e47b659,oversold_bounce,oversold_bounce,7.0,previous_high,189.3,,buy_stop_reclaim,oversold_bounce,previous_high,189.3,189.94,189.94,191.53,178.05,5.0,40.0,intraday,initial_stop_or_d40_close,2026-09-03,oversold_requires_break_above_signal_bar_high,8.0,8.0,0.0,0.0,0.0,0.14,available,neutral,15.140000343322754,0.26,0.1,0.4242,0.0,v1.3.1-shadow,completed,1,2026-09-03,189.94,2026-09-11,178.05,initial_stop,0,-1.0,-1.0,,0.0639,-1.0429,,,,0.0,1.0,11,1,2026-09-10,2026-09-11,
2026-09-03T09:01:54.197179-04:00,2026-09-02,v1.3.3,premarket,0.0,xnys,PEP,v1.2.1,v1.3.1-shadow,v1.3.1-shadow,8142e595d788ac06,ndx-99-78834e47b659,healthy_pullback,healthy_pullback,5.0,ma60,140.34,,buy_limit_zone,healthy_pullback,ma60,140.34,142.45,140.34,142.45,134.02,3.0,40.0,intraday,initial_stop_or_d40_close,2026-09-03,pullback_limit_uses_ma60_anchor,5.0,8.0,3.0,1.0,0.0,0.34,available,neutral,15.140000343322754,0.26,0.1,0.4242,0.0,v1.3.1-shadow,completed,1,2026-09-03,140.32,2026-09-17,134.02,initial_stop,0,-0.7651,-0.7651,,0.0683,-1.173,,,,1.48,1.0,11,1,2026-09-08,2026-09-17,
2026-09-03T09:01:54.197179-04:00,2026-09-02,v1.3.3,premarket,0.0,xnys,FANG,v1.2.1,v1.3.1-shadow,v1.3.1-shadow,8142e595d788ac06,ndx-99-78834e47b659,healthy_pullback,healthy_pullback,5.0,ma20,201.65,,buy_limit_zone,healthy_pullback,ma20,201.65,204.44,201.65,204.44,193.27,3.0,40.0,intraday,initial_stop_or_d40_close,2026-09-03,pullback_limit_uses_ma20_anchor,8.0,8.0,0.0,0.0,0.0,0.35,available,neutral,15.140000343322754,0.26,0.1,0.4242,0.0,v1.3.1-shadow,completed,1,2026-09-03,203.31,2026-09-16,193.27,initial_stop,0,-1.0,-1.0,,0.996,-1.1773,,,,0.0,1.0,11,1,2026-09-08,2026-09-16,
2026-09-03T09:01:54.197179-04:00,2026-09-02,v1.3.3,premarket,0.0,xnys,PYPL,v1.2.1,v1.3.1-shadow,v1.3.1-shadow,8142e595d788ac06,ndx-99-78834e47b659,healthy_pullback,healthy_pullback,5.0,ma60,52.4,,buy_limit_zone,healthy_pullback,ma60,52.4,53.34,52.4,53.34,49.58,3.0,40.0,intraday,initial_stop_or_d40_close,2026-09-03,pullback_limit_uses_ma60_anchor,5.0,5.0,0.0,0.0,0.0,0.57,available,neutral,15.140000343322754,0.26,0.1,0.4242,0.0,v1.3.1-shadow,open,1,2026-09-08,53.34,,,,0,,,-0.2473,0.3351,-0.675,,,,0.0,1.0,11,1,2026-09-08,,
2026-09-03T09:01:54.197179-04:00,2026-09-02,v1.3.3,premarket,0.0,xnys,LIN,v1.2.1,v1.3.1-shadow,v1.3.1-shadow,8142e595d788ac06,ndx-99-78834e47b659,healthy_pullback,healthy_pullback,5.0,ma20,485.63,,buy_limit_zone,healthy_pullback,ma20,485.63,492.94,485.63,492.94,463.69,3.0,40.0,intraday,initial_stop_or_d40_close,2026-09-03,pullback_limit_uses_ma20_anchor,5.0,5.0,0.0,0.0,0.0,-0.6,available,neutral,15.140000343322754,0.26,0.1,0.4242,0.0,v1.3.1-shadow,completed,1,2026-09-03,487.9,2026-09-09,463.69,initial_stop,0,-1.0,-1.0,,0.1685,-1.0132,,,,0.0,1.0,11,1,2026-09-08,2026-09-09,
2026-09-04T09:01:30.318973-04:00,2026-09-03,v1.3.3,premarket,0.0,xnys,SNDK,v1.2.1,v1.3.1-shadow,v1.3.1-shadow,8142e595d788ac06,ndx-99-78834e47b659,consolidation_dip,consolidation_dip,10.0,ma60,1633.45,,buy_stop_reclaim,consolidation_dip,ma60,1633.45,1633.45,1633.45,1689.83,1464.32,5.0,40.0,intraday,initial_stop_or_d40_close,2026-09-04,price_below_ma60_wait_for_reclaim,13.0,16.0,3.0,0.0,0.0,1.03,available,neutral,14.1899995803833,-0.23,0.05,0.3939,0.0,v1.3.1-shadow,open,1,2026-09-04,1633.45,,,,0,,,0.9364,1.0284,-0.7642,,,,0.0,1.0,10,1,2026-09-11,,
2026-09-04T09:01:30.318973-04:00,2026-09-03,v1.3.3,premarket,0.0,xnys,LITE,v1.2.1,v1.3.1-shadow,v1.3.1-shadow,8142e595d788ac06,ndx-99-78834e47b659,consolidation_dip,consolidation_dip,10.0,ma60,826.36,,buy_limit_zone,consolidation_dip,ma60,826.36,861.38,826.36,861.38,721.31,5.0,40.0,intraday,initial_stop_or_d40_close,2026-09-04,pullback_limit_inside_ma60_zone,13.0,16.0,3.0,0.0,0.0,1.02,available,neutral,14.1899995803833,-0.23,0.05,0.3939,0.0,v1.3.1-shadow,open,1,2026-09-04,861.38,,,,0,,,0.4964,1.1807,-0.209,,,,0.0,1.0,10,1,2026-09-11,,
2026-09-04T09:01:30.318973-04:00,2026-09-03,v1.3.3,premarket,0.0,xnys,MU,v1.2.1,v1.3.1-shadow,v1.3.1-shadow,8142e595d788ac06,ndx-99-78834e47b659,consolidation_dip,consolidation_dip,10.0,ma60,959.59,,buy_stop_reclaim,consolidation_dip,ma60,959.59,959.59,959.59,983.12,888.99,5.0,40.0,intraday,initial_stop_or_d40_close,2026-09-04,price_below_ma60_wait_for_reclaim,13.0,16.0,3.0,0.0,0.0,0.75,available,neutral,14.1899995803833,-0.23,0.05,0.3939,0.0,v1.3.1-shadow,open,1,2026-09-04,971.34,,,,0,,,0.5399,0.8629,-0.8347,,,,0.0,1.0,10,1,2026-09-11,,
2026-09-04T09:01:30.318973-04:00,2026-09-03,v1.3.3,premarket,0.0,xnys,ROST,v1.2.1,v1.3.1-shadow,v1.3.1-shadow,8142e595d788ac06,ndx-99-78834e47b659,consolidation_dip,consolidation_dip,10.0,ma60,234.22,,buy_stop_reclaim,consolidation_dip,ma60,234.22,234.22,234.22,237.26,225.1,5.0,40.0,intraday,initial_stop_or_d40_close,2026-09-04,price_below_ma60_wait_for_reclaim,11.0,14.0,3.0,0.0,0.0,-0.29,available,neutral,14.1899995803833,-0.23,0.05,0.3939,0.0,v1.3.1-shadow,unfilled,0,,,,,,0,,,,,,,,,0.0,1.0,10,1,2026-09-11,2026-09-11,entry_not_reached
2026-09-04T09:01:30.318973-04:00,2026-09-03,v1.3.3,premarket,0.0,xnys,FTNT,v1.2.1,v1.3.1-shadow,v1.3.1-shadow,8142e595d788ac06,ndx-99-78834e47b659,consolidation_dip,consolidation_dip,10.0,ma60,156.45,,buy_stop_reclaim,consolidation_dip,ma60,156.45,156.45,156.45,159.85,146.24,5.0,40.0,intraday,initial_stop_or_d40_close,2026-09-04,price_below_ma60_wait_for_reclaim,11.0,14.0,3.0,0.0,0.0,-1.19,available,neutral,14.1899995803833,-0.23,0.05,0.3939,0.0,v1.3.1-shadow,open,1,2026-09-04,156.45,,,,0,,,1.3115,1.9246,-0.4358,,,,0.0,1.0,10,1,2026-09-11,,
2026-09-04T09:01:30.318973-04:00,2026-09-03,v1.3.3,premarket,0.0,xnys,ORLY,v1.2.1,v1.3.1-shadow,v1.3.1-shadow,8142e595d788ac06,ndx-99-78834e47b659,consolidation_dip,consolidation_dip,10.0,ma60,88.97,,buy_stop_reclaim,consolidation_dip,ma60,88.97,88.97,88.97,89.89,86.2,5.0,40.0,intraday,initial_stop_or_d40_close,2026-09-04,price_below_ma60_wait_for_reclaim,10.0,13.0,3.0,0.0,0.0,-0.06,available,neutral,14.1899995803833,-0.23,0.05,0.3939,0.0,v1.3.1-shadow,unfilled,0,,,,,,0,,,,,,,,,0.0,1.0,10,1,2026-09-11,2026-09-11,entry_not_reached
2026-09-04T09:01:30.318973-04:00,2026-09-03,v1.3.3,premarket,0.0,xnys,GOOGL,v1.2.1,v1.3.1-shadow,v1.3.1-shadow,8142e595d788ac06,ndx-99-78834e47b659,consolidation_dip,consolidation_dip,10.0,ma60,350.38,,buy_stop_reclaim,consolidation_dip,ma60,350.38,350.38,350.38,355.52,334.97,5.0,40.0,intraday,initial_stop_or_d40_close,2026-09-04,price_below_ma60_wait_for_reclaim,11.0,11.0,0.0,0.0,0.0,-0.4,available,neutral,14.1899995803833,-0.23,0.05,0.3939,0.0,v1.3.1-shadow,unfilled,0,,,,,,0,,,,,,,,,0.0,1.0,10,1,2026-09-11,2026-09-11,entry_not_reached
2026-09-04T09:01:30.318973-04:00,2026-09-03,v1.3.3,premarket,0.0,xnys,VRSK,v1.2.1,v1.3.1-shadow,v1.3.1-shadow,8142e595d788ac06,ndx-99-78834e47b659,consolidation_dip,consolidation_dip,10.0,ma60,188.34,,buy_limit_zone,consolidation_dip,ma60,188.34,191.35,188.34,191.35,179.3,5.0,40.0,intraday,initial_stop_or_d40_close,2026-09-04,pullback_limit_inside_ma60_zone,10.0,10.0,0.0,0.0,0.0,-0.84,available,neutral,14.1899995803833,-0.23,0.05,0.3939,0.0,v1.3.1-shadow,completed,1,2026-09-04,186.53,2026-09-08,179.3,initial_stop,0,-1.0,-1.0,,0.296,-1.5505,,,,0.0,1.0,10,1,2026-09-11,2026-09-08,
2026-09-04T09:01:30.318973-04:00,2026-09-03,v1.3.3,premarket,0.0,xnys,CRWD,v1.2.1,v1.3.1-shadow,v1.3.1-shadow,8142e595d788ac06,ndx-99-78834e47b659,healthy_pullback,healthy_pullback,5.0,ma20,210.63,,buy_limit_zone,healthy_pullback,ma20,210.63,216.96,210.63,216.96,191.63,3.0,40.0,intraday,initial_stop_or_d40_close,2026-09-04,pullback_limit_uses_ma20_anchor,6.0,9.0,3.0,1.0,1.0,-1.06,available,neutral,14.1899995803833,-0.23,0.05,0.3939,0.0,v1.3.1-shadow,open,1,2026-09-04,212.5,,,,0,,,1.2051,1.8122,-0.3943,,,,0.0,1.0,10,1,2026-09-09,,
2026-09-04T09:01:30.318973-04:00,2026-09-03,v1.3.3,premarket,0.0,xnys,FER,v1.2.1,v1.3.1-shadow,v1.3.1-shadow,8142e595d788ac06,ndx-99-78834e47b659,oversold_bounce,oversold_bounce,8.0,previous_high,58.16,,buy_stop_reclaim,oversold_bounce,previous_high,58.16,58.33,58.33,58.77,55.49,5.0,40.0,intraday,initial_stop_or_d40_close,2026-09-04,oversold_requires_break_above_signal_bar_high,9.0,9.0,0.0,0.0,0.0,-0.43,available,neutral,14.1899995803833,-0.23,0.05,0.3939,0.0,v1.3.1-shadow,completed,1,2026-09-04,58.33,2026-09-10,55.49,initial_stop,0,-1.0,-1.0,,0.0563,-1.0775,,,,0.0,1.0,10,1,2026-09-11,2026-09-10,
2026-09-04T09:01:30.318973-04:00,2026-09-03,v1.3.3,premarket,0.0,xnys,HON,v1.2.1,v1.3.1-shadow,v1.3.1-shadow,8142e595d788ac06,ndx-99-78834e47b659,oversold_bounce,oversold_bounce,8.0,previous_high,209.29,,buy_stop_reclaim,oversold_bounce,previous_high,209.29,209.81,209.81,211.1,199.9,5.0,40.0,intraday,initial_stop_or_d40_close,2026-09-04,oversold_requires_break_above_signal_bar_high,8.0,8.0,0.0,0.0,0.0,-0.18,available,neutral,14.1899995803833,-0.23,0.05,0.3939,0.0,v1.3.1-shadow,completed,1,2026-09-04,209.81,2026-09-14,199.3,gap_through_stop,0,-1.0605,-1.0605,,0.0192,-1.2947,,,,0.0,1.0,10,1,2026-09-11,2026-09-14,
2026-09-04T09:01:30.318973-04:00,2026-09-03,v1.3.3,premarket,0.0,xnys,MAR,v1.2.1,v1.3.1-shadow,v1.3.1-shadow,8142e595d788ac06,ndx-99-78834e47b659,oversold_bounce,oversold_bounce,7.0,previous_high,337.96,,buy_stop_reclaim,oversold_bounce,previous_high,337.96,338.63,338.63,340.32,325.95,5.0,40.0,intraday,initial_stop_or_d40_close,2026-09-04,oversold_requires_break_above_signal_bar_high,7.0,7.0,0.0,0.0,0.0,0.1,available,neutral,14.1899995803833,-0.23,0.05,0.3939,0.0,v1.3.1-shadow,completed,1,2026-09-04,338.63,2026-09-09,325.95,initial_stop,0,-1.0,-1.0,,0.0528,-1.3975,,,,0.0,1.0,10,1,2026-09-11,2026-09-09,
2026-09-04T09:01:30.318973-04:00,2026-09-03,v1.3.3,premarket,0.0,xnys,SNPS,v1.2.1,v1.3.1-shadow,v1.3.1-shadow,8142e595d788ac06,ndx-99-78834e47b659,healthy_pullback,healthy_pullback,5.0,ma20,415.32,,buy_limit_zone,healthy_pullback,ma20,415.32,422.52,415.32,422.52,393.71,3.0,40.0,intraday,initial_stop_or_d40_close,2026-09-04,pullback_limit_uses_ma20_anchor,7.0,7.0,0.0,0.0,0.0,-0.29,available,neutral,14.1899995803833,-0.23,0.05,0.3939,0.0,v1.3.1-shadow,completed,1,2026-09-04,418.12,2026-09-04,393.71,initial_stop,0,-1.0,-1.0,,0.0,-1.5481,,,,0.0,1.0,10,1,2026-09-09,2026-09-04,
2026-09-04T09:01:30.318973-04:00,2026-09-03,v1.3.3,premarket,0.0,xnys,TSLA,v1.2.1,v1.3.1-shadow,v1.3.1-shadow,8142e595d788ac06,ndx-99-78834e47b659,healthy_pullback,healthy_pullback,5.0,ma60,364.67,,buy_limit_zone,healthy_pullback,ma60,364.67,371.54,364.67,371.54,344.07,3.0,40.0,intraday,initial_stop_or_d40_close,2026-09-04,pullback_limit_uses_ma60_anchor,6.0,6.0,0.0,0.0,0.0,-3.33,available,neutral,14.1899995803833,-0.23,0.05,0.3939,0.0,v1.3.1-shadow,open,1,2026-09-04,362.07,,,,0,,,0.1222,0.7428,-0.5972,,,,0.0,1.0,10,1,2026-09-09,,
2026-09-04T09:01:30.318973-04:00,2026-09-03,v1.3.3,premarket,0.0,xnys,FAST,v1.2.1,v1.3.1-shadow,v1.3.1-shadow,8142e595d788ac06,ndx-99-78834e47b659,healthy_pullback,healthy_pullback,5.0,ma60,48.05,,buy_limit_zone,healthy_pullback,ma60,48.05,48.55,48.05,48.55,46.55,3.0,40.0,intraday,initial_stop_or_d40_close,2026-09-04,pullback_limit_uses_ma60_anchor,6.0,6.0,0.0,0.0,0.0,0.51,available,neutral,14.1899995803833,-0.23,0.05,0.3939,0.0,v1.3.1-shadow,unfilled,0,,,,,,0,,,,,,,,,0.0,1.0,10,1,2026-09-09,2026-09-09,entry_not_reached
2026-09-04T09:01:30.318973-04:00,2026-09-03,v1.3.3,premarket,0.0,xnys,AEP,v1.2.1,v1.3.1-shadow,v1.3.1-shadow,8142e595d788ac06,ndx-99-78834e47b659,healthy_pullback,healthy_pullback,5.0,ma20,123.97,,buy_limit_zone,healthy_pullback,ma20,123.97,125.84,123.97,125.84,118.36,3.0,40.0,intraday,initial_stop_or_d40_close,2026-09-04,pullback_limit_uses_ma20_anchor,5.0,5.0,0.0,0.0,0.0,-0.38,available,neutral,14.1899995803833,-0.23,0.05,0.3939,0.0,v1.3.1-shadow,open,1,2026-09-04,124.18,,,,0,,,-0.7182,0.3711,-0.768,,,,0.0,1.0,10,1,2026-09-09,,
2026-09-08T09:02:16.917562-04:00,2026-09-04,v1.3.3,premarket,0.0,xnys,LITE,v1.2.1,v1.3.1-shadow,v1.3.1-shadow,8142e595d788ac06,ndx-99-78834e47b659,consolidation_dip,consolidation_dip,10.0,ma60,826.82,,buy_limit_zone,consolidation_dip,ma60,826.82,859.78,826.82,859.78,727.95,5.0,40.0,intraday,initial_stop_or_d40_close,2026-09-08,pullback_limit_inside_ma60_zone,13.0,16.0,3.0,0.0,0.0,0.42,available,neutral,15.510000228881836,-0.12,0.29,0.3434,0.0,v1.3.1-shadow,open,1,2026-09-14,859.78,,,,0,,,0.5396,0.6965,-0.2099,,,,0.0,1.0,9,1,2026-09-14,,
2026-09-08T09:02:16.917562-04:00,2026-09-04,v1.3.3,premarket,0.0,xnys,STX,v1.2.1,v1.3.1-shadow,v1.3.1-shadow,8142e595d788ac06,ndx-99-78834e47b659,consolidation_dip,consolidation_dip,10.0,ma60,880.12,,buy_stop_reclaim,consolidation_dip,ma60,880.12,880.12,880.12,905.76,803.21,5.0,40.0,intraday,initial_stop_or_d40_close,2026-09-08,price_below_ma60_wait_for_reclaim,12.0,15.0,3.0,0.0,0.0,1.5,available,neutral,15.510000228881836,-0.12,0.29,0.3434,0.0,v1.3.1-shadow,completed,1,2026-09-08,880.65,2026-09-14,778.12,gap_through_stop,0,-1.324,-1.324,,0.5784,-1.4418,,,,0.0,1.0,9,1,2026-09-14,2026-09-14,
2026-09-08T09:02:16.917562-04:00,2026-09-04,v1.3.3,premarket,0.0,xnys,MRVL,v1.2.1,v1.3.1-shadow,v1.3.1-shadow,8142e595d788ac06,ndx-99-78834e47b659,consolidation_dip,consolidation_dip,10.0,ma60,232.08,,buy_stop_reclaim,consolidation_dip,ma60,232.08,232.08,232.08,239.46,209.94,5.0,40.0,intraday,initial_stop_or_d40_close,2026-09-08,price_below_ma60_wait_for_reclaim,11.0,14.0,3.0,0.0,0.0,0.9,available,neutral,15.510000228881836,-0.12,0.29,0.3434,0.0,v1.3.1-shadow,open,1,2026-09-09,232.08,,,,0,,,0.5497,0.7141,-0.8333,,,,0.0,1.0,9,1,2026-09-14,,
2026-09-08T09:02:16.917562-04:00,2026-09-04,v1.3.3,premarket,0.0,xnys,ROST,v1.2.1,v1.3.1-shadow,v1.3.1-shadow,8142e595d788ac06,ndx-99-78834e47b659,consolidation_dip,consolidation_dip,10.0,ma60,234.2,,buy_stop_reclaim,consolidation_dip,ma60,234.2,234.2,234.2,237.24,225.08,5.0,40.0,intraday,initial_stop_or_d40_close,2026-09-08,price_below_ma60_wait_for_reclaim,11.0,14.0,3.0,0.0,0.0,-1.08,available,neutral,15.510000228881836,-0.12,0.29,0.3434,0.0,v1.3.1-shadow,unfilled,0,,,,,,0,,,,,,,,,0.0,1.0,9,1,2026-09-14,2026-09-14,entry_not_reached
2026-09-08T09:02:16.917562-04:00,2026-09-04,v1.3.3,premarket,0.0,xnys,ORLY,v1.2.1,v1.3.1-shadow,v1.3.1-shadow,8142e595d788ac06,ndx-99-78834e47b659,consolidation_dip,consolidation_dip,10.0,ma60,88.93,,buy_stop_reclaim,consolidation_dip,ma60,88.93,88.93,88.93,89.85,86.18,5.0,40.0,intraday,initial_stop_or_d40_close,2026-09-08,price_below_ma60_wait_for_reclaim,10.0,13.0,3.0,0.0,0.0,-0.77,available,neutral,15.510000228881836,-0.12,0.29,0.3434,0.0,v1.3.1-shadow,unfilled,0,,,,,,0,,,,,,,,,0.0,1.0,9,1,2026-09-14,2026-09-14,entry_not_reached
2026-09-08T09:02:16.917562-04:00,2026-09-04,v1.3.3,premarket,0.0,xnys,AXON,v1.2.1,v1.3.1-shadow,v1.3.1-shadow,8142e595d788ac06,ndx-99-78834e47b659,consolidation_dip,consolidation_dip,10.0,ma60,544.98,,buy_stop_reclaim,consolidation_dip,ma60,544.98,544.98,544.98,561.06,496.74,5.0,40.0,intraday,initial_stop_or_d40_close,2026-09-08,price_below_ma60_wait_for_reclaim,12.0,12.0,0.0,0.0,0.0,-0.13,available,neutral,15.510000228881836,-0.12,0.29,0.3434,0.0,v1.3.1-shadow,unfilled,0,,,,,,0,,,,,,,,,0.0,1.0,9,1,2026-09-14,2026-09-14,entry_not_reached
2026-09-08T09:02:16.917562-04:00,2026-09-04,v1.3.3,premarket,0.0,xnys,SNDK,v1.2.1,v1.3.1-shadow,v1.3.1-shadow,8142e595d788ac06,ndx-99-78834e47b659,healthy_pullback,healthy_pullback,5.0,ma60,1635.06,,buy_limit_zone,healthy_pullback,ma60,1635.06,1694.88,1635.06,1694.88,1455.6,3.0,40.0,intraday,initial_stop_or_d40_close,2026-09-08,pullback_limit_uses_ma60_anchor,8.0,11.0,3.0,0.0,1.0,1.15,available,neutral,15.510000228881836,-0.12,0.29,0.3434,0.0,v1.3.1-shadow,open,1,2026-09-10,1694.88,,,,0,,,0.4051,0.4268,-0.7969,,,,0.0,1.0,9,1,2026-09-10,,
2026-09-08T09:02:16.917562-04:00,2026-09-04,v1.3.3,premarket,0.0,xnys,CSX,v1.2.1,v1.3.1-shadow,v1.3.1-shadow,8142e595d788ac06,ndx-99-78834e47b659,consolidation_dip,consolidation_dip,10.0,ma60,49.43,,buy_stop_reclaim,consolidation_dip,ma60,49.43,49.43,49.43,50.17,47.21,5.0,40.0,intraday,initial_stop_or_d40_close,2026-09-08,price_below_ma60_wait_for_reclaim,11.0,11.0,0.0,0.0,0.0,0.14,available,neutral,15.510000228881836,-0.12,0.29,0.3434,0.0,v1.3.1-shadow,completed,1,2026-09-08,49.43,2026-09-18,47.21,initial_stop,0,-1.0,-1.0,,0.0991,-1.0946,,,,0.0,1.0,9,1,2026-09-14,2026-09-18,
2026-09-08T09:02:16.917562-04:00,2026-09-04,v1.3.3,premarket,0.0,xnys,AMD,v1.2.1,v1.3.1-shadow,v1.3.1-shadow,8142e595d788ac06,ndx-99-78834e47b659,healthy_pullback,healthy_pullback,5.0,ma20,475.2,,buy_limit_zone,healthy_pullback,ma20,475.2,484.41,475.2,484.41,447.58,3.0,40.0,intraday,initial_stop_or_d40_close,2026-09-08,pullback_limit_uses_ma20_anchor,8.0,11.0,3.0,0.0,1.0,1.88,available,neutral,15.510000228881836,-0.12,0.29,0.3434,0.0,v1.3.1-shadow,unfilled,0,,,,,,0,,,,,,,,,0.0,1.0,9,1,2026-09-10,2026-09-10,entry_not_reached
2026-09-08T09:02:16.917562-04:00,2026-09-04,v1.3.3,premarket,0.0,xnys,FTNT,v1.2.1,v1.3.1-shadow,v1.3.1-shadow,8142e595d788ac06,ndx-99-78834e47b659,consolidation_dip,consolidation_dip,10.0,ma60,156.74,,buy_stop_reclaim,consolidation_dip,ma60,156.74,156.74,156.74,160.02,146.9,5.0,40.0,intraday,initial_stop_or_d40_close,2026-09-08,price_below_ma60_wait_for_reclaim,11.0,11.0,0.0,0.0,0.0,-0.71,available,neutral,15.510000228881836,-0.12,0.29,0.3434,0.0,v1.3.1-shadow,open,1,2026-09-08,156.74,,,,0,,,1.3313,1.9675,-0.4817,,,,0.0,1.0,9,1,2026-09-14,,
2026-09-08T09:02:16.917562-04:00,2026-09-04,v1.3.3,premarket,0.0,xnys,GEHC,v1.2.1,v1.3.1-shadow,v1.3.1-shadow,8142e595d788ac06,ndx-99-78834e47b659,consolidation_dip,consolidation_dip,10.0,ma60,67.47,,buy_limit_zone,consolidation_dip,ma60,67.47,68.23,67.47,68.23,65.19,5.0,40.0,intraday,initial_stop_or_d40_close,2026-09-08,pullback_limit_inside_ma60_zone,10.0,10.0,0.0,0.0,0.0,-1.95,available,neutral,15.510000228881836,-0.12,0.29,0.3434,0.0,v1.3.1-shadow,completed,1,2026-09-08,67.95,2026-09-09,65.19,initial_stop,0,-1.0,-1.0,,0.0507,-1.058,,,,0.0,1.0,9,1,2026-09-14,2026-09-09,
2026-09-08T09:02:16.917562-04:00,2026-09-04,v1.3.3,premarket,0.0,xnys,PCAR,v1.2.1,v1.3.1-shadow,v1.3.1-shadow,8142e595d788ac06,ndx-99-78834e47b659,consolidation_dip,consolidation_dip,10.0,ma60,126.1,,buy_stop_reclaim,consolidation_dip,ma60,126.1,126.1,126.1,127.41,122.16,5.0,40.0,intraday,initial_stop_or_d40_close,2026-09-08,price_below_ma60_wait_for_reclaim,10.0,10.0,0.0,0.0,0.0,,stale_quote,neutral,15.510000228881836,-0.12,0.29,0.3434,0.0,v1.3.1-shadow,unfilled,0,,,,,,0,,,,,,,,,0.0,1.0,9,1,2026-09-14,2026-09-14,entry_not_reached
2026-09-08T09:02:16.917562-04:00,2026-09-04,v1.3.3,premarket,0.0,xnys,VRSK,v1.2.1,v1.3.1-shadow,v1.3.1-shadow,8142e595d788ac06,ndx-99-78834e47b659,consolidation_dip,consolidation_dip,10.0,ma60,188.39,,buy_stop_reclaim,consolidation_dip,ma60,188.39,188.39,188.39,191.42,179.3,5.0,40.0,intraday,initial_stop_or_d40_close,2026-09-08,price_below_ma60_wait_for_reclaim,10.0,10.0,0.0,0.0,0.0,,stale_quote,neutral,15.510000228881836,-0.12,0.29,0.3434,0.0,v1.3.1-shadow,unfilled,0,,,,,,0,,,,,,,,,0.0,1.0,9,1,2026-09-14,2026-09-14,entry_not_reached
2026-09-08T09:02:16.917562-04:00,2026-09-04,v1.3.3,premarket,0.0,xnys,ODFL,v1.2.1,v1.3.1-shadow,v1.3.1-shadow,8142e595d788ac06,ndx-99-78834e47b659,oversold_bounce,oversold_bounce,7.0,previous_high,187.71,,buy_stop_reclaim,oversold_bounce,previous_high,187.71,188.35,188.35,189.95,176.29,5.0,40.0,intraday,initial_stop_or_d40_close,2026-09-08,oversold_requires_break_above_signal_bar_high,8.0,8.0,0.0,0.0,0.0,1.14,available,neutral,15.510000228881836,-0.12,0.29,0.3434,0.0,v1.3.1-shadow,completed,1,2026-09-08,188.35,2026-09-16,173.02,gap_through_stop,0,-1.2711,-1.2711,,0.0464,-1.2711,,,,0.0,1.0,9,1,2026-09-14,2026-09-16,
2026-09-08T09:02:16.917562-04:00,2026-09-04,v1.3.3,premarket,0.0,xnys,ALNY,v1.2.1,v1.3.1-shadow,v1.3.1-shadow,8142e595d788ac06,ndx-99-78834e47b659,healthy_pullback,healthy_pullback,5.0,ma60,263.43,,buy_limit_zone,healthy_pullback,ma60,263.43,268.46,263.43,268.46,248.33,3.0,40.0,intraday,initial_stop_or_d40_close,2026-09-08,pullback_limit_uses_ma60_anchor,8.0,8.0,0.0,0.0,0.0,-4.72,available,neutral,15.510000228881836,-0.12,0.29,0.3434,0.0,v1.3.1-shadow,completed,1,2026-09-08,259.0,2026-09-10,248.33,initial_stop,0,-1.0,-1.0,,1.2259,-1.179,,,,0.0,1.0,9,1,2026-09-10,2026-09-10,
2026-09-08T09:02:16.917562-04:00,2026-09-04,v1.3.3,premarket,0.0,xnys,HON,v1.2.1,v1.3.1-shadow,v1.3.1-shadow,8142e595d788ac06,ndx-99-78834e47b659,oversold_bounce,oversold_bounce,8.0,previous_high,210.0,,buy_stop_reclaim,oversold_bounce,previous_high,210.0,210.5,210.5,211.76,202.05,5.0,40.0,intraday,initial_stop_or_d40_close,2026-09-08,oversold_requires_break_above_signal_bar_high,8.0,8.0,0.0,0.0,0.0,-0.64,available,neutral,15.510000228881836,-0.12,0.29,0.3434,0.0,v1.3.1-shadow,unfilled,0,,,,,,0,,,,,,,,,0.0,1.0,9,1,2026-09-14,2026-09-14,entry_not_reached
2026-09-08T09:02:16.917562-04:00,2026-09-04,v1.3.3,premarket,0.0,xnys,TTWO,v1.2.1,v1.3.1-shadow,v1.3.1-shadow,8142e595d788ac06,ndx-99-78834e47b659,oversold_bounce,oversold_bounce,7.0,previous_high,216.99,,buy_stop_reclaim,oversold_bounce,previous_high,216.99,217.8,217.8,219.83,202.53,5.0,40.0,intraday,initial_stop_or_d40_close,2026-09-08,oversold_requires_break_above_signal_bar_high,7.0,7.0,0.0,0.0,0.0,-0.07,available,neutral,15.510000228881836,-0.12,0.29,0.3434,0.0,v1.3.1-shadow,open,1,2026-09-10,217.8,,,,0,,,-0.8088,0.4231,-0.8258,,,,0.0,1.0,9,1,2026-09-14,,
2026-09-08T09:02:16.917562-04:00,2026-09-04,v1.3.3,premarket,0.0,xnys,MAR,v1.2.1,v1.3.1-shadow,v1.3.1-shadow,8142e595d788ac06,ndx-99-78834e47b659,oversold_bounce,oversold_bounce,7.0,previous_high,339.3,,buy_stop_reclaim,oversold_bounce,previous_high,339.3,340.31,340.31,342.83,321.37,5.0,40.0,intraday,initial_stop_or_d40_close,2026-09-08,oversold_requires_break_above_signal_bar_high,7.0,7.0,0.0,0.0,0.0,-0.05,available,neutral,15.510000228881836,-0.12,0.29,0.3434,0.0,v1.3.1-shadow,open,1,2026-09-14,340.31,,,,0,,,-0.0734,0.1056,-0.4366,,,,0.0,1.0,9,1,2026-09-14,,
2026-09-09T09:01:40.937896-04:00,2026-09-08,v1.3.3,premarket,0.0,xnys,MU,v1.2.1,v1.3.1-shadow,v1.3.1-shadow,8142e595d788ac06,ndx-99-78834e47b659,consolidation_dip,consolidation_dip,10.0,ma60,961.74,,buy_limit_zone,consolidation_dip,ma60,961.74,985.46,961.74,985.46,890.57,5.0,40.0,intraday,initial_stop_or_d40_close,2026-09-09,pullback_limit_inside_ma60_zone,13.0,16.0,3.0,0.0,0.0,-0.43,available,neutral,16.329999923706055,-0.3,-0.49,0.2828,0.0,v1.3.1-shadow,open,1,2026-09-10,985.46,,,,0,,,0.3197,0.3265,-0.8732,,,,0.0,1.0,8,1,2026-09-15,,
2026-09-09T09:01:40.937896-04:00,2026-09-08,v1.3.3,premarket,0.0,xnys,MRVL,v1.2.1,v1.3.1-shadow,v1.3.1-shadow,8142e595d788ac06,ndx-99-78834e47b659,consolidation_dip,consolidation_dip,10.0,ma60,231.16,,buy_stop_reclaim,consolidation_dip,ma60,231.16,231.16,231.16,238.49,209.17,5.0,40.0,intraday,initial_stop_or_d40_close,2026-09-09,price_below_ma60_wait_for_reclaim,11.0,14.0,3.0,0.0,0.0,-1.43,available,neutral,16.329999923706055,-0.3,-0.49,0.2828,0.0,v1.3.1-shadow,open,1,2026-09-09,231.16,,,,0,,,0.5953,0.7608,-0.7972,,,,0.0,1.0,8,1,2026-09-15,,
2026-09-09T09:01:40.937896-04:00,2026-09-08,v1.3.3,premarket,0.0,xnys,AMD,v1.2.1,v1.3.1-shadow,v1.3.1-shadow,8142e595d788ac06,ndx-99-78834e47b659,healthy_pullback,healthy_pullback,5.0,ma60,503.49,,buy_limit_zone,healthy_pullback,ma60,503.49,513.28,503.49,513.28,474.13,3.0,40.0,intraday,initial_stop_or_d40_close,2026-09-09,pullback_limit_uses_ma60_anchor,8.0,11.0,3.0,0.0,0.0,-1.09,available,neutral,16.329999923706055,-0.3,-0.49,0.2828,0.0,v1.3.1-shadow,open,1,2026-09-09,507.5,,,,0,,,1.5679,1.5706,-0.8142,,,,0.0,1.0,8,1,2026-09-11,,
2026-09-09T09:01:40.937896-04:00,2026-09-08,v1.3.3,premarket,0.0,xnys,AMZN,v1.2.1,v1.3.1-shadow,v1.3.1-shadow,8142e595d788ac06,ndx-99-78834e47b659,consolidation_dip,consolidation_dip,10.0,ma60,251.58,,buy_limit_zone,consolidation_dip,ma60,251.58,254.39,251.58,254.39,243.16,5.0,40.0,intraday,initial_stop_or_d40_close,2026-09-09,pullback_limit_inside_ma60_zone,11.0,11.0,0.0,0.0,0.0,-1.78,available,neutral,16.329999923706055,-0.3,-0.49,0.2828,0.0,v1.3.1-shadow,open,1,2026-09-09,253.12,,,,0,,,0.0592,0.4488,-0.8855,,,,0.0,1.0,8,1,2026-09-15,,
2026-09-09T09:01:40.937896-04:00,2026-09-08,v1.3.3,premarket,0.0,xnys,CSX,v1.2.1,v1.3.1-shadow,v1.3.1-shadow,8142e595d788ac06,ndx-99-78834e47b659,consolidation_dip,consolidation_dip,10.0,ma60,49.46,,buy_stop_reclaim,consolidation_dip,ma60,49.46,49.46,49.46,50.2,47.26,5.0,40.0,intraday,initial_stop_or_d40_close,2026-09-09,price_below_ma60_wait_for_reclaim,11.0,11.0,0.0,0.0,0.0,-0.51,available,neutral,16.329999923706055,-0.3,-0.49,0.2828,0.0,v1.3.1-shadow,completed,1,2026-09-10,49.46,2026-09-18,47.26,initial_stop,0,-1.0,-1.0,,0.0864,-1.1182,,,,0.0,1.0,8,1,2026-09-15,2026-09-18,
2026-09-09T09:01:40.937896-04:00,2026-09-08,v1.3.3,premarket,0.0,xnys,FTNT,v1.2.1,v1.3.1-shadow,v1.3.1-shadow,8142e595d788ac06,ndx-99-78834e47b659,consolidation_dip,consolidation_dip,10.0,ma60,156.94,,buy_limit_zone,consolidation_dip,ma60,156.94,160.27,156.94,160.27,146.96,5.0,40.0,intraday,initial_stop_or_d40_close,2026-09-09,pullback_limit_inside_ma60_zone,11.0,11.0,0.0,0.0,0.0,-1.06,available,neutral,16.329999923706055,-0.3,-0.49,0.2828,0.0,v1.3.1-shadow,open,1,2026-09-09,158.02,,,,0,,,1.0687,1.6347,-0.3635,,,,0.0,1.0,8,1,2026-09-15,,
2026-09-09T09:01:40.937896-04:00,2026-09-08,v1.3.3,premarket,0.0,xnys,STX,v1.2.1,v1.3.1-shadow,v1.3.1-shadow,8142e595d788ac06,ndx-99-78834e47b659,healthy_pullback,healthy_pullback,5.0,ma20,858.51,,buy_limit_zone,healthy_pullback,ma20,858.51,884.88,858.51,884.88,779.41,3.0,40.0,intraday,initial_stop_or_d40_close,2026-09-09,pullback_limit_uses_ma20_anchor,7.0,10.0,3.0,0.0,0.0,-1.15,available,neutral,16.329999923706055,-0.3,-0.49,0.2828,0.0,v1.3.1-shadow,completed,1,2026-09-10,860.56,2026-09-14,778.12,gap_through_stop,0,-1.0159,-1.0159,,0.2515,-1.1283,,,,0.0,1.0,8,1,2026-09-11,2026-09-14,
2026-09-09T09:01:40.937896-04:00,2026-09-08,v1.3.3,premarket,0.0,xnys,WDC,v1.2.1,v1.3.1-shadow,v1.3.1-shadow,8142e595d788ac06,ndx-99-78834e47b659,healthy_pullback,healthy_pullback,5.0,ma20,466.04,,buy_limit_zone,healthy_pullback,ma20,466.04,480.23,466.04,480.23,423.48,3.0,40.0,intraday,initial_stop_or_d40_close,2026-09-09,pullback_limit_uses_ma20_anchor,7.0,10.0,3.0,0.0,1.0,-1.11,available,neutral,16.329999923706055,-0.3,-0.49,0.2828,0.0,v1.3.1-shadow,completed,1,2026-09-09,474.64,2026-09-14,417.32,gap_through_stop,0,-1.1204,-1.1204,,0.4075,-1.1462,,,,0.0,1.0,8,1,2026-09-11,2026-09-14,
2026-09-09T09:01:40.937896-04:00,2026-09-08,v1.3.3,premarket,0.0,xnys,GEHC,v1.2.1,v1.3.1-shadow,v1.3.1-shadow,8142e595d788ac06,ndx-99-78834e47b659,consolidation_dip,consolidation_dip,10.0,ma60,67.51,,buy_stop_reclaim,consolidation_dip,ma60,67.51,67.51,67.51,68.3,65.14,5.0,40.0,intraday,initial_stop_or_d40_close,2026-09-09,price_below_ma60_wait_for_reclaim,10.0,10.0,0.0,0.0,0.0,0.17,available,neutral,16.329999923706055,-0.3,-0.49,0.2828,0.0,v1.3.1-shadow,unfilled,0,,,,,,0,,,,,,,,,0.0,1.0,8,1,2026-09-15,2026-09-15,entry_not_reached
2026-09-09T09:01:40.937896-04:00,2026-09-08,v1.3.3,premarket,0.0,xnys,PYPL,v1.2.1,v1.3.1-shadow,v1.3.1-shadow,8142e595d788ac06,ndx-99-78834e47b659,consolidation_dip,consolidation_dip,10.0,ma60,52.97,,buy_limit_zone,consolidation_dip,ma60,52.97,54.0,52.97,54.0,49.89,5.0,40.0,intraday,initial_stop_or_d40_close,2026-09-09,pullback_limit_inside_ma60_zone,10.0,10.0,0.0,0.0,0.0,0.32,available,neutral,16.329999923706055,-0.3,-0.49,0.2828,0.0,v1.3.1-shadow,open,1,2026-09-09,52.99,,,,0,,,-0.1871,0.5194,-0.7058,,,,0.0,1.0,8,1,2026-09-15,,
2026-09-09T09:01:40.937896-04:00,2026-09-08,v1.3.3,premarket,0.0,xnys,LRCX,v1.2.1,v1.3.1-shadow,v1.3.1-shadow,8142e595d788ac06,ndx-99-78834e47b659,healthy_pullback,healthy_pullback,5.0,ma20,313.46,,buy_limit_zone,healthy_pullback,ma20,313.46,320.5,313.46,320.5,292.33,3.0,40.0,intraday,initial_stop_or_d40_close,2026-09-09,pullback_limit_uses_ma20_anchor,6.0,9.0,3.0,1.0,0.0,-0.76,available,neutral,16.329999923706055,-0.3,-0.49,0.2828,0.0,v1.3.1-shadow,completed,1,2026-09-09,319.26,2026-09-14,275.0,gap_through_stop,0,-1.6435,-1.6435,,0.1095,-1.7089,,,,0.0,1.0,8,1,2026-09-11,2026-09-14,
2026-09-09T09:01:40.937896-04:00,2026-09-08,v1.3.3,premarket,0.0,xnys,ASML,v1.2.1,v1.3.1-shadow,v1.3.1-shadow,8142e595d788ac06,ndx-99-78834e47b659,healthy_pullback,healthy_pullback,5.0,ma20,1754.19,,buy_limit_zone,healthy_pullback,ma20,1754.19,1779.16,1754.19,1779.16,1679.27,3.0,40.0,intraday,initial_stop_or_d40_close,2026-09-09,pullback_limit_uses_ma20_anchor,6.0,9.0,3.0,1.0,0.0,-2.37,available,neutral,16.329999923706055,-0.3,-0.49,0.2828,0.0,v1.3.1-shadow,completed,1,2026-09-09,1727.72,2026-09-14,1594.21,gap_through_stop,0,-2.7556,-2.7556,,0.4782,-3.1967,,,,0.0,1.0,8,1,2026-09-11,2026-09-14,
2026-09-09T09:01:40.937896-04:00,2026-09-08,v1.3.3,premarket,0.0,xnys,ODFL,v1.2.1,v1.3.1-shadow,v1.3.1-shadow,8142e595d788ac06,ndx-99-78834e47b659,oversold_bounce,oversold_bounce,7.0,previous_high,188.91,,buy_stop_reclaim,oversold_bounce,previous_high,188.91,189.52,189.52,191.05,177.83,5.0,40.0,intraday,initial_stop_or_d40_close,2026-09-09,oversold_requires_break_above_signal_bar_high,8.0,8.0,0.0,0.0,0.0,0.02,available,neutral,16.329999923706055,-0.3,-0.49,0.2828,0.0,v1.3.1-shadow,unfilled,0,,,,,,0,,,,,,,,,0.0,1.0,8,1,2026-09-15,2026-09-15,entry_not_reached
2026-09-09T09:01:40.937896-04:00,2026-09-08,v1.3.3,premarket,0.0,xnys,TSLA,v1.2.1,v1.3.1-shadow,v1.3.1-shadow,8142e595d788ac06,ndx-99-78834e47b659,healthy_pullback,healthy_pullback,5.0,ma60,363.7,,buy_limit_zone,healthy_pullback,ma60,363.7,371.3,363.7,371.3,340.91,3.0,40.0,intraday,initial_stop_or_d40_close,2026-09-09,pullback_limit_uses_ma60_anchor,6.0,6.0,0.0,0.0,0.0,-1.05,available,neutral,16.329999923706055,-0.3,-0.49,0.2828,0.0,v1.3.1-shadow,open,1,2026-09-09,368.25,,,,0,,,-0.1456,0.263,-0.5194,,,,0.0,1.0,8,1,2026-09-11,,
2026-09-09T09:01:40.937896-04:00,2026-09-08,v1.3.3,premarket,0.0,xnys,MDLZ,v1.2.1,v1.3.1-shadow,v1.3.1-shadow,8142e595d788ac06,ndx-99-78834e47b659,healthy_pullback,healthy_pullback,5.0,ma60,61.39,,buy_limit_zone,healthy_pullback,ma60,61.39,62.31,61.39,62.31,58.62,3.0,40.0,intraday,initial_stop_or_d40_close,2026-09-09,pullback_limit_uses_ma60_anchor,5.0,5.0,0.0,0.0,0.0,-0.34,available,neutral,16.329999923706055,-0.3,-0.49,0.2828,0.0,v1.3.1-shadow,open,1,2026-09-09,61.11,,,,0,,,-0.1044,1.0924,-0.249,,,,0.0,1.0,8,1,2026-09-11,,
2026-09-09T09:01:40.937896-04:00,2026-09-08,v1.3.3,premarket,0.0,xnys,AEP,v1.2.1,v1.3.1-shadow,v1.3.1-shadow,8142e595d788ac06,ndx-99-78834e47b659,healthy_pullback,healthy_pullback,5.0,ma20,124.09,,buy_limit_zone,healthy_pullback,ma20,124.09,125.97,124.09,125.97,118.45,3.0,40.0,intraday,initial_stop_or_d40_close,2026-09-09,pullback_limit_uses_ma20_anchor,5.0,5.0,0.0,0.0,0.0,0.06,available,neutral,16.329999923706055,-0.3,-0.49,0.2828,0.0,v1.3.1-shadow,open,1,2026-09-09,125.45,,,,0,,,-0.7786,0.1029,-0.82,,,,0.0,1.0,8,1,2026-09-11,,
2026-09-09T09:01:40.937896-04:00,2026-09-08,v1.3.3,premarket,0.0,xnys,TMUS,v1.2.1,v1.3.1-shadow,v1.3.1-shadow,8142e595d788ac06,ndx-99-78834e47b659,healthy_pullback,healthy_pullback,5.0,ma20,181.09,,buy_limit_zone,healthy_pullback,ma20,181.09,183.16,181.09,183.16,174.88,3.0,40.0,intraday,initial_stop_or_d40_close,2026-09-09,pullback_limit_uses_ma20_anchor,5.0,5.0,0.0,0.0,0.0,0.17,available,neutral,16.329999923706055,-0.3,-0.49,0.2828,0.0,v1.3.1-shadow,completed,1,2026-09-09,180.66,2026-09-10,174.88,initial_stop,0,-1.0,-1.0,,0.0761,-1.0398,,,,0.0,1.0,8,1,2026-09-11,2026-09-10,
2026-09-10T09:01:34.386592-04:00,2026-09-09,v1.3.3,premarket,0.0,xnys,AMD,v1.2.1,v1.3.1-shadow,v1.3.1-shadow,8142e595d788ac06,ndx-99-78834e47b659,consolidation_dip,consolidation_dip,10.0,ma60,503.65,,buy_limit_zone,consolidation_dip,ma60,503.65,513.68,503.65,513.68,473.55,5.0,40.0,intraday,initial_stop_or_d40_close,2026-09-10,pullback_limit_inside_ma60_zone,13.0,16.0,3.0,0.0,0.0,-2.64,available,bear,17.709999084472656,-0.53,-1.32,0.2323,1.0,v1.3.1-shadow,open,1,2026-09-10,509.07,,,,0,,,1.4288,1.4313,-0.8091,,,,0.0,1.0,7,1,2026-09-16,,
2026-09-10T09:01:34.386592-04:00,2026-09-09,v1.3.3,premarket,0.0,xnys,PANW,v1.2.1,v1.3.1-shadow,v1.3.1-shadow,8142e595d788ac06,ndx-99-78834e47b659,consolidation_dip,consolidation_dip,10.0,ma60,340.46,,buy_stop_reclaim,consolidation_dip,ma60,340.46,340.46,340.46,349.47,313.43,5.0,40.0,intraday,initial_stop_or_d40_close,2026-09-10,price_below_ma60_wait_for_reclaim,12.0,15.0,3.0,0.0,0.0,-1.74,available,bear,17.709999084472656,-0.53,-1.32,0.2323,1.0,v1.3.1-shadow,open,1,2026-09-10,340.46,,,,0,,,0.8553,1.5782,-0.4961,,,,0.0,1.0,7,1,2026-09-16,,
2026-09-10T09:01:34.386592-04:00,2026-09-09,v1.3.3,premarket,0.0,xnys,MRVL,v1.2.1,v1.3.1-shadow,v1.3.1-shadow,8142e595d788ac06,ndx-99-78834e47b659,consolidation_dip,consolidation_dip,10.0,ma60,230.42,,buy_limit_zone,consolidation_dip,ma60,230.42,238.03,230.42,238.03,207.58,5.0,40.0,intraday,initial_stop_or_d40_close,2026-09-10,pullback_limit_inside_ma60_zone,11.0,14.0,3.0,0.0,0.0,-4.08,available,bear,17.709999084472656,-0.53,-1.32,0.2323,1.0,v1.3.1-shadow,open,1,2026-09-10,228.03,,,,0,,,0.7932,0.9711,-0.7042,,,,0.0,1.0,7,1,2026-09-16,,
2026-09-10T09:01:34.386592-04:00,2026-09-09,v1.3.3,premarket,0.0,xnys,INTU,v1.2.1,v1.3.1-shadow,v1.3.1-shadow,8142e595d788ac06,ndx-99-78834e47b659,consolidation_dip,consolidation_dip,10.0,ma60,308.83,,buy_limit_zone,consolidation_dip,ma60,308.83,316.81,308.83,316.81,284.9,5.0,40.0,intraday,initial_stop_or_d40_close,2026-09-10,pullback_limit_inside_ma60_zone,11.0,14.0,3.0,0.0,0.0,-0.62,available,bear,17.709999084472656,-0.53,-1.32,0.2323,1.0,v1.3.1-shadow,open,1,2026-09-10,314.03,,,,0,,,-0.3721,0.9708,-0.4586,,,,0.0,1.0,7,1,2026-09-16,,
2026-09-10T09:01:34.386592-04:00,2026-09-09,v1.3.3,premarket,0.0,xnys,CRWD,v1.2.1,v1.3.1-shadow,v1.3.1-shadow,8142e595d788ac06,ndx-99-78834e47b659,consolidation_dip,consolidation_dip,10.0,ma60,197.01,,buy_limit_zone,consolidation_dip,ma60,197.01,203.0,197.01,203.0,179.04,5.0,40.0,intraday,initial_stop_or_d40_close,2026-09-10,pullback_limit_inside_ma60_zone,11.0,14.0,3.0,0.0,0.0,-1.89,available,bear,17.709999084472656,-0.53,-1.32,0.2323,1.0,v1.3.1-shadow,unfilled,0,,,,,,0,,,,,,,,,0.0,1.0,7,1,2026-09-16,2026-09-16,entry_not_reached
2026-09-10T09:01:34.386592-04:00,2026-09-09,v1.3.3,premarket,0.0,xnys,FTNT,v1.2.1,v1.3.1-shadow,v1.3.1-shadow,8142e595d788ac06,ndx-99-78834e47b659,consolidation_dip,consolidation_dip,10.0,ma60,157.13,,buy_limit_zone,consolidation_dip,ma60,157.13,160.36,157.13,160.36,147.45,5.0,40.0,intraday,initial_stop_or_d40_close,2026-09-10,pullback_limit_inside_ma60_zone,11.0,14.0,3.0,0.0,0.0,-1.31,available,bear,17.709999084472656,-0.53,-1.32,0.2323,1.0,v1.3.1-shadow,open,1,2026-09-10,155.43,,,,0,,,1.8058,2.5902,-0.1792,,,,0.0,1.0,7,1,2026-09-16,,
2026-09-10T09:01:34.386592-04:00,2026-09-09,v1.3.3,premarket,0.0,xnys,CDNS,v1.2.1,v1.3.1-shadow,v1.3.1-shadow,8142e595d788ac06,ndx-99-78834e47b659,oversold_bounce,oversold_bounce,7.0,previous_high,287.76,,buy_stop_reclaim,oversold_bounce,previous_high,287.76,288.86,288.86,291.62,268.06,5.0,40.0,intraday,initial_stop_or_d40_close,2026-09-10,oversold_requires_break_above_signal_bar_high,8.0,11.0,3.0,0.0,1.0,-0.23,available,bear,17.709999084472656,-0.53,-1.32,0.2323,1.0,v1.3.1-shadow,open,1,2026-09-10,288.86,,,,0,,,-0.2865,0.2183,-0.7591,,,,0.0,1.0,7,1,2026-09-16,,
2026-09-10T09:01:34.386592-04:00,2026-09-09,v1.3.3,premarket,0.0,xnys,TSLA,v1.2.1,v1.3.1-shadow,v1.3.1-shadow,8142e595d788ac06,ndx-99-78834e47b659,consolidation_dip,consolidation_dip,10.0,ma60,363.06,,buy_limit_zone,consolidation_dip,ma60,363.06,370.49,363.06,370.49,340.76,5.0,40.0,intraday,initial_stop_or_d40_close,2026-09-10,pullback_limit_inside_ma60_zone,11.0,11.0,0.0,0.0,0.0,-2.0,available,bear,17.709999084472656,-0.53,-1.32,0.2323,1.0,v1.3.1-shadow,open,1,2026-09-10,360.6,,,,0,,,0.185,0.6815,-0.3301,,,,0.0,1.0,7,1,2026-09-16,,
2026-09-10T09:01:34.386592-04:00,2026-09-09,v1.3.3,premarket,0.0,xnys,ASML,v1.2.1,v1.3.1-shadow,v1.3.1-shadow,8142e595d788ac06,ndx-99-78834e47b659,consolidation_dip,consolidation_dip,10.0,ma60,1763.44,,buy_stop_reclaim,consolidation_dip,ma60,1763.44,1763.44,1763.44,1788.23,1689.06,5.0,40.0,intraday,initial_stop_or_d40_close,2026-09-10,price_below_ma60_wait_for_reclaim,11.0,11.0,0.0,0.0,0.0,-2.54,available,bear,17.709999084472656,-0.53,-1.32,0.2323,1.0,v1.3.1-shadow,unfilled,0,,,,,,0,,,,,,,,,0.0,1.0,7,1,2026-09-16,2026-09-16,entry_not_reached
2026-09-10T09:01:34.386592-04:00,2026-09-09,v1.3.3,premarket,0.0,xnys,NFLX,v1.2.1,v1.3.1-shadow,v1.3.1-shadow,8142e595d788ac06,ndx-99-78834e47b659,consolidation_dip,consolidation_dip,10.0,ma60,75.47,,buy_limit_zone,consolidation_dip,ma60,75.47,76.6,75.47,76.6,72.09,5.0,40.0,intraday,initial_stop_or_d40_close,2026-09-10,pullback_limit_inside_ma60_zone,11.0,11.0,0.0,0.0,0.0,-0.46,available,bear,17.709999084472656,-0.53,-1.32,0.2323,1.0,v1.3.1-shadow,completed,1,2026-09-10,75.33,2026-09-18,71.27,gap_through_stop,0,-1.2531,-1.2531,,1.7562,-1.6111,,,,0.0,1.0,7,1,2026-09-16,2026-09-18,
2026-09-10T09:01:34.386592-04:00,2026-09-09,v1.3.3,premarket,0.0,xnys,TRI,v1.2.1,v1.3.1-shadow,v1.3.1-shadow,8142e595d788ac06,ndx-99-78834e47b659,consolidation_dip,consolidation_dip,10.0,ma60,95.31,,buy_limit_zone,consolidation_dip,ma60,95.31,97.49,95.31,97.49,88.78,5.0,40.0,intraday,initial_stop_or_d40_close,2026-09-10,pullback_limit_inside_ma60_zone,10.0,10.0,0.0,0.0,0.0,,stale_quote,bear,17.709999084472656,-0.53,-1.32,0.2323,1.0,v1.3.1-shadow,open,1,2026-09-10,96.98,,,,0,,,-0.3159,1.1159,-0.3866,,,,0.0,1.0,7,1,2026-09-16,,
2026-09-10T09:01:34.386592-04:00,2026-09-09,v1.3.3,premarket,0.0,xnys,TMUS,v1.2.1,v1.3.1-shadow,v1.3.1-shadow,8142e595d788ac06,ndx-99-78834e47b659,consolidation_dip,consolidation_dip,10.0,ma60,180.65,,buy_stop_reclaim,consolidation_dip,ma60,180.65,180.65,180.65,182.77,174.29,5.0,40.0,intraday,initial_stop_or_d40_close,2026-09-10,price_below_ma60_wait_for_reclaim,10.0,10.0,0.0,0.0,0.0,0.43,available,bear,17.709999084472656,-0.53,-1.32,0.2323,1.0,v1.3.1-shadow,completed,1,2026-09-11,180.65,2026-09-16,174.29,initial_stop,0,-1.0,-1.0,,0.7752,-1.1761,,,,0.0,1.0,7,1,2026-09-16,2026-09-16,
2026-09-10T09:01:34.386592-04:00,2026-09-09,v1.3.3,premarket,0.0,xnys,PYPL,v1.2.1,v1.3.1-shadow,v1.3.1-shadow,8142e595d788ac06,ndx-99-78834e47b659,consolidation_dip,consolidation_dip,10.0,ma60,53.14,,buy_stop_reclaim,consolidation_dip,ma60,53.14,53.14,53.14,54.15,50.12,5.0,40.0,intraday,initial_stop_or_d40_close,2026-09-10,price_below_ma60_wait_for_reclaim,10.0,10.0,0.0,0.0,0.0,-1.32,available,bear,17.709999084472656,-0.53,-1.32,0.2323,1.0,v1.3.1-shadow,open,1,2026-09-10,53.14,,,,0,,,-0.2417,0.4834,-0.7742,,,,0.0,1.0,7,1,2026-09-16,,
2026-09-10T09:01:34.386592-04:00,2026-09-09,v1.3.3,premarket,0.0,xnys,INTC,v1.2.1,v1.3.1-shadow,v1.3.1-shadow,8142e595d788ac06,ndx-99-78834e47b659,healthy_pullback,healthy_pullback,5.0,ma60,104.65,,buy_limit_zone,healthy_pullback,ma60,104.65,107.05,104.65,107.05,97.45,3.0,40.0,intraday,initial_stop_or_d40_close,2026-09-10,pullback_limit_uses_ma60_anchor,6.0,9.0,3.0,1.0,0.0,-3.99,available,bear,17.709999084472656,-0.53,-1.32,0.2323,1.0,v1.3.1-shadow,completed,1,2026-09-10,102.45,2026-09-14,95.82,gap_through_stop,0,-1.326,-1.326,,0.49,-1.586,,,,0.0,1.0,7,1,2026-09-14,2026-09-14,
2026-09-10T09:01:34.386592-04:00,2026-09-09,v1.3.3,premarket,0.0,xnys,MAR,v1.2.1,v1.3.1-shadow,v1.3.1-shadow,8142e595d788ac06,ndx-99-78834e47b659,oversold_bounce,oversold_bounce,7.0,previous_high,332.25,,buy_stop_reclaim,oversold_bounce,previous_high,332.25,332.95,332.95,334.7,320.21,5.0,40.0,intraday,initial_stop_or_d40_close,2026-09-10,oversold_requires_break_above_signal_bar_high,7.0,7.0,0.0,0.0,0.0,-0.84,available,bear,17.709999084472656,-0.53,-1.32,0.2323,1.0,v1.3.1-shadow,open,1,2026-09-10,332.95,,,,0,,,0.4686,0.7347,-0.3414,,,,0.0,1.0,7,1,2026-09-16,,
2026-09-10T09:01:34.386592-04:00,2026-09-09,v1.3.3,premarket,0.0,xnys,MDLZ,v1.2.1,v1.3.1-shadow,v1.3.1-shadow,8142e595d788ac06,ndx-99-78834e47b659,healthy_pullback,healthy_pullback,5.0,ma60,61.39,,buy_limit_zone,healthy_pullback,ma60,61.39,62.33,61.39,62.33,58.58,3.0,40.0,intraday,initial_stop_or_d40_close,2026-09-10,pullback_limit_uses_ma60_anchor,5.0,5.0,0.0,0.0,0.0,0.69,available,bear,17.709999084472656,-0.53,-1.32,0.2323,1.0,v1.3.1-shadow,open,1,2026-09-10,62.33,,,,0,,,-0.3947,0.4,-0.4907,,,,0.0,1.0,7,1,2026-09-14,,
2026-09-11T09:01:49.464458-04:00,2026-09-10,v1.3.3,premarket,0.0,xnys,SNDK,v1.2.1,v1.3.1-shadow,v1.3.1-shadow,8142e595d788ac06,ndx-99-78834e47b659,consolidation_dip,consolidation_dip,10.0,ma60,1622.15,,buy_limit_zone,consolidation_dip,ma60,1622.15,1676.15,1622.15,1676.15,1460.14,5.0,40.0,intraday,initial_stop_or_d40_close,2026-09-11,pullback_limit_inside_ma60_zone,13.0,16.0,3.0,0.0,0.0,1.93,available,bull,16.600000381469727,1.14,1.24,0.202,1.0,v1.3.1-shadow,open,1,2026-09-11,1676.15,,,,0,,,0.5355,0.5595,-0.796,,,,0.0,1.0,6,1,2026-09-17,,
2026-09-11T09:01:49.464458-04:00,2026-09-10,v1.3.3,premarket,0.0,xnys,MU,v1.2.1,v1.3.1-shadow,v1.3.1-shadow,8142e595d788ac06,ndx-99-78834e47b659,consolidation_dip,consolidation_dip,10.0,ma60,960.68,,buy_limit_zone,consolidation_dip,ma60,960.68,984.32,960.68,984.32,889.77,5.0,40.0,intraday,initial_stop_or_d40_close,2026-09-11,pullback_limit_inside_ma60_zone,13.0,16.0,3.0,0.0,0.0,1.8,available,bull,16.600000381469727,1.14,1.24,0.202,1.0,v1.3.1-shadow,open,1,2026-09-11,984.32,,,,0,,,0.3329,0.3397,-0.8643,,,,0.0,1.0,6,1,2026-09-17,,
2026-09-11T09:01:49.464458-04:00,2026-09-10,v1.3.3,premarket,0.0,xnys,AMD,v1.2.1,v1.3.1-shadow,v1.3.1-shadow,8142e595d788ac06,ndx-99-78834e47b659,consolidation_dip,consolidation_dip,10.0,ma60,502.92,,buy_limit_zone,consolidation_dip,ma60,502.92,512.94,502.92,512.94,472.86,5.0,40.0,intraday,initial_stop_or_d40_close,2026-09-11,pullback_limit_inside_ma60_zone,13.0,16.0,3.0,0.0,0.0,1.99,available,bull,16.600000381469727,1.14,1.24,0.202,1.0,v1.3.1-shadow,open,1,2026-09-11,510.71,,,,0,,,1.2975,1.2999,-0.8026,,,,0.0,1.0,6,1,2026-09-17,,
2026-09-11T09:01:49.464458-04:00,2026-09-10,v1.3.3,premarket,0.0,xnys,PANW,v1.2.1,v1.3.1-shadow,v1.3.1-shadow,8142e595d788ac06,ndx-99-78834e47b659,consolidation_dip,consolidation_dip,10.0,ma60,341.35,,buy_stop_reclaim,consolidation_dip,ma60,341.35,341.35,341.35,350.42,314.15,5.0,40.0,intraday,initial_stop_or_d40_close,2026-09-11,price_below_ma60_wait_for_reclaim,12.0,15.0,3.0,0.0,0.0,0.52,available,bull,16.600000381469727,1.14,1.24,0.202,1.0,v1.3.1-shadow,open,1,2026-09-14,346.49,,,,0,,,0.5284,1.1327,-0.1929,,,,0.0,1.0,6,1,2026-09-17,,
2026-09-11T09:01:49.464458-04:00,2026-09-10,v1.3.3,premarket,0.0,xnys,CRWD,v1.2.1,v1.3.1-shadow,v1.3.1-shadow,8142e595d788ac06,ndx-99-78834e47b659,consolidation_dip,consolidation_dip,10.0,ma60,197.6,,buy_limit_zone,consolidation_dip,ma60,197.6,203.7,197.6,203.7,179.3,5.0,40.0,intraday,initial_stop_or_d40_close,2026-09-11,pullback_limit_inside_ma60_zone,11.0,14.0,3.0,0.0,0.0,0.83,available,bull,16.600000381469727,1.14,1.24,0.202,1.0,v1.3.1-shadow,unfilled,0,,,,,,0,,,,,,,,,0.0,1.0,6,1,2026-09-17,2026-09-17,entry_not_reached
2026-09-11T09:01:49.464458-04:00,2026-09-10,v1.3.3,premarket,0.0,xnys,INTU,v1.2.1,v1.3.1-shadow,v1.3.1-shadow,8142e595d788ac06,ndx-99-78834e47b659,consolidation_dip,consolidation_dip,10.0,ma60,309.37,,buy_limit_zone,consolidation_dip,ma60,309.37,316.85,309.37,316.85,286.93,5.0,40.0,intraday,initial_stop_or_d40_close,2026-09-11,pullback_limit_inside_ma60_zone,11.0,14.0,3.0,0.0,0.0,0.6,available,bull,16.600000381469727,1.14,1.24,0.202,1.0,v1.3.1-shadow,open,1,2026-09-11,313.02,,,,0,,,-0.3768,1.1227,-0.4734,,,,0.0,1.0,6,1,2026-09-17,,
2026-09-11T09:01:49.464458-04:00,2026-09-10,v1.3.3,premarket,0.0,xnys,FTNT,v1.2.1,v1.3.1-shadow,v1.3.1-shadow,8142e595d788ac06,ndx-99-78834e47b659,consolidation_dip,consolidation_dip,10.0,ma60,157.28,,buy_limit_zone,consolidation_dip,ma60,157.28,160.59,157.28,160.59,147.34,5.0,40.0,intraday,initial_stop_or_d40_close,2026-09-11,pullback_limit_inside_ma60_zone,11.0,14.0,3.0,0.0,0.0,0.4,available,bull,16.600000381469727,1.14,1.24,0.202,1.0,v1.3.1-shadow,open,1,2026-09-11,158.4,,,,0,,,1.0344,1.6004,-0.2911,,,,0.0,1.0,6,1,2026-09-17,,
2026-09-11T09:01:49.464458-04:00,2026-09-10,v1.3.3,premarket,0.0,xnys,AMZN,v1.2.1,v1.3.1-shadow,v1.3.1-shadow,8142e595d788ac06,ndx-99-78834e47b659,consolidation_dip,consolidation_dip,10.0,ma60,251.91,,buy_stop_reclaim,consolidation_dip,ma60,251.91,251.91,251.91,254.68,243.59,5.0,40.0,intraday,initial_stop_or_d40_close,2026-09-11,price_below_ma60_wait_for_reclaim,11.0,14.0,3.0,0.0,1.0,1.19,available,bull,16.600000381469727,1.14,1.24,0.202,1.0,v1.3.1-shadow,open,1,2026-09-11,254.09,,,,0,,,-0.0362,0.3333,-0.9324,,,,0.0,1.0,6,1,2026-09-17,,
2026-09-11T09:01:49.464458-04:00,2026-09-10,v1.3.3,premarket,0.0,xnys,NFLX,v1.2.1,v1.3.1-shadow,v1.3.1-shadow,8142e595d788ac06,ndx-99-78834e47b659,consolidation_dip,consolidation_dip,10.0,ma60,75.37,,buy_limit_zone,consolidation_dip,ma60,75.37,76.44,75.37,76.44,72.16,5.0,40.0,intraday,initial_stop_or_d40_close,2026-09-11,pullback_limit_inside_ma60_zone,11.0,14.0,3.0,0.0,1.0,0.56,available,bull,16.600000381469727,1.14,1.24,0.202,1.0,v1.3.1-shadow,completed,1,2026-09-11,76.44,2026-09-18,71.27,gap_through_stop,0,-1.2079,-1.2079,,1.0701,-1.479,,,,0.0,1.0,6,1,2026-09-17,2026-09-18,
2026-09-11T09:01:49.464458-04:00,2026-09-10,v1.3.3,premarket,0.0,xnys,MRVL,v1.2.1,v1.3.1-shadow,v1.3.1-shadow,8142e595d788ac06,ndx-99-78834e47b659,consolidation_dip,consolidation_dip,10.0,ma60,229.05,,buy_stop_reclaim,consolidation_dip,ma60,229.05,229.05,229.05,236.49,206.73,5.0,40.0,intraday,initial_stop_or_d40_close,2026-09-11,price_below_ma60_wait_for_reclaim,11.0,14.0,3.0,0.0,1.0,2.77,available,bull,16.600000381469727,1.14,1.24,0.202,1.0,v1.3.1-shadow,open,1,2026-09-11,234.63,,,,0,,,0.3448,0.4753,-0.7527,,,,0.0,1.0,6,1,2026-09-17,,
2026-09-11T09:01:49.464458-04:00,2026-09-10,v1.3.3,premarket,0.0,xnys,CDNS,v1.2.1,v1.3.1-shadow,v1.3.1-shadow,8142e595d788ac06,ndx-99-78834e47b659,oversold_bounce,oversold_bounce,7.0,previous_high,289.14,,buy_stop_reclaim,oversold_bounce,previous_high,289.14,290.23,290.23,292.96,268.59,5.0,40.0,intraday,initial_stop_or_d40_close,2026-09-11,oversold_requires_break_above_signal_bar_high,8.0,11.0,3.0,0.0,0.0,0.69,available,bull,16.600000381469727,1.14,1.24,0.202,1.0,v1.3.1-shadow,open,1,2026-09-11,290.23,,,,0,,,-0.3387,0.1465,-0.793,,,,0.0,1.0,6,1,2026-09-17,,
2026-09-11T09:01:49.464458-04:00,2026-09-10,v1.3.3,premarket,0.0,xnys,PAYX,v1.2.1,v1.3.1-shadow,v1.3.1-shadow,8142e595d788ac06,ndx-99-78834e47b659,consolidation_dip,consolidation_dip,10.0,ma60,113.63,,buy_limit_zone,consolidation_dip,ma60,113.63,115.08,113.63,115.08,109.28,5.0,40.0,intraday,initial_stop_or_d40_close,2026-09-11,pullback_limit_inside_ma60_zone,11.0,11.0,0.0,0.0,0.0,6.0,available,bull,16.600000381469727,1.14,1.24,0.202,1.0,v1.3.1-shadow,open,1,2026-09-11,115.03,,,,0,,,0.193,0.7965,-0.0417,,,,0.0,1.0,6,1,2026-09-17,,
2026-09-11T09:01:49.464458-04:00,2026-09-10,v1.3.3,premarket,0.0,xnys,VRTX,v1.2.1,v1.3.1-shadow,v1.3.1-shadow,8142e595d788ac06,ndx-99-78834e47b659,consolidation_dip,consolidation_dip,10.0,ma60,504.29,,buy_limit_zone,consolidation_dip,ma60,504.29,510.71,504.29,510.71,485.04,5.0,40.0,intraday,initial_stop_or_d40_close,2026-09-11,pullback_limit_inside_ma60_zone,11.0,11.0,0.0,0.0,0.0,0.9,available,bull,16.600000381469727,1.14,1.24,0.202,1.0,v1.3.1-shadow,open,1,2026-09-17,510.71,,,,0,,,-0.0923,0.3257,-0.222,,,,0.0,1.0,6,1,2026-09-17,,
2026-09-11T09:01:49.464458-04:00,2026-09-10,v1.3.3,premarket,0.0,xnys,TSLA,v1.2.1,v1.3.1-shadow,v1.3.1-shadow,8142e595d788ac06,ndx-99-78834e47b659,consolidation_dip,consolidation_dip,10.0,ma60,362.26,,buy_limit_zone,consolidation_dip,ma60,362.26,369.51,362.26,369.51,340.51,5.0,40.0,intraday,initial_stop_or_d40_close,2026-09-11,pullback_limit_inside_ma60_zone,11.0,11.0,0.0,0.0,0.0,0.49,available,bull,16.600000381469727,1.14,1.24,0.202,1.0,v1.3.1-shadow,open,1,2026-09-11,364.2,,,,0,,,0.003,0.4187,-0.4285,,,,0.0,1.0,6,1,2026-09-17,,
2026-09-11T09:01:49.464458-04:00,2026-09-10,v1.3.3,premarket,0.0,xnys,MELI,v1.2.1,v1.3.1-shadow,v1.3.1-shadow,8142e595d788ac06,ndx-99-78834e47b659,healthy_pullback,healthy_pullback,5.0,ma60,1833.09,,buy_limit_zone,healthy_pullback,ma60,1833.09,1867.06,1833.09,1867.06,1731.18,3.0,40.0,intraday,initial_stop_or_d40_close,2026-09-11,pullback_limit_uses_ma60_anchor,7.0,10.0,3.0,0.0,0.0,0.79,available,bull,16.600000381469727,1.14,1.24,0.202,1.0,v1.3.1-shadow,open,1,2026-09-15,1867.06,,,,0,,,-0.5863,0.142,-0.6023,,,,0.0,1.0,6,1,2026-09-15,,
2026-09-11T09:01:49.464458-04:00,2026-09-10,v1.3.3,premarket,0.0,xnys,BKNG,v1.2.1,v1.3.1-shadow,v1.3.1-shadow,8142e595d788ac06,ndx-99-78834e47b659,oversold_bounce,oversold_bounce,7.0,previous_high,176.91,,buy_stop_reclaim,oversold_bounce,previous_high,176.91,177.59,177.59,179.3,164.1,5.0,40.0,intraday,initial_stop_or_d40_close,2026-09-11,oversold_requires_break_above_signal_bar_high,7.0,10.0,3.0,0.0,0.0,1.39,available,bull,16.600000381469727,1.14,1.24,0.202,1.0,v1.3.1-shadow,open,1,2026-09-14,177.59,,,,0,,,-0.7183,0.3269,-0.7924,,,,0.0,1.0,6,1,2026-09-17,,
2026-09-11T09:01:49.464458-04:00,2026-09-10,v1.3.3,premarket,0.0,xnys,DASH,v1.2.1,v1.3.1-shadow,v1.3.1-shadow,8142e595d788ac06,ndx-99-78834e47b659,healthy_pullback,healthy_pullback,5.0,ma60,199.8,,buy_limit_zone,healthy_pullback,ma60,199.8,203.92,199.8,203.92,187.43,3.0,40.0,intraday,initial_stop_or_d40_close,2026-09-11,pullback_limit_uses_ma60_anchor,7.0,10.0,3.0,0.0,0.0,1.46,available,bull,16.600000381469727,1.14,1.24,0.202,1.0,v1.3.1-shadow,open,1,2026-09-11,202.05,,,,0,,,-0.6231,0.2011,-0.6635,,,,0.0,1.0,6,1,2026-09-15,,
2026-09-11T09:01:49.464458-04:00,2026-09-10,v1.3.3,premarket,0.0,xnys,TRI,v1.2.1,v1.3.1-shadow,v1.3.1-shadow,8142e595d788ac06,ndx-99-78834e47b659,consolidation_dip,consolidation_dip,10.0,ma60,95.57,,buy_limit_zone,consolidation_dip,ma60,95.57,97.69,95.57,97.69,89.2,5.0,40.0,intraday,initial_stop_or_d40_close,2026-09-11,pullback_limit_inside_ma60_zone,10.0,10.0,0.0,0.0,0.0,1.22,available,bull,16.600000381469727,1.14,1.24,0.202,1.0,v1.3.1-shadow,open,1,2026-09-11,96.2,,,,0,,,-0.2586,1.4186,-0.3414,,,,0.0,1.0,6,1,2026-09-17,,
2026-09-11T09:01:49.464458-04:00,2026-09-10,v1.3.3,premarket,0.0,xnys,AAPL,v1.2.1,v1.3.1-shadow,v1.3.1-shadow,8142e595d788ac06,ndx-99-78834e47b659,healthy_pullback,healthy_pullback,5.0,ma20,315.28,,buy_limit_zone,healthy_pullback,ma20,315.28,318.99,315.28,318.99,304.15,3.0,40.0,intraday,initial_stop_or_d40_close,2026-09-11,pullback_limit_uses_ma20_anchor,6.0,9.0,3.0,1.0,0.0,-0.07,available,bull,16.600000381469727,1.14,1.24,0.202,1.0,v1.3.1-shadow,unfilled,0,,,,,,0,,,,,,,,,0.0,1.0,6,1,2026-09-15,2026-09-15,entry_not_reached
2026-09-11T09:01:49.464458-04:00,2026-09-10,v1.3.3,premarket,0.0,xnys,MNST,v1.2.1,v1.3.1-shadow,v1.3.1-shadow,8142e595d788ac06,ndx-99-78834e47b659,oversold_bounce,oversold_bounce,7.0,previous_high,43.53,,buy_stop_reclaim,oversold_bounce,previous_high,43.53,43.63,43.63,43.89,41.53,5.0,40.0,intraday,initial_stop_or_d40_close,2026-09-11,oversold_requires_break_above_signal_bar_high,8.0,8.0,0.0,0.0,0.0,0.77,available,bull,16.600000381469727,1.14,1.24,0.202,1.0,v1.3.1-shadow,open,1,2026-09-14,43.63,,,,0,,,0.5143,0.6905,-0.0571,,,,0.0,1.0,6,1,2026-09-17,,
2026-09-11T09:01:49.464458-04:00,2026-09-10,v1.3.3,premarket,0.0,xnys,FAST,v1.2.1,v1.3.1-shadow,v1.3.1-shadow,8142e595d788ac06,ndx-99-78834e47b659,healthy_pullback,healthy_pullback,5.0,ma60,48.26,,buy_limit_zone,healthy_pullback,ma60,48.26,48.75,48.26,48.75,46.78,3.0,40.0,intraday,initial_stop_or_d40_close,2026-09-11,pullback_limit_uses_ma60_anchor,6.0,6.0,0.0,0.0,0.0,1.0,available,bull,16.600000381469727,1.14,1.24,0.202,1.0,v1.3.1-shadow,open,1,2026-09-14,48.75,,,,0,,,0.132,0.5228,-0.0914,,,,0.0,1.0,6,1,2026-09-15,,
2026-09-14T09:01:32.905294-04:00,2026-09-11,v1.3.3,premarket,0.0,xnys,SNDK,v1.2.1,v1.3.1-shadow,v1.3.1-shadow,8142e595d788ac06,ndx-99-78834e47b659,consolidation_dip,consolidation_dip,10.0,ma60,1616.18,,buy_limit_zone,consolidation_dip,ma60,1616.18,1668.89,1616.18,1668.89,1458.05,5.0,40.0,intraday,initial_stop_or_d40_close,2026-09-14,pullback_limit_inside_ma60_zone,13.0,16.0,3.0,0.0,0.0,-6.32,available,bear,17.68000030517578,-0.72,-1.76,0.2323,1.0,v1.3.1-shadow,open,1,2026-09-14,1521.525,,,,0,,,4.2583,4.3399,-0.2729,,,,0.0,1.0,5,1,2026-09-18,,
2026-09-14T09:01:32.905294-04:00,2026-09-11,v1.3.3,premarket,0.0,xnys,AMD,v1.2.1,v1.3.1-shadow,v1.3.1-shadow,8142e595d788ac06,ndx-99-78834e47b659,consolidation_dip,consolidation_dip,10.0,ma60,503.07,,buy_limit_zone,consolidation_dip,ma60,503.07,512.76,503.07,512.76,474.0,5.0,40.0,intraday,initial_stop_or_d40_close,2026-09-14,pullback_limit_inside_ma60_zone,13.0,16.0,3.0,0.0,0.0,-5.76,available,bear,17.68000030517578,-0.72,-1.76,0.2323,1.0,v1.3.1-shadow,open,1,2026-09-14,486.28,,,,0,,,5.9886,5.9959,-0.4845,,,,0.0,1.0,5,1,2026-09-18,,
2026-09-14T09:01:32.905294-04:00,2026-09-11,v1.3.3,premarket,0.0,xnys,MU,v1.2.1,v1.3.1-shadow,v1.3.1-shadow,8142e595d788ac06,ndx-99-78834e47b659,consolidation_dip,consolidation_dip,10.0,ma60,959.92,,buy_limit_zone,consolidation_dip,ma60,959.92,982.69,959.92,982.69,891.61,5.0,40.0,intraday,initial_stop_or_d40_close,2026-09-14,pullback_limit_inside_ma60_zone,13.0,16.0,3.0,0.0,0.0,-6.44,available,bear,17.68000030517578,-0.72,-1.76,0.2323,1.0,v1.3.1-shadow,open,1,2026-09-14,906.03,,,,0,,,7.6123,7.6567,-0.2379,,,,0.0,1.0,5,1,2026-09-18,,
2026-09-14T09:01:32.905294-04:00,2026-09-11,v1.3.3,premarket,0.0,xnys,MELI,v1.2.1,v1.3.1-shadow,v1.3.1-shadow,8142e595d788ac06,ndx-99-78834e47b659,consolidation_dip,consolidation_dip,10.0,ma60,1836.81,,buy_limit_zone,consolidation_dip,ma60,1836.81,1869.99,1836.81,1869.99,1737.27,5.0,40.0,intraday,initial_stop_or_d40_close,2026-09-14,pullback_limit_inside_ma60_zone,12.0,15.0,3.0,0.0,0.0,-0.29,available,bear,17.68000030517578,-0.72,-1.76,0.2323,1.0,v1.3.1-shadow,open,1,2026-09-15,1869.99,,,,0,,,-0.6224,0.1233,-0.6387,,,,0.0,1.0,5,1,2026-09-18,,
2026-09-14T09:01:32.905294-04:00,2026-09-11,v1.3.3,premarket,0.0,xnys,PANW,v1.2.1,v1.3.1-shadow,v1.3.1-shadow,8142e595d788ac06,ndx-99-78834e47b659,consolidation_dip,consolidation_dip,10.0,ma60,342.2,,buy_stop_reclaim,consolidation_dip,ma60,342.2,342.2,342.2,351.23,315.1,5.0,40.0,intraday,initial_stop_or_d40_close,2026-09-14,price_below_ma60_wait_for_reclaim,12.0,15.0,3.0,0.0,0.0,4.97,available,bear,17.68000030517578,-0.72,-1.76,0.2323,1.0,v1.3.1-shadow,open,1,2026-09-14,346.49,,,,0,,,0.5444,1.1669,-0.1988,,,,0.0,1.0,5,1,2026-09-18,,
2026-09-14T09:01:32.905294-04:00,2026-09-11,v1.3.3,premarket,0.0,xnys,MRVL,v1.2.1,v1.3.1-shadow,v1.3.1-shadow,8142e595d788ac06,ndx-99-78834e47b659,consolidation_dip,consolidation_dip,10.0,ma60,228.35,,buy_limit_zone,consolidation_dip,ma60,228.35,235.85,228.35,235.85,205.86,5.0,40.0,intraday,initial_stop_or_d40_close,2026-09-14,pullback_limit_inside_ma60_zone,12.0,15.0,3.0,0.0,0.0,-7.99,available,bear,17.68000030517578,-0.72,-1.76,0.2323,1.0,v1.3.1-shadow,open,1,2026-09-14,215.81,,,,0,,,2.8583,3.2241,-0.2191,,,,0.0,1.0,5,1,2026-09-18,,
2026-09-14T09:01:32.905294-04:00,2026-09-11,v1.3.3,premarket,0.0,xnys,DASH,v1.2.1,v1.3.1-shadow,v1.3.1-shadow,8142e595d788ac06,ndx-99-78834e47b659,consolidation_dip,consolidation_dip,10.0,ma60,200.33,,buy_limit_zone,consolidation_dip,ma60,200.33,204.33,200.33,204.33,188.34,5.0,40.0,intraday,initial_stop_or_d40_close,2026-09-14,pullback_limit_inside_ma60_zone,12.0,15.0,3.0,0.0,0.0,-0.02,available,bear,17.68000030517578,-0.72,-1.76,0.2323,1.0,v1.3.1-shadow,open,1,2026-09-14,200.37,,,,0,,,-0.6176,0.3092,-0.6667,,,,0.0,1.0,5,1,2026-09-18,,
2026-09-14T09:01:32.905294-04:00,2026-09-11,v1.3.3,premarket,0.0,xnys,ROST,v1.2.1,v1.3.1-shadow,v1.3.1-shadow,8142e595d788ac06,ndx-99-78834e47b659,consolidation_dip,consolidation_dip,10.0,ma60,233.12,,buy_stop_reclaim,consolidation_dip,ma60,233.12,233.12,233.12,236.14,224.06,5.0,40.0,intraday,initial_stop_or_d40_close,2026-09-14,price_below_ma60_wait_for_reclaim,11.0,14.0,3.0,0.0,1.0,-0.1,available,bear,17.68000030517578,-0.72,-1.76,0.2323,1.0,v1.3.1-shadow,unfilled,0,,,,,,0,,,,,,,,,0.0,1.0,5,1,2026-09-18,2026-09-18,entry_not_reached
2026-09-14T09:01:32.905294-04:00,2026-09-11,v1.3.3,premarket,0.0,xnys,CRWD,v1.2.1,v1.3.1-shadow,v1.3.1-shadow,8142e595d788ac06,ndx-99-78834e47b659,consolidation_dip,consolidation_dip,10.0,ma60,198.22,,buy_limit_zone,consolidation_dip,ma60,198.22,204.27,198.22,204.27,180.08,5.0,40.0,intraday,initial_stop_or_d40_close,2026-09-14,pullback_limit_inside_ma60_zone,11.0,14.0,3.0,0.0,1.0,5.64,available,bear,17.68000030517578,-0.72,-1.76,0.2323,1.0,v1.3.1-shadow,unfilled,0,,,,,,0,,,,,,,,,0.0,1.0,5,1,2026-09-18,2026-09-18,entry_not_reached
2026-09-14T09:01:32.905294-04:00,2026-09-11,v1.3.3,premarket,0.0,xnys,ZS,v1.2.1,v1.3.1-shadow,v1.3.1-shadow,8142e595d788ac06,ndx-99-78834e47b659,consolidation_dip,consolidation_dip,10.0,ma60,157.58,,buy_limit_zone,consolidation_dip,ma60,157.58,162.02,157.58,162.02,144.25,5.0,40.0,intraday,initial_stop_or_d40_close,2026-09-14,pullback_limit_inside_ma60_zone,11.0,14.0,3.0,0.0,1.0,4.23,available,bear,17.68000030517578,-0.72,-1.76,0.2323,1.0,v1.3.1-shadow,unfilled,0,,,,,,0,,,,,,,,,0.0,1.0,5,1,2026-09-18,2026-09-18,entry_not_reached
2026-09-14T09:01:32.905294-04:00,2026-09-11,v1.3.3,premarket,0.0,xnys,NFLX,v1.2.1,v1.3.1-shadow,v1.3.1-shadow,8142e595d788ac06,ndx-99-78834e47b659,consolidation_dip,consolidation_dip,10.0,ma60,75.35,,buy_limit_zone,consolidation_dip,ma60,75.35,76.43,75.35,76.43,72.11,5.0,40.0,intraday,initial_stop_or_d40_close,2026-09-14,pullback_limit_inside_ma60_zone,11.0,14.0,3.0,0.0,0.0,1.36,available,bear,17.68000030517578,-0.72,-1.76,0.2323,1.0,v1.3.1-shadow,completed,1,2026-09-16,76.43,2026-09-18,71.27,gap_through_stop,0,-1.1944,-1.1944,,0.3171,-1.463,,,,0.0,1.0,5,1,2026-09-18,2026-09-18,
2026-09-14T09:01:32.905294-04:00,2026-09-11,v1.3.3,premarket,0.0,xnys,INTU,v1.2.1,v1.3.1-shadow,v1.3.1-shadow,8142e595d788ac06,ndx-99-78834e47b659,consolidation_dip,consolidation_dip,10.0,ma60,310.07,,buy_limit_zone,consolidation_dip,ma60,310.07,317.31,310.07,317.31,288.34,5.0,40.0,intraday,initial_stop_or_d40_close,2026-09-14,pullback_limit_inside_ma60_zone,11.0,14.0,3.0,0.0,0.0,2.7,available,bear,17.68000030517578,-0.72,-1.76,0.2323,1.0,v1.3.1-shadow,open,1,2026-09-16,317.31,,,,0,,,-0.4874,0.2292,-0.5744,,,,0.0,1.0,5,1,2026-09-18,,
2026-09-14T09:01:32.905294-04:00,2026-09-11,v1.3.3,premarket,0.0,xnys,FTNT,v1.2.1,v1.3.1-shadow,v1.3.1-shadow,8142e595d788ac06,ndx-99-78834e47b659,consolidation_dip,consolidation_dip,10.0,ma60,157.43,,buy_stop_reclaim,consolidation_dip,ma60,157.43,157.43,157.43,160.67,147.71,5.0,40.0,intraday,initial_stop_or_d40_close,2026-09-14,price_below_ma60_wait_for_reclaim,11.0,14.0,3.0,0.0,0.0,3.93,available,bear,17.68000030517578,-0.72,-1.76,0.2323,1.0,v1.3.1-shadow,open,1,2026-09-14,162.33,,,,0,,,0.5137,0.9419,-0.1539,,,,0.0,1.0,5,1,2026-09-18,,
2026-09-14T09:01:32.905294-04:00,2026-09-11,v1.3.3,premarket,0.0,xnys,MDLZ,v1.2.1,v1.3.1-shadow,v1.3.1-shadow,8142e595d788ac06,ndx-99-78834e47b659,consolidation_dip,consolidation_dip,10.0,ma60,61.43,,buy_limit_zone,consolidation_dip,ma60,61.43,62.37,61.43,62.37,58.62,5.0,40.0,intraday,initial_stop_or_d40_close,2026-09-14,pullback_limit_inside_ma60_zone,10.0,13.0,3.0,0.0,0.0,0.66,available,bear,17.68000030517578,-0.72,-1.76,0.2323,1.0,v1.3.1-shadow,open,1,2026-09-14,62.37,,,,0,,,-0.4053,0.3893,-0.5013,,,,0.0,1.0,5,1,2026-09-18,,
2026-09-14T09:01:32.905294-04:00,2026-09-11,v1.3.3,premarket,0.0,xnys,CDNS,v1.2.1,v1.3.1-shadow,v1.3.1-shadow,8142e595d788ac06,ndx-99-78834e47b659,oversold_bounce,oversold_bounce,7.0,previous_high,293.4,,buy_stop_reclaim,oversold_bounce,previous_high,293.4,294.49,294.49,297.22,273.01,5.0,40.0,intraday,initial_stop_or_d40_close,2026-09-14,oversold_requires_break_above_signal_bar_high,8.0,11.0,3.0,0.0,0.0,-0.32,available,bear,17.68000030517578,-0.72,-1.76,0.2323,1.0,v1.3.1-shadow,unfilled,0,,,,,,0,,,,,,,,,0.0,1.0,5,1,2026-09-18,2026-09-18,entry_not_reached
2026-09-14T09:01:32.905294-04:00,2026-09-11,v1.3.3,premarket,0.0,xnys,VRTX,v1.2.1,v1.3.1-shadow,v1.3.1-shadow,8142e595d788ac06,ndx-99-78834e47b659,consolidation_dip,consolidation_dip,10.0,ma60,505.32,,buy_limit_zone,consolidation_dip,ma60,505.32,511.68,505.32,511.68,486.24,5.0,40.0,intraday,initial_stop_or_d40_close,2026-09-14,pullback_limit_inside_ma60_zone,11.0,11.0,0.0,0.0,0.0,-0.47,available,bear,17.68000030517578,-0.72,-1.76,0.2323,1.0,v1.3.1-shadow,open,1,2026-09-15,511.68,,,,0,,,-0.1313,0.3247,-0.2622,,,,0.0,1.0,5,1,2026-09-18,,
2026-09-14T09:01:32.905294-04:00,2026-09-11,v1.3.3,premarket,0.0,xnys,CSCO,v1.2.1,v1.3.1-shadow,v1.3.1-shadow,8142e595d788ac06,ndx-99-78834e47b659,consolidation_dip,consolidation_dip,10.0,ma60,114.43,,buy_stop_reclaim,consolidation_dip,ma60,114.43,114.43,114.43,116.11,109.38,5.0,40.0,intraday,initial_stop_or_d40_close,2026-09-14,price_below_ma60_wait_for_reclaim,11.0,11.0,0.0,0.0,0.0,-2.04,available,bear,17.68000030517578,-0.72,-1.76,0.2323,1.0,v1.3.1-shadow,unfilled,0,,,,,,0,,,,,,,,,0.0,1.0,5,1,2026-09-18,2026-09-18,entry_not_reached
2026-09-14T09:01:32.905294-04:00,2026-09-11,v1.3.3,premarket,0.0,xnys,TSLA,v1.2.1,v1.3.1-shadow,v1.3.1-shadow,8142e595d788ac06,ndx-99-78834e47b659,consolidation_dip,consolidation_dip,10.0,ma60,361.61,,buy_limit_zone,consolidation_dip,ma60,361.61,368.53,361.61,368.53,340.85,5.0,40.0,intraday,initial_stop_or_d40_close,2026-09-14,pullback_limit_inside_ma60_zone,11.0,11.0,0.0,0.0,0.0,-1.83,available,bear,17.68000030517578,-0.72,-1.76,0.2323,1.0,v1.3.1-shadow,open,1,2026-09-14,359.78,,,,0,,,0.2372,0.7575,-0.3027,,,,0.0,1.0,5,1,2026-09-18,,
2026-09-14T09:01:32.905294-04:00,2026-09-11,v1.3.3,premarket,0.0,xnys,CSX,v1.2.1,v1.3.1-shadow,v1.3.1-shadow,8142e595d788ac06,ndx-99-78834e47b659,consolidation_dip,consolidation_dip,10.0,ma60,49.54,,buy_stop_reclaim,consolidation_dip,ma60,49.54,49.54,49.54,50.04,48.03,5.0,40.0,intraday,initial_stop_or_d40_close,2026-09-14,price_below_ma60_wait_for_reclaim,11.0,11.0,0.0,0.0,0.0,-0.86,available,bear,17.68000030517578,-0.72,-1.76,0.2323,1.0,v1.3.1-shadow,unfilled,0,,,,,,0,,,,,,,,,0.0,1.0,5,1,2026-09-18,2026-09-18,entry_not_reached
2026-09-14T09:01:32.905294-04:00,2026-09-11,v1.3.3,premarket,0.0,xnys,AMZN,v1.2.1,v1.3.1-shadow,v1.3.1-shadow,8142e595d788ac06,ndx-99-78834e47b659,consolidation_dip,consolidation_dip,10.0,ma60,252.09,,buy_limit_zone,consolidation_dip,ma60,252.09,254.93,252.09,254.93,243.56,5.0,40.0,intraday,initial_stop_or_d40_close,2026-09-14,pullback_limit_inside_ma60_zone,11.0,11.0,0.0,0.0,0.0,-1.21,available,bear,17.68000030517578,-0.72,-1.76,0.2323,1.0,v1.3.1-shadow,open,1,2026-09-14,253.15,,,,0,,,0.0584,0.292,-0.9228,,,,0.0,1.0,5,1,2026-09-18,,
2026-09-14T09:01:32.905294-04:00,2026-09-11,v1.3.3,premarket,0.0,xnys,PAYX,v1.2.1,v1.3.1-shadow,v1.3.1-shadow,8142e595d788ac06,ndx-99-78834e47b659,consolidation_dip,consolidation_dip,10.0,ma60,113.91,,buy_limit_zone,consolidation_dip,ma60,113.91,115.24,113.91,115.24,109.91,5.0,40.0,intraday,initial_stop_or_d40_close,2026-09-14,pullback_limit_inside_ma60_zone,11.0,11.0,0.0,0.0,0.0,1.9,available,bear,17.68000030517578,-0.72,-1.76,0.2323,1.0,v1.3.1-shadow,open,1,2026-09-17,115.24,,,,0,,,0.1689,0.2758,-0.0844,,,,0.0,1.0,5,1,2026-09-18,,
2026-09-14T09:01:32.905294-04:00,2026-09-11,v1.3.3,premarket,0.0,xnys,ADBE,v1.2.1,v1.3.1-shadow,v1.3.1-shadow,8142e595d788ac06,ndx-99-78834e47b659,healthy_pullback,healthy_pullback,5.0,ma60,243.82,,buy_limit_zone,healthy_pullback,ma60,243.82,248.99,243.82,248.99,228.3,3.0,40.0,intraday,initial_stop_or_d40_close,2026-09-14,pullback_limit_uses_ma60_anchor,6.0,9.0,3.0,1.0,0.0,2.8,available,bear,17.68000030517578,-0.72,-1.76,0.2323,1.0,v1.3.1-shadow,unfilled,0,,,,,,0,,,,,,,,,0.0,1.0,5,1,2026-09-16,2026-09-16,entry_not_reached
2026-09-14T09:01:32.905294-04:00,2026-09-11,v1.3.3,premarket,0.0,xnys,BKNG,v1.2.1,v1.3.1-shadow,v1.3.1-shadow,8142e595d788ac06,ndx-99-78834e47b659,oversold_bounce,oversold_bounce,7.0,previous_high,176.78,,buy_stop_reclaim,oversold_bounce,previous_high,176.78,177.46,177.46,179.17,163.66,5.0,40.0,intraday,initial_stop_or_d40_close,2026-09-14,oversold_requires_break_above_signal_bar_high,7.0,10.0,3.0,0.0,0.0,1.16,available,bear,17.68000030517578,-0.72,-1.76,0.2323,1.0,v1.3.1-shadow,open,1,2026-09-14,177.46,,,,0,,,-0.6928,0.329,-0.7652,,,,0.0,1.0,5,1,2026-09-18,,
2026-09-14T09:01:32.905294-04:00,2026-09-11,v1.3.3,premarket,0.0,xnys,ADI,v1.2.1,v1.3.1-shadow,v1.3.1-shadow,8142e595d788ac06,ndx-99-78834e47b659,healthy_pullback,healthy_pullback,5.0,ma20,368.58,,buy_limit_zone,healthy_pullback,ma20,368.58,373.92,368.58,373.92,352.57,3.0,40.0,intraday,initial_stop_or_d40_close,2026-09-14,pullback_limit_uses_ma20_anchor,7.0,10.0,3.0,0.0,0.0,-4.12,available,bear,17.68000030517578,-0.72,-1.76,0.2323,1.0,v1.3.1-shadow,open,1,2026-09-14,363.96,,,,0,,,1.0325,1.0579,-0.4653,,,,0.0,1.0,5,1,2026-09-16,,
2026-09-14T09:01:32.905294-04:00,2026-09-11,v1.3.3,premarket,0.0,xnys,PYPL,v1.2.1,v1.3.1-shadow,v1.3.1-shadow,8142e595d788ac06,ndx-99-78834e47b659,consolidation_dip,consolidation_dip,10.0,ma60,53.5,,buy_limit_zone,consolidation_dip,ma60,53.5,54.46,53.5,54.46,50.62,5.0,40.0,intraday,initial_stop_or_d40_close,2026-09-14,pullback_limit_inside_ma60_zone,10.0,10.0,0.0,0.0,0.0,0.3,available,bear,17.68000030517578,-0.72,-1.76,0.2323,1.0,v1.3.1-shadow,open,1,2026-09-14,54.36,,,,0,,,-0.5214,0.0642,-0.5642,,,,0.0,1.0,5,1,2026-09-18,,
2026-09-14T09:01:32.905294-04:00,2026-09-11,v1.3.3,premarket,0.0,xnys,TRI,v1.2.1,v1.3.1-shadow,v1.3.1-shadow,8142e595d788ac06,ndx-99-78834e47b659,consolidation_dip,consolidation_dip,10.0,ma60,95.85,,buy_limit_zone,consolidation_dip,ma60,95.85,97.86,95.85,97.86,89.83,5.0,40.0,intraday,initial_stop_or_d40_close,2026-09-14,pullback_limit_inside_ma60_zone,10.0,10.0,0.0,0.0,0.0,2.79,available,bear,17.68000030517578,-0.72,-1.76,0.2323,1.0,v1.3.1-shadow,open,1,2026-09-18,97.86,,,,0,,,-0.4321,0.279,-0.5044,,,,0.0,1.0,5,1,2026-09-18,,
2026-09-14T09:01:32.905294-04:00,2026-09-11,v1.3.3,premarket,0.0,xnys,TXN,v1.2.1,v1.3.1-shadow,v1.3.1-shadow,8142e595d788ac06,ndx-99-78834e47b659,healthy_pullback,healthy_pullback,5.0,ma20,263.37,,buy_limit_zone,healthy_pullback,ma20,263.37,267.36,263.37,267.36,251.41,3.0,40.0,intraday,initial_stop_or_d40_close,2026-09-14,pullback_limit_uses_ma20_anchor,6.0,9.0,3.0,1.0,0.0,-4.62,available,bear,17.68000030517578,-0.72,-1.76,0.2323,1.0,v1.3.1-shadow,open,1,2026-09-14,256.78,,,,0,,,1.8361,2.1415,0.0,,,,0.0,1.0,5,1,2026-09-16,,
2026-09-14T09:01:32.905294-04:00,2026-09-11,v1.3.3,premarket,0.0,xnys,FER,v1.2.1,v1.3.1-shadow,v1.3.1-shadow,8142e595d788ac06,ndx-99-78834e47b659,oversold_bounce,oversold_bounce,7.0,previous_high,56.29,,buy_stop_reclaim,oversold_bounce,previous_high,56.29,56.46,56.46,56.88,53.62,5.0,40.0,intraday,initial_stop_or_d40_close,2026-09-14,oversold_requires_break_above_signal_bar_high,8.0,8.0,0.0,0.0,0.0,-2.94,available,bear,17.68000030517578,-0.72,-1.76,0.2323,1.0,v1.3.1-shadow,unfilled,0,,,,,,0,,,,,,,,,0.0,1.0,5,1,2026-09-18,2026-09-18,entry_not_reached
2026-09-14T09:01:32.905294-04:00,2026-09-11,v1.3.3,premarket,0.0,xnys,HON,v1.2.1,v1.3.1-shadow,v1.3.1-shadow,8142e595d788ac06,ndx-99-78834e47b659,oversold_bounce,oversold_bounce,7.0,previous_high,204.2,,buy_stop_reclaim,oversold_bounce,previous_high,204.2,204.61,204.61,205.64,196.16,5.0,40.0,intraday,initial_stop_or_d40_close,2026-09-14,oversold_requires_break_above_signal_bar_high,7.0,7.0,0.0,0.0,0.0,-0.58,available,bear,17.68000030517578,-0.72,-1.76,0.2323,1.0,v1.3.1-shadow,open,1,2026-09-15,204.61,,,,0,,,0.2189,0.7077,-0.5562,,,,0.0,1.0,5,1,2026-09-18,,
2026-09-14T09:01:32.905294-04:00,2026-09-11,v1.3.3,premarket,0.0,xnys,TMUS,v1.2.1,v1.3.1-shadow,v1.3.1-shadow,8142e595d788ac06,ndx-99-78834e47b659,healthy_pullback,healthy_pullback,5.0,ma20,181.13,,buy_limit_zone,healthy_pullback,ma20,181.13,183.34,181.13,183.34,174.5,3.0,40.0,intraday,initial_stop_or_d40_close,2026-09-14,pullback_limit_uses_ma20_anchor,5.0,5.0,0.0,0.0,0.0,0.7,available,bear,17.68000030517578,-0.72,-1.76,0.2323,1.0,v1.3.1-shadow,completed,1,2026-09-14,183.34,2026-09-16,174.5,initial_stop,0,-1.0,-1.0,,0.2534,-1.1505,,,,0.0,1.0,5,1,2026-09-16,2026-09-16,
2026-09-15T09:01:34.122032-04:00,2026-09-14,v1.3.3,premarket,0.0,xnys,SNDK,v1.2.1,v1.3.1-shadow,v1.3.1-shadow,8142e595d788ac06,ndx-99-78834e47b659,consolidation_dip,consolidation_dip,10.0,ma60,1609.4,,buy_stop_reclaim,consolidation_dip,ma60,1609.4,1609.4,1609.4,1660.81,1455.17,5.0,40.0,intraday,initial_stop_or_d40_close,2026-09-15,price_below_ma60_wait_for_reclaim,13.0,16.0,3.0,0.0,0.0,1.22,available,bull,16.989999771118164,-0.04,-0.03,0.2626,1.0,v1.3.1-shadow,open,1,2026-09-17,1609.4,,,,0,,,1.1828,1.2164,-0.2911,,,,0.0,1.0,4,0,,,
2026-09-15T09:01:34.122032-04:00,2026-09-14,v1.3.3,premarket,0.0,xnys,KDP,v1.2.1,v1.3.1-shadow,v1.3.1-shadow,8142e595d788ac06,ndx-99-78834e47b659,consolidation_dip,consolidation_dip,10.0,ma60,31.31,,buy_limit_zone,consolidation_dip,ma60,31.31,31.65,31.31,31.65,30.3,5.0,40.0,intraday,initial_stop_or_d40_close,2026-09-15,pullback_limit_inside_ma60_zone,13.0,16.0,3.0,0.0,0.0,-1.17,available,bull,16.989999771118164,-0.04,-0.03,0.2626,1.0,v1.3.1-shadow,open,1,2026-09-15,31.44,,,,0,,,-0.4211,0.4737,-0.5965,,,,0.0,1.0,4,0,,,
2026-09-15T09:01:34.122032-04:00,2026-09-14,v1.3.3,premarket,0.0,xnys,MU,v1.2.1,v1.3.1-shadow,v1.3.1-shadow,8142e595d788ac06,ndx-99-78834e47b659,consolidation_dip,consolidation_dip,10.0,ma60,957.94,,buy_stop_reclaim,consolidation_dip,ma60,957.94,957.94,957.94,980.97,888.84,5.0,40.0,intraday,initial_stop_or_d40_close,2026-09-15,price_below_ma60_wait_for_reclaim,13.0,16.0,3.0,0.0,0.0,1.21,available,bull,16.989999771118164,-0.04,-0.03,0.2626,1.0,v1.3.1-shadow,open,1,2026-09-17,957.94,,,,0,,,0.8373,0.8466,-0.0643,,,,0.0,1.0,4,0,,,
2026-09-15T09:01:34.122032-04:00,2026-09-14,v1.3.3,premarket,0.0,xnys,DASH,v1.2.1,v1.3.1-shadow,v1.3.1-shadow,8142e595d788ac06,ndx-99-78834e47b659,consolidation_dip,consolidation_dip,10.0,ma60,200.96,,buy_limit_zone,consolidation_dip,ma60,200.96,204.86,200.96,204.86,189.26,5.0,40.0,intraday,initial_stop_or_d40_close,2026-09-15,pullback_limit_inside_ma60_zone,12.0,15.0,3.0,0.0,0.0,-1.56,available,bull,16.989999771118164,-0.04,-0.03,0.2626,1.0,v1.3.1-shadow,open,1,2026-09-15,200.06,,,,0,,,-0.6593,0.3481,-0.7139,,,,0.0,1.0,4,0,,,
2026-09-15T09:01:34.122032-04:00,2026-09-14,v1.3.3,premarket,0.0,xnys,ROST,v1.2.1,v1.3.1-shadow,v1.3.1-shadow,8142e595d788ac06,ndx-99-78834e47b659,consolidation_dip,consolidation_dip,10.0,ma60,233.07,,buy_stop_reclaim,consolidation_dip,ma60,233.07,233.07,233.07,235.92,224.52,5.0,40.0,intraday,initial_stop_or_d40_close,2026-09-15,price_below_ma60_wait_for_reclaim,11.0,14.0,3.0,0.0,0.0,,stale_quote,bull,16.989999771118164,-0.04,-0.03,0.2626,1.0,v1.3.1-shadow,awaiting_fill,0,,,,,,0,,,,,,,,,0.0,1.0,4,0,,,entry_not_reached
2026-09-15T09:01:34.122032-04:00,2026-09-14,v1.3.3,premarket,0.0,xnys,ALNY,v1.2.1,v1.3.1-shadow,v1.3.1-shadow,8142e595d788ac06,ndx-99-78834e47b659,consolidation_dip,consolidation_dip,10.0,ma60,260.76,,buy_stop_reclaim,consolidation_dip,ma60,260.76,260.76,260.76,266.26,244.25,5.0,40.0,intraday,initial_stop_or_d40_close,2026-09-15,price_below_ma60_wait_for_reclaim,13.0,13.0,0.0,0.0,0.0,0.4,available,bull,16.989999771118164,-0.04,-0.03,0.2626,1.0,v1.3.1-shadow,awaiting_fill,0,,,,,,0,,,,,,,,,0.0,1.0,4,0,,,entry_not_reached
2026-09-15T09:01:34.122032-04:00,2026-09-14,v1.3.3,premarket,0.0,xnys,MRVL,v1.2.1,v1.3.1-shadow,v1.3.1-shadow,8142e595d788ac06,ndx-99-78834e47b659,consolidation_dip,consolidation_dip,10.0,ma60,227.17,,buy_stop_reclaim,consolidation_dip,ma60,227.17,227.17,227.17,234.77,204.37,5.0,40.0,intraday,initial_stop_or_d40_close,2026-09-15,price_below_ma60_wait_for_reclaim,12.0,12.0,0.0,0.0,0.0,1.32,available,bull,16.989999771118164,-0.04,-0.03,0.2626,1.0,v1.3.1-shadow,open,1,2026-09-15,227.17,,,,0,,,0.7491,0.9088,-0.2741,,,,0.0,1.0,4,0,,,
2026-09-15T09:01:34.122032-04:00,2026-09-14,v1.3.3,premarket,0.0,xnys,CSX,v1.2.1,v1.3.1-shadow,v1.3.1-shadow,8142e595d788ac06,ndx-99-78834e47b659,consolidation_dip,consolidation_dip,10.0,ma60,49.6,,buy_stop_reclaim,consolidation_dip,ma60,49.6,49.6,49.6,50.09,48.13,5.0,40.0,intraday,initial_stop_or_d40_close,2026-09-15,price_below_ma60_wait_for_reclaim,11.0,11.0,0.0,0.0,0.0,0.88,available,bull,16.989999771118164,-0.04,-0.03,0.2626,1.0,v1.3.1-shadow,awaiting_fill,0,,,,,,0,,,,,,,,,0.0,1.0,4,0,,,entry_not_reached
2026-09-15T09:01:34.122032-04:00,2026-09-14,v1.3.3,premarket,0.0,xnys,TSLA,v1.2.1,v1.3.1-shadow,v1.3.1-shadow,8142e595d788ac06,ndx-99-78834e47b659,consolidation_dip,consolidation_dip,10.0,ma60,360.99,,buy_stop_reclaim,consolidation_dip,ma60,360.99,360.99,360.99,367.95,340.12,5.0,40.0,intraday,initial_stop_or_d40_close,2026-09-15,price_below_ma60_wait_for_reclaim,11.0,11.0,0.0,0.0,0.0,-0.14,available,bull,16.989999771118164,-0.04,-0.03,0.2626,1.0,v1.3.1-shadow,open,1,2026-09-15,360.99,,,,0,,,0.1572,0.6291,-0.3325,,,,0.0,1.0,4,0,,,
2026-09-15T09:01:34.122032-04:00,2026-09-14,v1.3.3,premarket,0.0,xnys,SHOP,v1.2.1,v1.3.1-shadow,v1.3.1-shadow,8142e595d788ac06,ndx-99-78834e47b659,healthy_pullback,healthy_pullback,5.0,ma60,131.8,,buy_limit_zone,healthy_pullback,ma60,131.8,134.76,131.8,134.76,122.93,3.0,40.0,intraday,initial_stop_or_d40_close,2026-09-15,pullback_limit_uses_ma60_anchor,7.0,10.0,3.0,0.0,1.0,-1.41,available,bull,16.989999771118164,-0.04,-0.03,0.2626,1.0,v1.3.1-shadow,open,1,2026-09-15,132.38,,,,0,,,-0.4106,0.091,-0.5878,,,,0.0,1.0,4,1,2026-09-17,,
2026-09-15T09:01:34.122032-04:00,2026-09-14,v1.3.3,premarket,0.0,xnys,PYPL,v1.2.1,v1.3.1-shadow,v1.3.1-shadow,8142e595d788ac06,ndx-99-78834e47b659,consolidation_dip,consolidation_dip,10.0,ma60,53.7,,buy_limit_zone,consolidation_dip,ma60,53.7,54.66,53.7,54.66,50.83,5.0,40.0,intraday,initial_stop_or_d40_close,2026-09-15,pullback_limit_inside_ma60_zone,10.0,10.0,0.0,0.0,0.0,0.48,available,bull,16.989999771118164,-0.04,-0.03,0.2626,1.0,v1.3.1-shadow,open,1,2026-09-15,54.1,,,,0,,,-0.5168,0.0428,-0.5657,,,,0.0,1.0,4,0,,,
2026-09-15T09:01:34.122032-04:00,2026-09-14,v1.3.3,premarket,0.0,xnys,DDOG,v1.2.1,v1.3.1-shadow,v1.3.1-shadow,8142e595d788ac06,ndx-99-78834e47b659,healthy_pullback,healthy_pullback,5.0,ma20,227.88,,buy_limit_zone,healthy_pullback,ma20,227.88,233.64,227.88,233.64,210.6,3.0,40.0,intraday,initial_stop_or_d40_close,2026-09-15,pullback_limit_uses_ma20_anchor,7.0,10.0,3.0,0.0,0.0,-1.74,available,bull,16.989999771118164,-0.04,-0.03,0.2626,1.0,v1.3.1-shadow,open,1,2026-09-15,224.06,,,,0,,,0.4354,1.1133,0.0,,,,0.0,1.0,4,1,2026-09-17,,
2026-09-15T09:01:34.122032-04:00,2026-09-14,v1.3.3,premarket,0.0,xnys,TMUS,v1.2.1,v1.3.1-shadow,v1.3.1-shadow,8142e595d788ac06,ndx-99-78834e47b659,consolidation_dip,consolidation_dip,10.0,ma60,180.5,,buy_limit_zone,consolidation_dip,ma60,180.5,182.63,180.5,182.63,174.1,5.0,40.0,intraday,initial_stop_or_d40_close,2026-09-15,pullback_limit_inside_ma60_zone,10.0,10.0,0.0,0.0,0.0,-0.63,available,bull,16.989999771118164,-0.04,-0.03,0.2626,1.0,v1.3.1-shadow,completed,1,2026-09-15,182.63,2026-09-16,174.1,initial_stop,0,-1.0,-1.0,,0.238,-1.109,,,,0.0,1.0,4,0,,2026-09-16,
2026-09-15T09:01:34.122032-04:00,2026-09-14,v1.3.3,premarket,0.0,xnys,ADSK,v1.2.1,v1.3.1-shadow,v1.3.1-shadow,8142e595d788ac06,ndx-99-78834e47b659,healthy_pullback,healthy_pullback,5.0,ma60,225.97,,buy_limit_zone,healthy_pullback,ma60,225.97,231.17,225.97,231.17,210.36,3.0,40.0,intraday,initial_stop_or_d40_close,2026-09-15,pullback_limit_uses_ma60_anchor,6.0,9.0,3.0,1.0,0.0,-2.02,available,bull,16.989999771118164,-0.04,-0.03,0.2626,1.0,v1.3.1-shadow,open,1,2026-09-15,223.72,,,,0,,,-0.5067,0.6677,-0.5726,,,,0.0,1.0,4,1,2026-09-17,,
2026-09-15T09:01:34.122032-04:00,2026-09-14,v1.3.3,premarket,0.0,xnys,ODFL,v1.2.1,v1.3.1-shadow,v1.3.1-shadow,8142e595d788ac06,ndx-99-78834e47b659,oversold_bounce,oversold_bounce,7.0,previous_high,183.14,,buy_stop_reclaim,oversold_bounce,previous_high,183.14,183.74,183.74,185.23,172.95,5.0,40.0,intraday,initial_stop_or_d40_close,2026-09-15,oversold_requires_break_above_signal_bar_high,8.0,8.0,0.0,0.0,0.0,-0.52,available,bull,16.989999771118164,-0.04,-0.03,0.2626,1.0,v1.3.1-shadow,awaiting_fill,0,,,,,,0,,,,,,,,,0.0,1.0,4,0,,,entry_not_reached
2026-09-15T09:01:34.122032-04:00,2026-09-14,v1.3.3,premarket,0.0,xnys,PANW,v1.2.1,v1.3.1-shadow,v1.3.1-shadow,8142e595d788ac06,ndx-99-78834e47b659,healthy_pullback,healthy_pullback,5.0,ma20,352.74,,buy_limit_zone,healthy_pullback,ma20,352.74,363.01,352.74,363.01,321.92,3.0,40.0,intraday,initial_stop_or_d40_close,2026-09-15,pullback_limit_uses_ma20_anchor,7.0,7.0,0.0,0.0,0.0,-1.68,available,bull,16.989999771118164,-0.04,-0.03,0.2626,1.0,v1.3.1-shadow,open,1,2026-09-17,363.01,,,,0,,,0.0139,0.4894,-0.1706,,,,0.0,1.0,4,1,2026-09-17,,
2026-09-15T09:01:34.122032-04:00,2026-09-14,v1.3.3,premarket,0.0,xnys,GOOGL,v1.2.1,v1.3.1-shadow,v1.3.1-shadow,8142e595d788ac06,ndx-99-78834e47b659,healthy_pullback,healthy_pullback,5.0,ma20,341.08,,buy_limit_zone,healthy_pullback,ma20,341.08,344.75,341.08,344.75,330.07,3.0,40.0,intraday,initial_stop_or_d40_close,2026-09-15,pullback_limit_uses_ma20_anchor,6.0,6.0,0.0,0.0,0.0,-0.79,available,bull,16.989999771118164,-0.04,-0.03,0.2626,1.0,v1.3.1-shadow,open,1,2026-09-15,344.75,,,,0,,,0.3263,1.0007,-0.28,,,,0.0,1.0,4,1,2026-09-17,,
2026-09-15T09:01:34.122032-04:00,2026-09-14,v1.3.3,premarket,0.0,xnys,FAST,v1.2.1,v1.3.1-shadow,v1.3.1-shadow,8142e595d788ac06,ndx-99-78834e47b659,healthy_pullback,healthy_pullback,5.0,ma60,48.4,,buy_limit_zone,healthy_pullback,ma60,48.4,48.9,48.4,48.9,46.9,3.0,40.0,intraday,initial_stop_or_d40_close,2026-09-15,pullback_limit_uses_ma60_anchor,6.0,6.0,0.0,0.0,0.0,2.14,available,bull,16.989999771118164,-0.04,-0.03,0.2626,1.0,v1.3.1-shadow,open,1,2026-09-15,48.9,,,,0,,,0.055,0.44,-0.165,,,,0.0,1.0,4,1,2026-09-17,,
2026-09-15T09:01:34.122032-04:00,2026-09-14,v1.3.3,premarket,0.0,xnys,ISRG,v1.2.1,v1.3.1-shadow,v1.3.1-shadow,8142e595d788ac06,ndx-99-78834e47b659,healthy_pullback,healthy_pullback,5.0,ma20,372.67,,buy_limit_zone,healthy_pullback,ma20,372.67,378.71,372.67,378.71,354.56,3.0,40.0,intraday,initial_stop_or_d40_close,2026-09-15,pullback_limit_uses_ma20_anchor,6.0,6.0,0.0,0.0,0.0,-0.88,available,bull,16.989999771118164,-0.04,-0.03,0.2626,1.0,v1.3.1-shadow,open,1,2026-09-15,374.54,,,,0,,,0.9404,1.0195,-0.2848,,,,0.0,1.0,4,1,2026-09-17,,
2026-09-15T09:01:34.122032-04:00,2026-09-14,v1.3.3,premarket,0.0,xnys,CPRT,v1.2.1,v1.3.1-shadow,v1.3.1-shadow,8142e595d788ac06,ndx-99-78834e47b659,healthy_pullback,healthy_pullback,5.0,ma60,30.18,,buy_limit_zone,healthy_pullback,ma60,30.18,30.84,30.18,30.84,28.19,3.0,40.0,intraday,initial_stop_or_d40_close,2026-09-15,pullback_limit_uses_ma60_anchor,5.0,5.0,0.0,0.0,0.0,-0.69,available,bull,16.989999771118164,-0.04,-0.03,0.2626,1.0,v1.3.1-shadow,open,1,2026-09-16,30.57,,,,0,,,-0.542,0.1639,-0.5882,,,,0.0,1.0,4,1,2026-09-17,,
2026-09-15T09:01:34.122032-04:00,2026-09-14,v1.3.3,premarket,0.0,xnys,VRSK,v1.2.1,v1.3.1-shadow,v1.3.1-shadow,8142e595d788ac06,ndx-99-78834e47b659,healthy_pullback,healthy_pullback,5.0,ma20,185.5,,buy_limit_zone,healthy_pullback,ma20,185.5,188.6,185.5,188.6,176.19,3.0,40.0,intraday,initial_stop_or_d40_close,2026-09-15,pullback_limit_uses_ma20_anchor,5.0,5.0,0.0,0.0,0.0,-0.29,available,bull,16.989999771118164,-0.04,-0.03,0.2626,1.0,v1.3.1-shadow,completed,1,2026-09-15,184.91,2026-09-17,176.19,initial_stop,0,-1.0,-1.0,,0.0791,-1.078,,,,0.0,1.0,4,1,2026-09-17,2026-09-17,
2026-09-16T09:01:59.105703-04:00,2026-09-15,v1.3.3,premarket,0.0,xnys,NVDA,v1.2.1,v1.3.1-shadow,v1.3.1-shadow,8142e595d788ac06,ndx-99-78834e47b659,consolidation_dip,consolidation_dip,10.0,ma60,210.46,,buy_limit_zone,consolidation_dip,ma60,210.46,213.94,210.46,213.94,200.03,5.0,40.0,intraday,initial_stop_or_d40_close,2026-09-16,pullback_limit_inside_ma60_zone,13.0,16.0,3.0,0.0,0.0,0.78,available,bull,16.850000381469727,0.3,0.49,0.2222,1.0,v1.3.1-shadow,open,1,2026-09-16,213.94,,,,0,,,0.5989,0.6319,-0.1035,,,,0.0,1.0,3,0,,,
2026-09-16T09:01:59.105703-04:00,2026-09-15,v1.3.3,premarket,0.0,xnys,AMD,v1.2.1,v1.3.1-shadow,v1.3.1-shadow,8142e595d788ac06,ndx-99-78834e47b659,consolidation_dip,consolidation_dip,10.0,ma60,502.2,,buy_limit_zone,consolidation_dip,ma60,502.2,512.27,502.2,512.27,471.99,5.0,40.0,intraday,initial_stop_or_d40_close,2026-09-16,pullback_limit_inside_ma60_zone,13.0,16.0,3.0,0.0,0.0,1.7,available,bull,16.850000381469727,0.3,0.49,0.2222,1.0,v1.3.1-shadow,open,1,2026-09-16,512.27,,,,0,,,1.1805,1.1827,-0.1544,,,,0.0,1.0,3,0,,,
2026-09-16T09:01:59.105703-04:00,2026-09-15,v1.3.3,premarket,0.0,xnys,LITE,v1.2.1,v1.3.1-shadow,v1.3.1-shadow,8142e595d788ac06,ndx-99-78834e47b659,consolidation_dip,consolidation_dip,10.0,ma60,829.17,,buy_limit_zone,consolidation_dip,ma60,829.17,859.75,829.17,859.75,737.44,5.0,40.0,intraday,initial_stop_or_d40_close,2026-09-16,pullback_limit_inside_ma60_zone,13.0,16.0,3.0,0.0,0.0,2.03,available,bull,16.850000381469727,0.3,0.49,0.2222,1.0,v1.3.1-shadow,open,1,2026-09-16,856.0,,,,0,,,0.6318,0.8063,-0.0077,,,,0.0,1.0,3,0,,,
2026-09-16T09:01:59.105703-04:00,2026-09-15,v1.3.3,premarket,0.0,xnys,SNDK,v1.2.1,v1.3.1-shadow,v1.3.1-shadow,8142e595d788ac06,ndx-99-78834e47b659,consolidation_dip,consolidation_dip,10.0,ma60,1598.51,,buy_stop_reclaim,consolidation_dip,ma60,1598.51,1598.51,1598.51,1648.3,1449.14,5.0,40.0,intraday,initial_stop_or_d40_close,2026-09-16,price_below_ma60_wait_for_reclaim,13.0,16.0,3.0,0.0,0.0,0.96,available,bull,16.850000381469727,0.3,0.49,0.2222,1.0,v1.3.1-shadow,open,1,2026-09-17,1598.51,,,,0,,,1.2942,1.3288,-0.2277,,,,0.0,1.0,3,0,,,
2026-09-16T09:01:59.105703-04:00,2026-09-15,v1.3.3,premarket,0.0,xnys,MU,v1.2.1,v1.3.1-shadow,v1.3.1-shadow,8142e595d788ac06,ndx-99-78834e47b659,consolidation_dip,consolidation_dip,10.0,ma60,954.5,,buy_stop_reclaim,consolidation_dip,ma60,954.5,954.5,954.5,976.58,888.25,5.0,40.0,intraday,initial_stop_or_d40_close,2026-09-16,price_below_ma60_wait_for_reclaim,13.0,16.0,3.0,0.0,0.0,0.75,available,bull,16.850000381469727,0.3,0.49,0.2222,1.0,v1.3.1-shadow,open,1,2026-09-17,954.57,,,,0,,,0.9233,0.9329,-0.0161,,,,0.0,1.0,3,0,,,
2026-09-16T09:01:59.105703-04:00,2026-09-15,v1.3.3,premarket,0.0,xnys,MRVL,v1.2.1,v1.3.1-shadow,v1.3.1-shadow,8142e595d788ac06,ndx-99-78834e47b659,consolidation_dip,consolidation_dip,10.0,ma60,225.69,,buy_stop_reclaim,consolidation_dip,ma60,225.69,225.69,225.69,232.8,204.36,5.0,40.0,intraday,initial_stop_or_d40_close,2026-09-16,price_below_ma60_wait_for_reclaim,12.0,15.0,3.0,0.0,0.0,1.76,available,bull,16.850000381469727,0.3,0.49,0.2222,1.0,v1.3.1-shadow,open,1,2026-09-16,226.73,,,,0,,,0.7832,0.9459,-0.0961,,,,0.0,1.0,3,0,,,
2026-09-16T09:01:59.105703-04:00,2026-09-15,v1.3.3,premarket,0.0,xnys,SHOP,v1.2.1,v1.3.1-shadow,v1.3.1-shadow,8142e595d788ac06,ndx-99-78834e47b659,consolidation_dip,consolidation_dip,10.0,ma60,132.15,,buy_stop_reclaim,consolidation_dip,ma60,132.15,132.15,132.15,135.07,123.4,5.0,40.0,intraday,initial_stop_or_d40_close,2026-09-16,price_below_ma60_wait_for_reclaim,12.0,12.0,0.0,0.0,0.0,-0.05,available,bull,16.850000381469727,0.3,0.49,0.2222,1.0,v1.3.1-shadow,open,1,2026-09-16,132.15,,,,0,,,-0.4171,0.0611,-0.6086,,,,0.0,1.0,3,0,,,
2026-09-16T09:01:59.105703-04:00,2026-09-15,v1.3.3,premarket,0.0,xnys,CSX,v1.2.1,v1.3.1-shadow,v1.3.1-shadow,8142e595d788ac06,ndx-99-78834e47b659,consolidation_dip,consolidation_dip,10.0,ma60,49.65,,buy_stop_reclaim,consolidation_dip,ma60,49.65,49.65,49.65,50.38,47.46,5.0,40.0,intraday,initial_stop_or_d40_close,2026-09-16,price_below_ma60_wait_for_reclaim,11.0,11.0,0.0,0.0,0.0,-0.14,available,bull,16.850000381469727,0.3,0.49,0.2222,1.0,v1.3.1-shadow,awaiting_fill,0,,,,,,0,,,,,,,,,0.0,1.0,3,0,,,entry_not_reached
2026-09-16T09:01:59.105703-04:00,2026-09-15,v1.3.3,premarket,0.0,xnys,TSLA,v1.2.1,v1.3.1-shadow,v1.3.1-shadow,8142e595d788ac06,ndx-99-78834e47b659,consolidation_dip,consolidation_dip,10.0,ma60,360.25,,buy_stop_reclaim,consolidation_dip,ma60,360.25,360.25,360.25,367.15,339.54,5.0,40.0,intraday,initial_stop_or_d40_close,2026-09-16,price_below_ma60_wait_for_reclaim,11.0,11.0,0.0,0.0,0.0,0.18,available,bull,16.850000381469727,0.3,0.49,0.2222,1.0,v1.3.1-shadow,open,1,2026-09-16,360.25,,,,0,,,0.1941,0.6697,-0.2588,,,,0.0,1.0,3,0,,,
2026-09-16T09:01:59.105703-04:00,2026-09-15,v1.3.3,premarket,0.0,xnys,VRTX,v1.2.1,v1.3.1-shadow,v1.3.1-shadow,8142e595d788ac06,ndx-99-78834e47b659,consolidation_dip,consolidation_dip,10.0,ma60,507.38,,buy_limit_zone,consolidation_dip,ma60,507.38,513.22,507.38,513.22,489.85,5.0,40.0,intraday,initial_stop_or_d40_close,2026-09-16,pullback_limit_inside_ma60_zone,11.0,11.0,0.0,0.0,0.0,0.09,available,bull,16.850000381469727,0.3,0.49,0.2222,1.0,v1.3.1-shadow,open,1,2026-09-16,513.22,,,,0,,,-0.2088,0.2503,-0.3513,,,,0.0,1.0,3,0,,,
2026-09-16T09:01:59.105703-04:00,2026-09-15,v1.3.3,premarket,0.0,xnys,TMUS,v1.2.1,v1.3.1-shadow,v1.3.1-shadow,8142e595d788ac06,ndx-99-78834e47b659,consolidation_dip,consolidation_dip,10.0,ma60,180.5,,buy_stop_reclaim,consolidation_dip,ma60,180.5,180.5,180.5,182.64,174.07,5.0,40.0,intraday,initial_stop_or_d40_close,2026-09-16,price_below_ma60_wait_for_reclaim,10.0,10.0,0.0,0.0,0.0,-0.09,available,bull,16.850000381469727,0.3,0.49,0.2222,1.0,v1.3.1-shadow,completed,1,2026-09-16,180.68,2026-09-16,174.07,initial_stop,0,-1.0,-1.0,,0.0378,-1.1362,,,,0.0,1.0,3,0,,2026-09-16,
2026-09-16T09:01:59.105703-04:00,2026-09-15,v1.3.3,premarket,0.0,xnys,MDLZ,v1.2.1,v1.3.1-shadow,v1.3.1-shadow,8142e595d788ac06,ndx-99-78834e47b659,consolidation_dip,consolidation_dip,10.0,ma60,61.5,,buy_limit_zone,consolidation_dip,ma60,61.5,62.43,61.5,62.43,58.71,5.0,40.0,intraday,initial_stop_or_d40_close,2026-09-16,pullback_limit_inside_ma60_zone,10.0,10.0,0.0,0.0,0.0,0.0,available,bull,16.850000381469727,0.3,0.49,0.2222,1.0,v1.3.1-shadow,open,1,2026-09-16,62.05,,,,0,,,-0.3593,0.2904,-0.4671,,,,0.0,1.0,3,0,,,
2026-09-16T09:01:59.105703-04:00,2026-09-15,v1.3.3,premarket,0.0,xnys,PYPL,v1.2.1,v1.3.1-shadow,v1.3.1-shadow,8142e595d788ac06,ndx-99-78834e47b659,consolidation_dip,consolidation_dip,10.0,ma60,53.89,,buy_stop_reclaim,consolidation_dip,ma60,53.89,53.89,53.89,54.82,51.11,5.0,40.0,intraday,initial_stop_or_d40_close,2026-09-16,price_below_ma60_wait_for_reclaim,10.0,10.0,0.0,0.0,0.0,0.24,available,bull,16.850000381469727,0.3,0.49,0.2222,1.0,v1.3.1-shadow,awaiting_fill,0,,,,,,0,,,,,,,,,0.0,1.0,3,0,,,entry_not_reached
2026-09-16T09:01:59.105703-04:00,2026-09-15,v1.3.3,premarket,0.0,xnys,HON,v1.2.1,v1.3.1-shadow,v1.3.1-shadow,8142e595d788ac06,ndx-99-78834e47b659,oversold_bounce,oversold_bounce,7.0,previous_high,205.22,,buy_stop_reclaim,oversold_bounce,previous_high,205.22,205.66,205.66,206.75,196.88,5.0,40.0,intraday,initial_stop_or_d40_close,2026-09-16,oversold_requires_break_above_signal_bar_high,7.0,7.0,0.0,0.0,0.0,0.56,available,bull,16.850000381469727,0.3,0.49,0.2222,1.0,v1.3.1-shadow,open,1,2026-09-16,205.66,,,,0,,,0.0911,0.5615,-0.1595,,,,0.0,1.0,3,0,,,
2026-09-16T09:01:59.105703-04:00,2026-09-15,v1.3.3,premarket,0.0,xnys,DDOG,v1.2.1,v1.3.1-shadow,v1.3.1-shadow,8142e595d788ac06,ndx-99-78834e47b659,healthy_pullback,healthy_pullback,5.0,ma20,227.03,,buy_limit_zone,healthy_pullback,ma20,227.03,232.72,227.03,232.72,209.95,3.0,40.0,intraday,initial_stop_or_d40_close,2026-09-16,pullback_limit_uses_ma20_anchor,7.0,7.0,0.0,0.0,0.0,-0.69,available,bull,16.850000381469727,0.3,0.49,0.2222,1.0,v1.3.1-shadow,open,1,2026-09-16,229.13,,,,0,,,0.0412,0.5169,-0.1111,,,,0.0,1.0,3,1,2026-09-18,,
2026-09-17T09:01:33.869098-04:00,2026-09-16,v1.3.3,premarket,0.0,xnys,NVDA,v1.2.1,v1.3.1-shadow,v1.3.1-shadow,8142e595d788ac06,ndx-99-78834e47b659,consolidation_dip,consolidation_dip,10.0,ma60,210.55,,buy_limit_zone,consolidation_dip,ma60,210.55,213.98,210.55,213.98,200.25,5.0,40.0,intraday,initial_stop_or_d40_close,2026-09-17,pullback_limit_inside_ma60_zone,13.0,16.0,3.0,0.0,0.0,2.22,available,bull,15.489999771118164,1.29,1.66,0.1818,1.0,v1.3.1-shadow,awaiting_fill,0,,,,,,0,,,,,,,,,0.0,1.0,2,0,,,entry_not_reached
2026-09-17T09:01:33.869098-04:00,2026-09-16,v1.3.3,premarket,0.0,xnys,SNDK,v1.2.1,v1.3.1-shadow,v1.3.1-shadow,8142e595d788ac06,ndx-99-78834e47b659,consolidation_dip,consolidation_dip,10.0,ma60,1585.94,,buy_stop_reclaim,consolidation_dip,ma60,1585.94,1585.94,1585.94,1632.83,1445.28,5.0,40.0,intraday,initial_stop_or_d40_close,2026-09-17,price_below_ma60_wait_for_reclaim,13.0,16.0,3.0,0.0,0.0,3.35,available,bull,15.489999771118164,1.29,1.66,0.1818,1.0,v1.3.1-shadow,open,1,2026-09-17,1585.94,,,,0,,,1.4637,1.5005,-0.1524,,,,0.0,1.0,2,0,,,
2026-09-17T09:01:33.869098-04:00,2026-09-16,v1.3.3,premarket,0.0,xnys,MU,v1.2.1,v1.3.1-shadow,v1.3.1-shadow,8142e595d788ac06,ndx-99-78834e47b659,consolidation_dip,consolidation_dip,10.0,ma60,949.76,,buy_stop_reclaim,consolidation_dip,ma60,949.76,949.76,949.76,971.08,885.8,5.0,40.0,intraday,initial_stop_or_d40_close,2026-09-17,price_below_ma60_wait_for_reclaim,13.0,16.0,3.0,0.0,0.0,2.9,available,bull,15.489999771118164,1.29,1.66,0.1818,1.0,v1.3.1-shadow,open,1,2026-09-17,954.57,,,,0,,,0.8904,0.8997,-0.0156,,,,0.0,1.0,2,0,,,
2026-09-17T09:01:33.869098-04:00,2026-09-16,v1.3.3,premarket,0.0,xnys,DASH,v1.2.1,v1.3.1-shadow,v1.3.1-shadow,8142e595d788ac06,ndx-99-78834e47b659,consolidation_dip,consolidation_dip,10.0,ma60,201.79,,buy_stop_reclaim,consolidation_dip,ma60,201.79,201.79,201.79,205.5,190.66,5.0,40.0,intraday,initial_stop_or_d40_close,2026-09-17,price_below_ma60_wait_for_reclaim,12.0,15.0,3.0,0.0,0.0,1.55,available,bull,15.489999771118164,1.29,1.66,0.1818,1.0,v1.3.1-shadow,awaiting_fill,0,,,,,,0,,,,,,,,,0.0,1.0,2,0,,,entry_not_reached
2026-09-17T09:01:33.869098-04:00,2026-09-16,v1.3.3,premarket,0.0,xnys,SHOP,v1.2.1,v1.3.1-shadow,v1.3.1-shadow,8142e595d788ac06,ndx-99-78834e47b659,consolidation_dip,consolidation_dip,10.0,ma60,132.52,,buy_stop_reclaim,consolidation_dip,ma60,132.52,132.52,132.52,135.41,123.86,5.0,40.0,intraday,initial_stop_or_d40_close,2026-09-17,price_below_ma60_wait_for_reclaim,12.0,15.0,3.0,0.0,0.0,0.42,available,bull,15.489999771118164,1.29,1.66,0.1818,1.0,v1.3.1-shadow,awaiting_fill,0,,,,,,0,,,,,,,,,0.0,1.0,2,0,,,entry_not_reached
2026-09-17T09:01:33.869098-04:00,2026-09-16,v1.3.3,premarket,0.0,xnys,MRVL,v1.2.1,v1.3.1-shadow,v1.3.1-shadow,8142e595d788ac06,ndx-99-78834e47b659,consolidation_dip,consolidation_dip,10.0,ma60,224.39,,buy_limit_zone,consolidation_dip,ma60,224.39,231.34,224.39,231.34,203.53,5.0,40.0,intraday,initial_stop_or_d40_close,2026-09-17,pullback_limit_inside_ma60_zone,12.0,15.0,3.0,0.0,0.0,4.97,available,bull,15.489999771118164,1.29,1.66,0.1818,1.0,v1.3.1-shadow,awaiting_fill,0,,,,,,0,,,,,,,,,0.0,1.0,2,0,,,entry_not_reached
2026-09-17T09:01:33.869098-04:00,2026-09-16,v1.3.3,premarket,0.0,xnys,NFLX,v1.2.1,v1.3.1-shadow,v1.3.1-shadow,8142e595d788ac06,ndx-99-78834e47b659,consolidation_dip,consolidation_dip,10.0,ma60,75.47,,buy_limit_zone,consolidation_dip,ma60,75.47,76.54,75.47,76.54,72.27,5.0,40.0,intraday,initial_stop_or_d40_close,2026-09-17,pullback_limit_inside_ma60_zone,11.0,14.0,3.0,0.0,0.0,0.56,available,bull,15.489999771118164,1.29,1.66,0.1818,1.0,v1.3.1-shadow,completed,1,2026-09-17,76.54,2026-09-18,71.27,gap_through_stop,0,-1.2342,-1.2342,,0.0984,-1.5059,,,,0.0,1.0,2,0,,2026-09-18,
2026-09-17T09:01:33.869098-04:00,2026-09-16,v1.3.3,premarket,0.0,xnys,INTU,v1.2.1,v1.3.1-shadow,v1.3.1-shadow,8142e595d788ac06,ndx-99-78834e47b659,consolidation_dip,consolidation_dip,10.0,ma60,313.34,,buy_limit_zone,consolidation_dip,ma60,313.34,320.53,313.34,320.53,291.77,5.0,40.0,intraday,initial_stop_or_d40_close,2026-09-17,pullback_limit_inside_ma60_zone,11.0,14.0,3.0,0.0,0.0,0.15,available,bull,15.489999771118164,1.29,1.66,0.1818,1.0,v1.3.1-shadow,open,1,2026-09-17,319.17,,,,0,,,-0.5832,0.1712,-0.6752,,,,0.0,1.0,2,0,,,
2026-09-17T09:01:33.869098-04:00,2026-09-16,v1.3.3,premarket,0.0,xnys,AVGO,v1.2.1,v1.3.1-shadow,v1.3.1-shadow,8142e595d788ac06,ndx-99-78834e47b659,oversold_bounce,oversold_bounce,7.0,previous_high,344.15,,buy_stop_reclaim,oversold_bounce,previous_high,344.15,345.19,345.19,347.78,323.96,5.0,40.0,intraday,initial_stop_or_d40_close,2026-09-17,oversold_requires_break_above_signal_bar_high,10.0,13.0,3.0,0.0,1.0,2.53,available,bull,15.489999771118164,1.29,1.66,0.1818,1.0,v1.3.1-shadow,open,1,2026-09-17,346.62,,,,0,,,0.485,0.7352,-0.0578,,,,0.0,1.0,2,0,,,
2026-09-17T09:01:33.869098-04:00,2026-09-16,v1.3.3,premarket,0.0,xnys,WMT,v1.2.1,v1.3.1-shadow,v1.3.1-shadow,8142e595d788ac06,ndx-99-78834e47b659,consolidation_dip,consolidation_dip,10.0,ma60,110.61,,buy_stop_reclaim,consolidation_dip,ma60,110.61,110.61,110.61,112.22,105.77,5.0,40.0,intraday,initial_stop_or_d40_close,2026-09-17,price_below_ma60_wait_for_reclaim,10.0,13.0,3.0,0.0,1.0,0.37,available,bull,15.489999771118164,1.29,1.66,0.1818,1.0,v1.3.1-shadow,awaiting_fill,0,,,,,,0,,,,,,,,,0.0,1.0,2,0,,,entry_not_reached
2026-09-17T09:01:33.869098-04:00,2026-09-16,v1.3.3,premarket,0.0,xnys,MPWR,v1.2.1,v1.3.1-shadow,v1.3.1-shadow,8142e595d788ac06,ndx-99-78834e47b659,oversold_bounce,oversold_bounce,7.0,previous_high,1176.05,,buy_stop_reclaim,oversold_bounce,previous_high,1176.05,1180.29,1180.29,1190.9,1083.94,5.0,40.0,intraday,initial_stop_or_d40_close,2026-09-17,oversold_requires_break_above_signal_bar_high,9.0,12.0,3.0,0.0,0.0,3.35,available,bull,15.489999771118164,1.29,1.66,0.1818,1.0,v1.3.1-shadow,open,1,2026-09-17,1183.15,,,,0,,,0.3493,0.3867,-0.3704,,,,0.0,1.0,2,0,,,
2026-09-17T09:01:33.869098-04:00,2026-09-16,v1.3.3,premarket,0.0,xnys,LITE,v1.2.1,v1.3.1-shadow,v1.3.1-shadow,8142e595d788ac06,ndx-99-78834e47b659,healthy_pullback,healthy_pullback,5.0,ma20,894.3,,buy_limit_zone,healthy_pullback,ma20,894.3,925.99,894.3,925.99,799.24,3.0,40.0,intraday,initial_stop_or_d40_close,2026-09-17,pullback_limit_uses_ma20_anchor,8.0,11.0,3.0,0.0,0.0,3.06,available,bull,15.489999771118164,1.29,1.66,0.1818,1.0,v1.3.1-shadow,open,1,2026-09-17,925.99,,,,0,,,0.0388,0.2021,-0.3147,,,,0.0,1.0,2,0,,,
2026-09-17T09:01:33.869098-04:00,2026-09-16,v1.3.3,premarket,0.0,xnys,CDNS,v1.2.1,v1.3.1-shadow,v1.3.1-shadow,8142e595d788ac06,ndx-99-78834e47b659,oversold_bounce,oversold_bounce,7.0,previous_high,282.0,,buy_stop_reclaim,oversold_bounce,previous_high,282.0,283.09,283.09,285.8,263.62,5.0,40.0,intraday,initial_stop_or_d40_close,2026-09-17,oversold_requires_break_above_signal_bar_high,8.0,11.0,3.0,0.0,0.0,1.39,available,bull,15.489999771118164,1.29,1.66,0.1818,1.0,v1.3.1-shadow,open,1,2026-09-17,285.55,,,,0,,,-0.1208,0.0,-0.3306,,,,0.0,1.0,2,0,,,
2026-09-17T09:01:33.869098-04:00,2026-09-16,v1.3.3,premarket,0.0,xnys,KDP,v1.2.1,v1.3.1-shadow,v1.3.1-shadow,8142e595d788ac06,ndx-99-78834e47b659,healthy_pullback,healthy_pullback,5.0,ma60,31.35,,buy_limit_zone,healthy_pullback,ma60,31.35,31.68,31.35,31.68,30.37,3.0,40.0,intraday,initial_stop_or_d40_close,2026-09-17,pullback_limit_uses_ma60_anchor,8.0,11.0,3.0,0.0,0.0,-0.82,available,bull,15.489999771118164,1.29,1.66,0.1818,1.0,v1.3.1-shadow,open,1,2026-09-17,31.68,,,,0,,,-0.5496,0.229,-0.7023,,,,0.0,1.0,2,0,,,
2026-09-17T09:01:33.869098-04:00,2026-09-16,v1.3.3,premarket,0.0,xnys,TSLA,v1.2.1,v1.3.1-shadow,v1.3.1-shadow,8142e595d788ac06,ndx-99-78834e47b659,consolidation_dip,consolidation_dip,10.0,ma60,359.47,,buy_stop_reclaim,consolidation_dip,ma60,359.47,359.47,359.47,366.15,339.42,5.0,40.0,intraday,initial_stop_or_d40_close,2026-09-17,price_below_ma60_wait_for_reclaim,11.0,11.0,0.0,0.0,0.0,1.88,available,bull,15.489999771118164,1.29,1.66,0.1818,1.0,v1.3.1-shadow,open,1,2026-09-17,367.48,,,,0,,,-0.1144,0.2366,-0.2398,,,,0.0,1.0,2,0,,,
2026-09-17T09:01:33.869098-04:00,2026-09-16,v1.3.3,premarket,0.0,xnys,GOOGL,v1.2.1,v1.3.1-shadow,v1.3.1-shadow,8142e595d788ac06,ndx-99-78834e47b659,consolidation_dip,consolidation_dip,10.0,ma60,347.16,,buy_stop_reclaim,consolidation_dip,ma60,347.16,347.16,347.16,350.86,336.05,5.0,40.0,intraday,initial_stop_or_d40_close,2026-09-17,price_below_ma60_wait_for_reclaim,11.0,11.0,0.0,0.0,0.0,1.61,available,bull,15.489999771118164,1.29,1.66,0.1818,1.0,v1.3.1-shadow,open,1,2026-09-17,348.68,,,,0,,,0.0681,0.8519,-0.3793,,,,0.0,1.0,2,0,,,
2026-09-17T09:01:33.869098-04:00,2026-09-16,v1.3.3,premarket,0.0,xnys,VRTX,v1.2.1,v1.3.1-shadow,v1.3.1-shadow,8142e595d788ac06,ndx-99-78834e47b659,consolidation_dip,consolidation_dip,10.0,ma60,508.16,,buy_limit_zone,consolidation_dip,ma60,508.16,513.54,508.16,513.54,492.02,5.0,40.0,intraday,initial_stop_or_d40_close,2026-09-17,pullback_limit_inside_ma60_zone,11.0,11.0,0.0,0.0,0.0,0.93,available,bull,15.489999771118164,1.29,1.66,0.1818,1.0,v1.3.1-shadow,open,1,2026-09-17,513.54,,,,0,,,-0.2416,0.257,-0.3964,,,,0.0,1.0,2,0,,,
2026-09-17T09:01:33.869098-04:00,2026-09-16,v1.3.3,premarket,0.0,xnys,BKNG,v1.2.1,v1.3.1-shadow,v1.3.1-shadow,8142e595d788ac06,ndx-99-78834e47b659,oversold_bounce,oversold_bounce,7.0,previous_high,173.69,,buy_stop_reclaim,oversold_bounce,previous_high,173.69,174.32,174.32,175.9,161.93,5.0,40.0,intraday,initial_stop_or_d40_close,2026-09-17,oversold_requires_break_above_signal_bar_high,7.0,10.0,3.0,0.0,0.0,2.09,available,bull,15.489999771118164,1.29,1.66,0.1818,1.0,v1.3.1-shadow,awaiting_fill,0,,,,,,0,,,,,,,,,0.0,1.0,2,0,,,entry_not_reached
2026-09-17T09:01:33.869098-04:00,2026-09-16,v1.3.3,premarket,0.0,xnys,PYPL,v1.2.1,v1.3.1-shadow,v1.3.1-shadow,8142e595d788ac06,ndx-99-78834e47b659,consolidation_dip,consolidation_dip,10.0,ma60,54.06,,buy_stop_reclaim,consolidation_dip,ma60,54.06,54.06,54.06,54.99,51.26,5.0,40.0,intraday,initial_stop_or_d40_close,2026-09-17,price_below_ma60_wait_for_reclaim,10.0,10.0,0.0,0.0,0.0,0.42,available,bull,15.489999771118164,1.29,1.66,0.1818,1.0,v1.3.1-shadow,awaiting_fill,0,,,,,,0,,,,,,,,,0.0,1.0,2,0,,,entry_not_reached
2026-09-17T09:01:33.869098-04:00,2026-09-16,v1.3.3,premarket,0.0,xnys,DDOG,v1.2.1,v1.3.1-shadow,v1.3.1-shadow,8142e595d788ac06,ndx-99-78834e47b659,healthy_pullback,healthy_pullback,5.0,ma20,226.27,,buy_limit_zone,healthy_pullback,ma20,226.27,231.84,226.27,231.84,209.55,3.0,40.0,intraday,initial_stop_or_d40_close,2026-09-17,pullback_limit_uses_ma20_anchor,7.0,10.0,3.0,0.0,0.0,0.29,available,bull,15.489999771118164,1.29,1.66,0.1818,1.0,v1.3.1-shadow,open,1,2026-09-17,229.62,,,,0,,,0.0149,0.4696,-0.1124,,,,0.0,1.0,2,0,,,
2026-09-17T09:01:33.869098-04:00,2026-09-16,v1.3.3,premarket,0.0,xnys,FER,v1.2.1,v1.3.1-shadow,v1.3.1-shadow,8142e595d788ac06,ndx-99-78834e47b659,oversold_bounce,oversold_bounce,7.0,previous_high,55.55,,buy_stop_reclaim,oversold_bounce,previous_high,55.55,55.72,55.72,56.13,52.64,5.0,40.0,intraday,initial_stop_or_d40_close,2026-09-17,oversold_requires_break_above_signal_bar_high,8.0,8.0,0.0,0.0,0.0,0.33,available,bull,15.489999771118164,1.29,1.66,0.1818,1.0,v1.3.1-shadow,awaiting_fill,0,,,,,,0,,,,,,,,,0.0,1.0,2,0,,,entry_not_reached
2026-09-17T09:01:33.869098-04:00,2026-09-16,v1.3.3,premarket,0.0,xnys,ISRG,v1.2.1,v1.3.1-shadow,v1.3.1-shadow,8142e595d788ac06,ndx-99-78834e47b659,healthy_pullback,healthy_pullback,5.0,ma60,380.43,,buy_limit_zone,healthy_pullback,ma60,380.43,386.35,380.43,386.35,362.68,3.0,40.0,intraday,initial_stop_or_d40_close,2026-09-17,pullback_limit_uses_ma60_anchor,6.0,6.0,0.0,0.0,0.0,1.18,available,bull,15.489999771118164,1.29,1.66,0.1818,1.0,v1.3.1-shadow,open,1,2026-09-17,385.57,,,,0,,,0.339,0.408,-0.3185,,,,0.0,1.0,2,0,,,
2026-09-18T09:01:38.127468-04:00,2026-09-17,v1.3.3,premarket,0.0,xnys,SNDK,v1.2.1,v1.3.1-shadow,v1.3.1-shadow,8142e595d788ac06,ndx-99-78834e47b659,consolidation_dip,consolidation_dip,10.0,ma60,1580.12,,buy_limit_zone,consolidation_dip,ma60,1580.12,1627.88,1580.12,1627.88,1436.83,5.0,40.0,intraday,initial_stop_or_d40_close,2026-09-18,pullback_limit_inside_ma60_zone,13.0,16.0,3.0,0.0,0.0,0.22,available,bull,15.510000228881836,-0.29,0.12,0.2727,1.0,v1.3.1-shadow,open,1,2026-09-18,1625.2,,,,0,,,0.8845,0.912,-0.0488,,,,0.0,1.0,1,0,,,
2026-09-18T09:01:38.127468-04:00,2026-09-17,v1.3.3,premarket,0.0,xnys,MU,v1.2.1,v1.3.1-shadow,v1.3.1-shadow,8142e595d788ac06,ndx-99-78834e47b659,consolidation_dip,consolidation_dip,10.0,ma60,948.52,,buy_limit_zone,consolidation_dip,ma60,948.52,970.34,948.52,970.34,883.05,5.0,40.0,intraday,initial_stop_or_d40_close,2026-09-18,pullback_limit_inside_ma60_zone,13.0,16.0,3.0,0.0,0.0,0.16,available,bull,15.510000228881836,-0.29,0.12,0.2727,1.0,v1.3.1-shadow,awaiting_fill,0,,,,,,0,,,,,,,,,0.0,1.0,1,0,,,entry_not_reached
2026-09-18T09:01:38.127468-04:00,2026-09-17,v1.3.3,premarket,0.0,xnys,DDOG,v1.2.1,v1.3.1-shadow,v1.3.1-shadow,8142e595d788ac06,ndx-99-78834e47b659,consolidation_dip,consolidation_dip,10.0,ma60,245.18,,buy_stop_reclaim,consolidation_dip,ma60,245.18,245.18,245.18,250.83,228.22,5.0,40.0,intraday,initial_stop_or_d40_close,2026-09-18,price_below_ma60_wait_for_reclaim,12.0,15.0,3.0,0.0,0.0,0.73,available,bull,15.510000228881836,-0.29,0.12,0.2727,1.0,v1.3.1-shadow,awaiting_fill,0,,,,,,0,,,,,,,,,0.0,1.0,1,0,,,entry_not_reached
2026-09-18T09:01:38.127468-04:00,2026-09-17,v1.3.3,premarket,0.0,xnys,ADSK,v1.2.1,v1.3.1-shadow,v1.3.1-shadow,8142e595d788ac06,ndx-99-78834e47b659,consolidation_dip,consolidation_dip,10.0,ma60,227.55,,buy_stop_reclaim,consolidation_dip,ma60,227.55,227.55,227.55,232.55,212.56,5.0,40.0,intraday,initial_stop_or_d40_close,2026-09-18,price_below_ma60_wait_for_reclaim,11.0,14.0,3.0,0.0,0.0,0.16,available,bull,15.510000228881836,-0.29,0.12,0.2727,1.0,v1.3.1-shadow,awaiting_fill,0,,,,,,0,,,,,,,,,0.0,1.0,1,0,,,entry_not_reached
2026-09-18T09:01:38.127468-04:00,2026-09-17,v1.3.3,premarket,0.0,xnys,AMZN,v1.2.1,v1.3.1-shadow,v1.3.1-shadow,8142e595d788ac06,ndx-99-78834e47b659,consolidation_dip,consolidation_dip,10.0,ma60,252.93,,buy_stop_reclaim,consolidation_dip,ma60,252.93,252.93,252.93,255.76,244.45,5.0,40.0,intraday,initial_stop_or_d40_close,2026-09-18,price_below_ma60_wait_for_reclaim,11.0,14.0,3.0,0.0,0.0,0.29,available,bull,15.510000228881836,-0.29,0.12,0.2727,1.0,v1.3.1-shadow,open,1,2026-09-18,252.93,,,,0,,,0.092,0.2948,-0.1238,,,,0.0,1.0,1,0,,,
2026-09-18T09:01:38.127468-04:00,2026-09-17,v1.3.3,premarket,0.0,xnys,GOOGL,v1.2.1,v1.3.1-shadow,v1.3.1-shadow,8142e595d788ac06,ndx-99-78834e47b659,consolidation_dip,consolidation_dip,10.0,ma60,347.18,,buy_limit_zone,consolidation_dip,ma60,347.18,350.9,347.18,350.9,336.03,5.0,40.0,intraday,initial_stop_or_d40_close,2026-09-18,pullback_limit_inside_ma60_zone,11.0,14.0,3.0,0.0,0.0,2.17,available,bull,15.510000228881836,-0.29,0.12,0.2727,1.0,v1.3.1-shadow,open,1,2026-09-18,350.9,,,,0,,,-0.0915,0.5743,-0.1648,,,,0.0,1.0,1,0,,,
2026-09-18T09:01:38.127468-04:00,2026-09-17,v1.3.3,premarket,0.0,xnys,CDNS,v1.2.1,v1.3.1-shadow,v1.3.1-shadow,8142e595d788ac06,ndx-99-78834e47b659,oversold_bounce,oversold_bounce,7.0,previous_high,285.55,,buy_stop_reclaim,oversold_bounce,previous_high,285.55,286.64,286.64,289.36,264.42,5.0,40.0,intraday,initial_stop_or_d40_close,2026-09-18,oversold_requires_break_above_signal_bar_high,8.0,11.0,3.0,0.0,1.0,0.28,available,bull,15.510000228881836,-0.29,0.12,0.2727,1.0,v1.3.1-shadow,awaiting_fill,0,,,,,,0,,,,,,,,,0.0,1.0,1,0,,,entry_not_reached
2026-09-18T09:01:38.127468-04:00,2026-09-17,v1.3.3,premarket,0.0,xnys,FAST,v1.2.1,v1.3.1-shadow,v1.3.1-shadow,8142e595d788ac06,ndx-99-78834e47b659,consolidation_dip,consolidation_dip,10.0,ma60,48.58,,buy_limit_zone,consolidation_dip,ma60,48.58,49.09,48.58,49.09,47.04,5.0,40.0,intraday,initial_stop_or_d40_close,2026-09-18,pullback_limit_inside_ma60_zone,11.0,11.0,0.0,0.0,0.0,0.08,available,bull,15.510000228881836,-0.29,0.12,0.2727,1.0,v1.3.1-shadow,open,1,2026-09-18,49.06,,,,0,,,-0.0248,0.1139,-0.2426,,,,0.0,1.0,1,0,,,
2026-09-18T09:01:38.127468-04:00,2026-09-17,v1.3.3,premarket,0.0,xnys,VRTX,v1.2.1,v1.3.1-shadow,v1.3.1-shadow,8142e595d788ac06,ndx-99-78834e47b659,consolidation_dip,consolidation_dip,10.0,ma60,508.96,,buy_limit_zone,consolidation_dip,ma60,508.96,514.28,508.96,514.28,492.99,5.0,40.0,intraday,initial_stop_or_d40_close,2026-09-18,pullback_limit_inside_ma60_zone,11.0,11.0,0.0,0.0,0.0,-0.14,available,bull,15.510000228881836,-0.29,0.12,0.2727,1.0,v1.3.1-shadow,open,1,2026-09-18,514.28,,,,0,,,-0.279,0.1794,-0.4354,,,,0.0,1.0,1,0,,,
2026-09-18T09:01:38.127468-04:00,2026-09-17,v1.3.3,premarket,0.0,xnys,ROP,v1.2.1,v1.3.1-shadow,v1.3.1-shadow,8142e595d788ac06,ndx-99-78834e47b659,consolidation_dip,consolidation_dip,10.0,ma60,382.53,,buy_stop_reclaim,consolidation_dip,ma60,382.53,382.53,382.53,387.42,367.85,5.0,40.0,intraday,initial_stop_or_d40_close,2026-09-18,price_below_ma60_wait_for_reclaim,10.0,10.0,0.0,0.0,0.0,,stale_quote,bull,15.510000228881836,-0.29,0.12,0.2727,1.0,v1.3.1-shadow,awaiting_fill,0,,,,,,0,,,,,,,,,0.0,1.0,1,0,,,entry_not_reached
2026-09-18T09:01:38.127468-04:00,2026-09-17,v1.3.3,premarket,0.0,xnys,TRI,v1.2.1,v1.3.1-shadow,v1.3.1-shadow,8142e595d788ac06,ndx-99-78834e47b659,consolidation_dip,consolidation_dip,10.0,ma60,97.45,,buy_limit_zone,consolidation_dip,ma60,97.45,99.43,97.45,99.43,91.52,5.0,40.0,intraday,initial_stop_or_d40_close,2026-09-18,pullback_limit_inside_ma60_zone,10.0,10.0,0.0,0.0,0.0,-0.11,available,bull,15.510000228881836,-0.29,0.12,0.2727,1.0,v1.3.1-shadow,open,1,2026-09-18,99.43,,,,0,,,-0.6372,0.0847,-0.7105,,,,0.0,1.0,1,0,,,
2026-09-18T09:01:38.127468-04:00,2026-09-17,v1.3.3,premarket,0.0,xnys,PYPL,v1.2.1,v1.3.1-shadow,v1.3.1-shadow,8142e595d788ac06,ndx-99-78834e47b659,consolidation_dip,consolidation_dip,10.0,ma60,54.25,,buy_stop_reclaim,consolidation_dip,ma60,54.25,54.25,54.25,55.15,51.55,5.0,40.0,intraday,initial_stop_or_d40_close,2026-09-18,price_below_ma60_wait_for_reclaim,10.0,10.0,0.0,0.0,0.0,-0.13,available,bull,15.510000228881836,-0.29,0.12,0.2727,1.0,v1.3.1-shadow,awaiting_fill,0,,,,,,0,,,,,,,,,0.0,1.0,1,0,,,entry_not_reached
2026-09-18T09:01:38.127468-04:00,2026-09-17,v1.3.3,premarket,0.0,xnys,FANG,v1.2.1,v1.3.1-shadow,v1.3.1-shadow,8142e595d788ac06,ndx-99-78834e47b659,healthy_pullback,healthy_pullback,5.0,ma60,195.15,,buy_limit_zone,healthy_pullback,ma60,195.15,198.47,195.15,198.47,185.2,3.0,40.0,intraday,initial_stop_or_d40_close,2026-09-18,pullback_limit_uses_ma60_anchor,8.0,8.0,0.0,0.0,0.0,-0.27,available,bull,15.510000228881836,-0.29,0.12,0.2727,1.0,v1.3.1-shadow,open,1,2026-09-18,196.94,,,,0,,,-0.385,0.0,-0.4242,,,,0.0,1.0,1,0,,,
2026-09-18T09:01:38.127468-04:00,2026-09-17,v1.3.3,premarket,0.0,xnys,ADBE,v1.2.1,v1.3.1-shadow,v1.3.1-shadow,8142e595d788ac06,ndx-99-78834e47b659,healthy_pullback,healthy_pullback,5.0,ma60,247.87,,buy_limit_zone,healthy_pullback,ma60,247.87,252.88,247.87,252.88,232.83,3.0,40.0,intraday,initial_stop_or_d40_close,2026-09-18,pullback_limit_uses_ma60_anchor,6.0,9.0,3.0,1.0,0.0,-0.19,available,bull,15.510000228881836,-0.29,0.12,0.2727,1.0,v1.3.1-shadow,open,1,2026-09-18,251.58,,,,0,,,-0.1419,0.0581,-0.2331,,,,0.0,1.0,1,0,,,
2026-09-18T09:01:38.127468-04:00,2026-09-17,v1.3.3,premarket,0.0,xnys,ODFL,v1.2.1,v1.3.1-shadow,v1.3.1-shadow,8142e595d788ac06,ndx-99-78834e47b659,oversold_bounce,oversold_bounce,7.0,previous_high,178.79,,buy_stop_reclaim,oversold_bounce,previous_high,178.79,179.38,179.38,180.86,166.2,5.0,40.0,intraday,initial_stop_or_d40_close,2026-09-18,oversold_requires_break_above_signal_bar_high,8.0,8.0,0.0,0.0,0.0,-0.33,available,bull,15.510000228881836,-0.29,0.12,0.2727,1.0,v1.3.1-shadow,awaiting_fill,0,,,,,,0,,,,,,,,,0.0,1.0,1,0,,,entry_not_reached
2026-09-18T09:01:38.127468-04:00,2026-09-17,v1.3.3,premarket,0.0,xnys,AMAT,v1.2.1,v1.3.1-shadow,v1.3.1-shadow,8142e595d788ac06,ndx-99-78834e47b659,oversold_bounce,oversold_bounce,7.0,previous_high,428.54,,buy_stop_reclaim,oversold_bounce,previous_high,428.54,430.24,430.24,434.48,391.95,5.0,40.0,intraday,initial_stop_or_d40_close,2026-09-18,oversold_requires_break_above_signal_bar_high,8.0,8.0,0.0,0.0,0.0,0.14,available,bull,15.510000228881836,-0.29,0.12,0.2727,1.0,v1.3.1-shadow,open,1,2026-09-18,430.24,,,,0,,,0.3742,0.3855,-0.2674,,,,0.0,1.0,1,0,,,
2026-09-18T09:01:38.127468-04:00,2026-09-17,v1.3.3,premarket,0.0,xnys,NVDA,v1.2.1,v1.3.1-shadow,v1.3.1-shadow,8142e595d788ac06,ndx-99-78834e47b659,healthy_pullback,healthy_pullback,5.0,ma20,218.44,,buy_limit_zone,healthy_pullback,ma20,218.44,221.92,218.44,221.92,207.99,3.0,40.0,intraday,initial_stop_or_d40_close,2026-09-18,pullback_limit_uses_ma20_anchor,8.0,8.0,0.0,0.0,0.0,-0.11,available,bull,15.510000228881836,-0.29,0.12,0.2727,1.0,v1.3.1-shadow,open,1,2026-09-18,219.35,,,,0,,,0.257,0.2975,-0.1162,,,,0.0,1.0,1,0,,,
2026-09-18T09:01:38.127468-04:00,2026-09-17,v1.3.3,premarket,0.0,xnys,ISRG,v1.2.1,v1.3.1-shadow,v1.3.1-shadow,8142e595d788ac06,ndx-99-78834e47b659,healthy_pullback,healthy_pullback,5.0,ma60,380.1,,buy_limit_zone,healthy_pullback,ma60,380.1,385.59,380.1,385.59,363.64,3.0,40.0,intraday,initial_stop_or_d40_close,2026-09-18,pullback_limit_uses_ma60_anchor,6.0,6.0,0.0,0.0,0.0,-0.53,available,bull,15.510000228881836,-0.29,0.12,0.2727,1.0,v1.3.1-shadow,open,1,2026-09-18,381.51,,,,0,,,0.6614,0.7499,-0.1125,,,,0.0,1.0,1,0,,,
2026-09-18T09:01:38.127468-04:00,2026-09-17,v1.3.3,premarket,0.0,xnys,CSCO,v1.2.1,v1.3.1-shadow,v1.3.1-shadow,8142e595d788ac06,ndx-99-78834e47b659,healthy_pullback,healthy_pullback,5.0,ma20,110.01,,buy_limit_zone,healthy_pullback,ma20,110.01,111.17,110.01,111.17,106.53,3.0,40.0,intraday,initial_stop_or_d40_close,2026-09-18,pullback_limit_uses_ma20_anchor,6.0,6.0,0.0,0.0,0.0,-0.02,available,bull,15.510000228881836,-0.29,0.12,0.2727,1.0,v1.3.1-shadow,open,1,2026-09-18,110.35,,,,0,,,-0.2199,0.1204,-0.5916,,,,0.0,1.0,1,0,,,
